pid	L0_clusters	L1_clusters	L2_clusters
0	68	17	5
1	184	50	14
2	68	17	5
3	63	16	5
4	185	51	14
5	58	15	5
6	64	16	5
7	65	17	5
8	51	13	4
9	52	13	4
10	51	13	4
11	63	16	5
12	172	47	13
13	192	53	14
14	51	13	4
15	51	13	4
16	135	38	10
17	185	51	14
18	51	13	4
19	51	13	4
20	185	51	14
21	51	13	4
22	63	16	5
23	186	51	14
24	51	13	4
25	51	13	4
26	179	49	13
27	188	51	14
28	63	16	5
29	63	16	5
30	112	31	8
31	68	17	5
32	62	16	5
33	113	31	8
34	62	16	5
35	51	13	4
36	67	17	5
37	49	12	4
38	54	14	4
39	62	16	5
40	62	16	5
41	62	16	5
42	64	16	5
43	62	16	5
44	62	16	5
45	62	16	5
46	62	16	5
47	111	30	8
48	62	16	5
49	110	30	8
50	54	14	4
51	110	30	8
52	17	3	1
53	62	16	5
54	64	16	5
55	62	16	5
56	68	17	5
57	108	30	8
58	62	16	5
59	107	29	8
60	51	13	4
61	68	17	5
62	51	13	4
63	68	17	5
64	104	29	8
65	54	14	4
66	107	29	8
67	107	29	8
68	51	13	4
69	107	29	8
70	267	73	20
71	104	29	8
72	62	16	5
73	51	13	4
74	104	29	8
75	104	29	8
76	65	17	5
77	121	34	9
78	108	30	8
79	51	13	4
80	52	13	4
81	51	13	4
82	104	29	8
83	107	29	8
84	62	16	5
85	62	16	5
86	104	29	8
87	62	16	5
88	62	16	5
89	104	29	8
90	62	16	5
91	104	29	8
92	51	13	4
93	64	16	5
94	64	16	5
95	104	29	8
96	104	29	8
97	64	16	5
98	51	13	4
99	104	29	8
100	51	13	4
101	104	29	8
102	104	29	8
103	51	13	4
104	51	13	4
105	64	16	5
106	104	29	8
107	64	16	5
108	104	29	8
109	104	29	8
110	71	18	5
111	112	31	8
112	104	29	8
113	64	16	5
114	51	13	4
115	61	16	5
116	67	17	5
117	51	13	4
118	113	31	8
119	112	31	8
120	67	17	5
121	51	13	4
122	112	31	8
123	67	17	5
124	51	13	4
125	54	14	4
126	51	13	4
127	67	17	5
128	54	14	4
129	67	17	5
130	51	13	4
131	51	13	4
132	108	30	8
133	182	50	14
134	67	17	5
135	182	50	14
136	67	17	5
137	61	16	5
138	132	36	9
139	51	13	4
140	185	51	14
141	104	29	8
142	62	16	5
143	104	29	8
144	48	12	4
145	61	16	5
146	51	13	4
147	51	13	4
148	56	14	4
149	107	29	8
150	51	13	4
151	112	31	8
152	52	13	4
153	66	17	5
154	109	30	8
155	112	31	8
156	106	29	8
157	105	29	8
158	124	34	9
159	106	29	8
160	105	29	8
161	106	29	8
162	104	29	8
163	64	16	5
164	64	16	5
165	106	29	8
166	113	31	8
167	106	29	8
168	106	29	8
169	51	13	4
170	51	13	4
171	106	29	8
172	106	29	8
173	63	16	5
174	48	12	4
175	106	29	8
176	106	29	8
177	63	16	5
178	112	31	8
179	106	29	8
180	63	16	5
181	64	16	5
182	64	16	5
183	64	16	5
184	64	16	5
185	104	29	8
186	104	29	8
187	104	29	8
188	194	53	14
189	52	13	4
190	51	13	4
191	52	13	4
192	114	31	8
193	52	13	4
194	67	17	5
195	52	13	4
196	51	13	4
197	52	13	4
198	112	31	8
199	52	13	4
200	62	16	5
201	67	17	5
202	104	29	8
203	54	14	4
204	104	29	8
205	46	12	4
206	52	13	4
207	52	13	4
208	104	29	8
209	52	13	4
210	52	13	4
211	62	16	5
212	64	16	5
213	67	17	5
214	62	16	5
215	104	29	8
216	62	16	5
217	192	53	14
218	62	16	5
219	104	29	8
220	104	29	8
221	63	16	5
222	62	16	5
223	185	51	14
224	104	29	8
225	104	29	8
226	61	16	5
227	104	29	8
228	62	16	5
229	104	29	8
230	78	21	6
231	104	29	8
232	107	29	8
233	108	30	8
234	82	22	6
235	104	29	8
236	104	29	8
237	104	29	8
238	139	38	10
239	104	29	8
240	67	17	5
241	106	29	8
242	104	29	8
243	108	30	8
244	51	13	4
245	113	31	8
246	104	29	8
247	107	29	8
248	113	31	8
249	49	12	4
250	51	13	4
251	112	31	8
252	104	29	8
253	108	30	8
254	108	30	8
255	104	29	8
256	112	31	8
257	192	53	14
258	106	29	8
259	63	16	5
260	106	29	8
261	106	29	8
262	72	19	6
263	105	29	8
264	113	31	8
265	64	16	5
266	64	16	5
267	106	29	8
268	66	17	5
269	210	57	15
270	106	29	8
271	210	57	15
272	49	12	4
273	105	29	8
274	106	29	8
275	106	29	8
276	107	29	8
277	51	13	4
278	51	13	4
279	64	16	5
280	157	43	12
281	64	16	5
282	106	29	8
283	63	16	5
284	112	31	8
285	64	16	5
286	63	16	5
287	51	13	4
288	64	16	5
289	240	66	18
290	104	29	8
291	61	16	5
292	104	29	8
293	61	16	5
294	104	29	8
295	51	13	4
296	104	29	8
297	68	17	5
298	104	29	8
299	291	79	22
300	104	29	8
301	104	29	8
302	104	29	8
303	104	29	8
304	104	29	8
305	66	17	5
306	104	29	8
307	104	29	8
308	64	16	5
309	66	17	5
310	112	31	8
311	291	79	22
312	104	29	8
313	52	13	4
314	112	31	8
315	114	31	8
316	104	29	8
317	67	17	5
318	104	29	8
319	68	17	5
320	64	16	5
321	54	14	4
322	64	16	5
323	132	36	9
324	67	17	5
325	51	13	4
326	64	16	5
327	63	16	5
328	63	16	5
329	63	16	5
330	63	16	5
331	63	16	5
332	63	16	5
333	63	16	5
334	121	34	9
335	63	16	5
336	63	16	5
337	113	31	8
338	63	16	5
339	106	29	8
340	63	16	5
341	63	16	5
342	108	30	8
343	63	16	5
344	63	16	5
345	63	16	5
346	63	16	5
347	63	16	5
348	63	16	5
349	63	16	5
350	63	16	5
351	63	16	5
352	63	16	5
353	111	30	8
354	63	16	5
355	109	30	8
356	192	53	14
357	64	16	5
358	109	30	8
359	47	12	4
360	109	30	8
361	192	53	14
362	63	16	5
363	109	30	8
364	63	16	5
365	63	16	5
366	109	30	8
367	63	16	5
368	112	31	8
369	109	30	8
370	109	30	8
371	63	16	5
372	109	30	8
373	109	30	8
374	192	53	14
375	111	30	8
376	63	16	5
377	146	40	11
378	109	30	8
379	112	31	8
380	63	16	5
381	146	40	11
382	111	30	8
383	109	30	8
384	108	30	8
385	145	40	11
386	109	30	8
387	63	16	5
388	109	30	8
389	64	16	5
390	111	30	8
391	111	30	8
392	68	17	5
393	111	30	8
394	109	30	8
395	111	30	8
396	109	30	8
397	109	30	8
398	47	12	4
399	146	40	11
400	63	16	5
401	109	30	8
402	109	30	8
403	65	17	5
404	64	16	5
405	108	30	8
406	64	16	5
407	104	29	8
408	108	30	8
409	58	15	5
410	104	29	8
411	64	16	5
412	52	13	4
413	99	27	8
414	108	30	8
415	64	16	5
416	265	73	20
417	64	16	5
418	68	17	5
419	50	12	4
420	138	38	10
421	50	12	4
422	128	35	9
423	50	12	4
424	50	12	4
425	50	12	4
426	50	12	4
427	50	12	4
428	50	12	4
429	50	12	4
430	50	12	4
431	50	12	4
432	50	12	4
433	50	12	4
434	50	12	4
435	50	12	4
436	50	12	4
437	50	12	4
438	50	12	4
439	50	12	4
440	50	12	4
441	50	12	4
442	50	12	4
443	50	12	4
444	50	12	4
445	138	38	10
446	50	12	4
447	50	12	4
448	109	30	8
449	110	30	8
450	62	16	5
451	111	30	8
452	63	16	5
453	110	30	8
454	62	16	5
455	110	30	8
456	62	16	5
457	104	29	8
458	63	16	5
459	110	30	8
460	109	30	8
461	110	30	8
462	100	27	8
463	63	16	5
464	108	30	8
465	62	16	5
466	62	16	5
467	109	30	8
468	110	30	8
469	110	30	8
470	109	30	8
471	120	33	9
472	113	31	8
473	108	30	8
474	104	29	8
475	62	16	5
476	110	30	8
477	62	16	5
478	266	73	20
479	104	29	8
480	109	30	8
481	107	29	8
482	107	29	8
483	263	72	20
484	111	30	8
485	149	41	11
486	62	16	5
487	67	17	5
488	110	30	8
489	110	30	8
490	62	16	5
491	112	31	8
492	19	4	2
493	110	30	8
494	64	16	5
495	61	16	5
496	64	16	5
497	64	16	5
498	110	30	8
499	110	30	8
500	109	30	8
501	64	16	5
502	63	16	5
503	68	17	5
504	110	30	8
505	62	16	5
506	76	20	6
507	263	72	20
508	62	16	5
509	64	16	5
510	109	30	8
511	109	30	8
512	52	13	4
513	62	16	5
514	54	14	4
515	62	16	5
516	67	17	5
517	62	16	5
518	63	16	5
519	62	16	5
520	104	29	8
521	62	16	5
522	61	16	5
523	61	16	5
524	64	16	5
525	104	29	8
526	109	30	8
527	104	29	8
528	209	57	15
529	51	13	4
530	63	16	5
531	104	29	8
532	62	16	5
533	61	16	5
534	62	16	5
535	62	16	5
536	63	16	5
537	62	16	5
538	70	18	5
539	62	16	5
540	68	17	5
541	68	17	5
542	68	17	5
543	107	29	8
544	68	17	5
545	121	34	9
546	68	17	5
547	106	29	8
548	122	34	9
549	66	17	5
550	49	12	4
551	68	17	5
552	66	17	5
553	66	17	5
554	68	17	5
555	49	12	4
556	71	18	5
557	68	17	5
558	68	17	5
559	68	17	5
560	68	17	5
561	68	17	5
562	46	12	4
563	71	18	5
564	61	16	5
565	61	16	5
566	61	16	5
567	104	29	8
568	50	12	4
569	61	16	5
570	45	12	4
571	62	16	5
572	61	16	5
573	113	31	8
574	112	31	8
575	109	30	8
576	61	16	5
577	62	16	5
578	62	16	5
579	61	16	5
580	61	16	5
581	61	16	5
582	61	16	5
583	61	16	5
584	133	37	10
585	112	31	8
586	61	16	5
587	128	35	9
588	111	30	8
589	61	16	5
590	45	12	4
591	61	16	5
592	111	30	8
593	49	12	4
594	68	17	5
595	62	16	5
596	109	30	8
597	60	15	5
598	64	16	5
599	64	16	5
600	61	16	5
601	100	27	8
602	61	16	5
603	67	17	5
604	62	16	5
605	54	14	4
606	64	16	5
607	64	16	5
608	61	16	5
609	68	17	5
610	64	16	5
611	64	16	5
612	64	16	5
613	62	16	5
614	178	48	13
615	109	30	8
616	68	17	5
617	106	29	8
618	61	16	5
619	62	16	5
620	104	29	8
621	62	16	5
622	63	16	5
623	112	31	8
624	109	30	8
625	104	29	8
626	68	17	5
627	110	30	8
628	104	29	8
629	132	36	9
630	23	5	2
631	82	22	6
632	10	2	1
633	111	30	8
634	65	17	5
635	123	34	9
636	111	30	8
637	109	30	8
638	110	30	8
639	111	30	8
640	61	16	5
641	123	34	9
642	61	16	5
643	61	16	5
644	61	16	5
645	61	16	5
646	111	30	8
647	62	16	5
648	62	16	5
649	111	30	8
650	50	12	4
651	111	30	8
652	110	30	8
653	62	16	5
654	61	16	5
655	110	30	8
656	111	30	8
657	68	17	5
658	61	16	5
659	114	31	8
660	109	30	8
661	111	30	8
662	114	31	8
663	109	30	8
664	108	30	8
665	111	30	8
666	111	30	8
667	111	30	8
668	62	16	5
669	111	30	8
670	110	30	8
671	111	30	8
672	111	30	8
673	63	16	5
674	111	30	8
675	111	30	8
676	110	30	8
677	10	2	1
678	111	30	8
679	111	30	8
680	100	27	8
681	59	15	5
682	100	27	8
683	108	30	8
684	100	27	8
685	100	27	8
686	100	27	8
687	100	27	8
688	289	78	22
689	113	31	8
690	100	27	8
691	100	27	8
692	99	27	8
693	290	78	22
694	100	27	8
695	100	27	8
696	100	27	8
697	290	78	22
698	100	27	8
699	100	27	8
700	100	27	8
701	100	27	8
702	100	27	8
703	113	31	8
704	113	31	8
705	100	27	8
706	113	31	8
707	100	27	8
708	100	27	8
709	100	27	8
710	66	17	5
711	82	22	6
712	82	22	6
713	66	17	5
714	66	17	5
715	68	17	5
716	155	43	12
717	66	17	5
718	264	72	20
719	66	17	5
720	120	33	9
721	66	17	5
722	122	34	9
723	45	12	4
724	101	28	8
725	68	17	5
726	49	12	4
727	66	17	5
728	193	53	14
729	54	14	4
730	66	17	5
731	66	17	5
732	186	51	14
733	49	12	4
734	66	17	5
735	123	34	9
736	10	2	1
737	66	17	5
738	46	12	4
739	186	51	14
740	46	12	4
741	66	17	5
742	46	12	4
743	186	51	14
744	133	37	10
745	46	12	4
746	65	17	5
747	46	12	4
748	46	12	4
749	123	34	9
750	46	12	4
751	109	30	8
752	66	17	5
753	123	34	9
754	46	12	4
755	46	12	4
756	7	2	1
757	46	12	4
758	7	2	1
759	46	12	4
760	123	34	9
761	103	28	8
762	46	12	4
763	263	72	20
764	123	34	9
765	50	12	4
766	50	12	4
767	50	12	4
768	50	12	4
769	50	12	4
770	50	12	4
771	50	12	4
772	50	12	4
773	50	12	4
774	263	72	20
775	60	15	5
776	119	33	9
777	50	12	4
778	50	12	4
779	128	35	9
780	119	33	9
781	50	12	4
782	50	12	4
783	50	12	4
784	120	33	9
785	50	12	4
786	50	12	4
787	50	12	4
788	186	51	14
789	50	12	4
790	50	12	4
791	116	32	9
792	50	12	4
793	50	12	4
794	50	12	4
795	66	17	5
796	54	14	4
797	66	17	5
798	54	14	4
799	67	17	5
800	66	17	5
801	66	17	5
802	182	50	14
803	66	17	5
804	54	14	4
805	182	50	14
806	66	17	5
807	182	50	14
808	66	17	5
809	54	14	4
810	133	37	10
811	66	17	5
812	75	20	6
813	66	17	5
814	68	17	5
815	273	75	21
816	104	29	8
817	119	33	9
818	136	38	10
819	264	72	20
820	101	28	8
821	46	12	4
822	46	12	4
823	116	32	9
824	121	34	9
825	46	12	4
826	117	32	9
827	294	79	22
828	46	12	4
829	46	12	4
830	101	28	8
831	46	12	4
832	106	29	8
833	184	50	14
834	46	12	4
835	46	12	4
836	46	12	4
837	46	12	4
838	46	12	4
839	101	28	8
840	46	12	4
841	117	32	9
842	46	12	4
843	46	12	4
844	46	12	4
845	68	17	5
846	46	12	4
847	46	12	4
848	116	32	9
849	46	12	4
850	101	28	8
851	134	37	10
852	46	12	4
853	46	12	4
854	101	28	8
855	46	12	4
856	186	51	14
857	116	32	9
858	119	33	9
859	49	12	4
860	119	33	9
861	152	42	11
862	69	18	5
863	66	17	5
864	123	34	9
865	116	32	9
866	66	17	5
867	77	20	6
868	120	33	9
869	120	33	9
870	48	12	4
871	152	42	11
872	119	33	9
873	127	35	9
874	66	17	5
875	66	17	5
876	66	17	5
877	68	17	5
878	66	17	5
879	69	18	5
880	71	18	5
881	119	33	9
882	68	17	5
883	50	12	4
884	66	17	5
885	49	12	4
886	66	17	5
887	100	27	8
888	68	17	5
889	68	17	5
890	68	17	5
891	116	32	9
892	59	15	5
893	50	12	4
894	68	17	5
895	138	38	10
896	66	17	5
897	68	17	5
898	186	51	14
899	71	18	5
900	60	15	5
901	65	17	5
902	66	17	5
903	66	17	5
904	133	37	10
905	49	12	4
906	64	16	5
907	186	51	14
908	68	17	5
909	123	34	9
910	66	17	5
911	186	51	14
912	123	34	9
913	66	17	5
914	66	17	5
915	49	12	4
916	7	2	1
917	50	12	4
918	119	33	9
919	68	17	5
920	66	17	5
921	66	17	5
922	50	12	4
923	50	12	4
924	66	17	5
925	186	51	14
926	68	17	5
927	50	12	4
928	275	75	21
929	46	12	4
930	46	12	4
931	152	42	11
932	175	47	13
933	195	53	14
934	119	33	9
935	152	42	11
936	152	42	11
937	195	53	14
938	152	42	11
939	152	42	11
940	175	47	13
941	152	42	11
942	190	52	14
943	247	68	18
944	154	42	11
945	152	42	11
946	175	47	13
947	147	41	11
948	175	47	13
949	152	42	11
950	152	42	11
951	191	52	14
952	152	42	11
953	150	42	11
954	154	42	11
955	152	42	11
956	119	33	9
957	139	38	10
958	109	30	8
959	69	18	5
960	68	17	5
961	68	17	5
962	70	18	5
963	65	17	5
964	62	16	5
965	66	17	5
966	119	33	9
967	68	17	5
968	71	18	5
969	68	17	5
970	68	17	5
971	68	17	5
972	122	34	9
973	66	17	5
974	50	12	4
975	68	17	5
976	67	17	5
977	65	17	5
978	116	32	9
979	68	17	5
980	49	12	4
981	67	17	5
982	175	47	13
983	89	24	7
984	48	12	4
985	48	12	4
986	128	35	9
987	48	12	4
988	89	24	7
989	48	12	4
990	48	12	4
991	124	34	9
992	124	34	9
993	167	46	12
994	138	38	10
995	83	22	6
996	72	19	6
997	138	38	10
998	123	34	9
999	263	72	20
1000	223	61	16
1001	49	12	4
1002	191	52	14
1003	238	65	17
1004	232	64	17
1005	115	31	8
1006	77	20	6
1007	223	61	16
1008	191	52	14
1009	232	64	17
1010	120	33	9
1011	103	28	8
1012	238	65	17
1013	52	13	4
1014	120	33	9
1015	116	32	9
1016	119	33	9
1017	48	12	4
1018	184	50	14
1019	67	17	5
1020	123	34	9
1021	192	53	14
1022	109	30	8
1023	64	16	5
1024	85	23	7
1025	119	33	9
1026	184	50	14
1027	120	33	9
1028	142	39	11
1029	267	73	20
1030	78	21	6
1031	151	42	11
1032	67	17	5
1033	247	68	18
1034	143	40	11
1035	154	42	11
1036	184	50	14
1037	122	34	9
1038	232	64	17
1039	116	32	9
1040	119	33	9
1041	233	64	17
1042	147	41	11
1043	122	34	9
1044	119	33	9
1045	121	34	9
1046	68	17	5
1047	122	34	9
1048	66	17	5
1049	122	34	9
1050	116	32	9
1051	50	12	4
1052	119	33	9
1053	122	34	9
1054	100	27	8
1055	147	41	11
1056	120	33	9
1057	119	33	9
1058	58	15	5
1059	47	12	4
1060	119	33	9
1061	52	13	4
1062	47	12	4
1063	147	41	11
1064	58	15	5
1065	127	35	9
1066	55	14	4
1067	55	14	4
1068	58	15	5
1069	53	14	4
1070	48	12	4
1071	58	15	5
1072	116	32	9
1073	263	72	20
1074	51	13	4
1075	58	15	5
1076	128	35	9
1077	58	15	5
1078	70	18	5
1079	50	12	4
1080	48	12	4
1081	116	32	9
1082	116	32	9
1083	26	6	2
1084	69	18	5
1085	70	18	5
1086	70	18	5
1087	263	72	20
1088	116	32	9
1089	48	12	4
1090	263	72	20
1091	70	18	5
1092	61	16	5
1093	50	12	4
1094	48	12	4
1095	48	12	4
1096	127	35	9
1097	103	28	8
1098	126	35	9
1099	126	35	9
1100	116	32	9
1101	48	12	4
1102	48	12	4
1103	71	18	5
1104	295	80	22
1105	127	35	9
1106	48	12	4
1107	127	35	9
1108	127	35	9
1109	48	12	4
1110	127	35	9
1111	50	12	4
1112	75	20	6
1113	48	12	4
1114	127	35	9
1115	48	12	4
1116	48	12	4
1117	127	35	9
1118	127	35	9
1119	127	35	9
1120	48	12	4
1121	51	13	4
1122	58	15	5
1123	68	17	5
1124	126	35	9
1125	65	17	5
1126	216	58	15
1127	65	17	5
1128	70	18	5
1129	116	32	9
1130	65	17	5
1131	65	17	5
1132	185	51	14
1133	116	32	9
1134	68	17	5
1135	70	18	5
1136	185	51	14
1137	65	17	5
1138	126	35	9
1139	68	17	5
1140	70	18	5
1141	50	12	4
1142	66	17	5
1143	193	53	14
1144	185	51	14
1145	263	72	20
1146	65	17	5
1147	65	17	5
1148	190	52	14
1149	16	3	1
1150	65	17	5
1151	48	12	4
1152	116	32	9
1153	48	12	4
1154	128	35	9
1155	249	68	18
1156	48	12	4
1157	48	12	4
1158	48	12	4
1159	48	12	4
1160	127	35	9
1161	126	35	9
1162	130	36	9
1163	128	35	9
1164	48	12	4
1165	48	12	4
1166	48	12	4
1167	48	12	4
1168	127	35	9
1169	127	35	9
1170	48	12	4
1171	190	52	14
1172	48	12	4
1173	130	36	9
1174	126	35	9
1175	130	36	9
1176	127	35	9
1177	48	12	4
1178	50	12	4
1179	48	12	4
1180	48	12	4
1181	127	35	9
1182	195	53	14
1183	83	22	6
1184	127	35	9
1185	249	68	18
1186	127	35	9
1187	195	53	14
1188	62	16	5
1189	116	32	9
1190	112	31	8
1191	108	30	8
1192	113	31	8
1193	52	13	4
1194	104	29	8
1195	108	30	8
1196	108	30	8
1197	107	29	8
1198	113	31	8
1199	113	31	8
1200	52	13	4
1201	52	13	4
1202	52	13	4
1203	108	30	8
1204	194	53	14
1205	112	31	8
1206	113	31	8
1207	184	50	14
1208	133	37	10
1209	52	13	4
1210	113	31	8
1211	52	13	4
1212	108	30	8
1213	52	13	4
1214	108	30	8
1215	108	30	8
1216	112	31	8
1217	146	40	11
1218	52	13	4
1219	54	14	4
1220	100	27	8
1221	52	13	4
1222	52	13	4
1223	62	16	5
1224	156	43	12
1225	52	13	4
1226	113	31	8
1227	52	13	4
1228	62	16	5
1229	54	14	4
1230	105	29	8
1231	52	13	4
1232	108	30	8
1233	52	13	4
1234	154	42	11
1235	156	43	12
1236	63	16	5
1237	51	13	4
1238	52	13	4
1239	108	30	8
1240	51	13	4
1241	54	14	4
1242	72	19	6
1243	64	16	5
1244	184	50	14
1245	52	13	4
1246	184	50	14
1247	52	13	4
1248	52	13	4
1249	45	12	4
1250	63	16	5
1251	72	19	6
1252	182	50	14
1253	47	12	4
1254	144	40	11
1255	76	20	6
1256	184	50	14
1257	45	12	4
1258	110	30	8
1259	52	13	4
1260	63	16	5
1261	112	31	8
1262	61	16	5
1263	52	13	4
1264	245	67	18
1265	77	20	6
1266	284	77	21
1267	45	12	4
1268	46	12	4
1269	46	12	4
1270	156	43	12
1271	138	38	10
1272	122	34	9
1273	46	12	4
1274	184	50	14
1275	53	14	4
1276	293	79	22
1277	182	50	14
1278	182	50	14
1279	182	50	14
1280	53	14	4
1281	138	38	10
1282	53	14	4
1283	53	14	4
1284	46	12	4
1285	53	14	4
1286	291	79	22
1287	184	50	14
1288	182	50	14
1289	155	43	12
1290	156	43	12
1291	182	50	14
1292	291	79	22
1293	50	12	4
1294	46	12	4
1295	46	12	4
1296	116	32	9
1297	108	30	8
1298	143	40	11
1299	120	33	9
1300	266	73	20
1301	134	37	10
1302	46	12	4
1303	116	32	9
1304	101	28	8
1305	104	29	8
1306	116	32	9
1307	51	13	4
1308	116	32	9
1309	120	33	9
1310	50	12	4
1311	46	12	4
1312	64	16	5
1313	109	30	8
1314	116	32	9
1315	263	72	20
1316	66	17	5
1317	184	50	14
1318	174	47	13
1319	183	50	14
1320	169	46	12
1321	193	53	14
1322	184	50	14
1323	193	53	14
1324	282	76	21
1325	184	50	14
1326	170	46	12
1327	184	50	14
1328	188	51	14
1329	195	53	14
1330	175	47	13
1331	151	42	11
1332	165	45	12
1333	184	50	14
1334	184	50	14
1335	46	12	4
1336	184	50	14
1337	182	50	14
1338	184	50	14
1339	156	43	12
1340	46	12	4
1341	101	28	8
1342	182	50	14
1343	184	50	14
1344	184	50	14
1345	184	50	14
1346	117	32	9
1347	46	12	4
1348	182	50	14
1349	184	50	14
1350	183	50	14
1351	182	50	14
1352	184	50	14
1353	184	50	14
1354	137	38	10
1355	182	50	14
1356	182	50	14
1357	67	17	5
1358	21	5	2
1359	59	15	5
1360	67	17	5
1361	92	25	7
1362	67	17	5
1363	299	81	22
1364	67	17	5
1365	67	17	5
1366	59	15	5
1367	67	17	5
1368	103	28	8
1369	67	17	5
1370	129	36	9
1371	67	17	5
1372	67	17	5
1373	59	15	5
1374	105	29	8
1375	94	25	7
1376	262	72	20
1377	48	12	4
1378	263	72	20
1379	67	17	5
1380	17	3	1
1381	67	17	5
1382	263	72	20
1383	113	31	8
1384	73	19	6
1385	70	18	5
1386	262	72	20
1387	86	23	7
1388	60	15	5
1389	55	14	4
1390	81	22	6
1391	103	28	8
1392	60	15	5
1393	69	18	5
1394	109	30	8
1395	263	72	20
1396	263	72	20
1397	60	15	5
1398	103	28	8
1399	263	72	20
1400	103	28	8
1401	263	72	20
1402	55	14	4
1403	45	12	4
1404	55	14	4
1405	55	14	4
1406	60	15	5
1407	58	15	5
1408	81	22	6
1409	263	72	20
1410	81	22	6
1411	60	15	5
1412	81	22	6
1413	79	21	6
1414	81	22	6
1415	75	20	6
1416	60	15	5
1417	81	22	6
1418	60	15	5
1419	263	72	20
1420	60	15	5
1421	60	15	5
1422	154	42	11
1423	81	22	6
1424	60	15	5
1425	56	14	4
1426	60	15	5
1427	60	15	5
1428	81	22	6
1429	263	72	20
1430	60	15	5
1431	193	53	14
1432	81	22	6
1433	81	22	6
1434	81	22	6
1435	13	3	1
1436	60	15	5
1437	68	17	5
1438	80	21	6
1439	75	20	6
1440	80	21	6
1441	80	21	6
1442	13	3	1
1443	80	21	6
1444	4	1	1
1445	80	21	6
1446	263	72	20
1447	68	17	5
1448	76	20	6
1449	6	1	1
1450	192	53	14
1451	80	21	6
1452	214	58	15
1453	6	1	1
1454	80	21	6
1455	13	3	1
1456	80	21	6
1457	81	22	6
1458	6	1	1
1459	80	21	6
1460	6	1	1
1461	80	21	6
1462	13	3	1
1463	144	40	11
1464	80	21	6
1465	80	21	6
1466	80	21	6
1467	61	16	5
1468	76	20	6
1469	80	21	6
1470	275	75	21
1471	49	12	4
1472	68	17	5
1473	82	22	6
1474	68	17	5
1475	68	17	5
1476	6	1	1
1477	68	17	5
1478	68	17	5
1479	149	41	11
1480	80	21	6
1481	76	20	6
1482	68	17	5
1483	209	57	15
1484	80	21	6
1485	60	15	5
1486	13	3	1
1487	80	21	6
1488	68	17	5
1489	80	21	6
1490	68	17	5
1491	105	29	8
1492	48	12	4
1493	10	2	1
1494	77	20	6
1495	106	29	8
1496	13	3	1
1497	233	64	17
1498	77	20	6
1499	15	3	1
1500	78	21	6
1501	100	27	8
1502	10	2	1
1503	118	32	9
1504	10	2	1
1505	68	17	5
1506	68	17	5
1507	124	34	9
1508	80	21	6
1509	80	21	6
1510	80	21	6
1511	50	12	4
1512	80	21	6
1513	68	17	5
1514	80	21	6
1515	102	28	8
1516	102	28	8
1517	102	28	8
1518	102	28	8
1519	102	28	8
1520	59	15	5
1521	102	28	8
1522	102	28	8
1523	92	25	7
1524	102	28	8
1525	102	28	8
1526	102	28	8
1527	102	28	8
1528	59	15	5
1529	102	28	8
1530	102	28	8
1531	102	28	8
1532	102	28	8
1533	102	28	8
1534	102	28	8
1535	102	28	8
1536	59	15	5
1537	102	28	8
1538	100	27	8
1539	81	22	6
1540	102	28	8
1541	102	28	8
1542	102	28	8
1543	59	15	5
1544	102	28	8
1545	118	32	9
1546	79	21	6
1547	290	78	22
1548	79	21	6
1549	79	21	6
1550	79	21	6
1551	79	21	6
1552	13	3	1
1553	60	15	5
1554	79	21	6
1555	79	21	6
1556	79	21	6
1557	79	21	6
1558	79	21	6
1559	13	3	1
1560	79	21	6
1561	60	15	5
1562	79	21	6
1563	83	22	6
1564	79	21	6
1565	79	21	6
1566	79	21	6
1567	79	21	6
1568	79	21	6
1569	188	51	14
1570	188	51	14
1571	188	51	14
1572	194	53	14
1573	134	37	10
1574	188	51	14
1575	188	51	14
1576	188	51	14
1577	188	51	14
1578	188	51	14
1579	188	51	14
1580	59	15	5
1581	263	72	20
1582	56	14	4
1583	195	53	14
1584	13	3	1
1585	188	51	14
1586	188	51	14
1587	60	15	5
1588	194	53	14
1589	188	51	14
1590	188	51	14
1591	194	53	14
1592	188	51	14
1593	188	51	14
1594	188	51	14
1595	194	53	14
1596	188	51	14
1597	188	51	14
1598	194	53	14
1599	106	29	8
1600	103	28	8
1601	79	21	6
1602	103	28	8
1603	46	12	4
1604	103	28	8
1605	53	14	4
1606	46	12	4
1607	103	28	8
1608	102	28	8
1609	103	28	8
1610	10	2	1
1611	103	28	8
1612	103	28	8
1613	46	12	4
1614	53	14	4
1615	298	81	22
1616	14	3	1
1617	46	12	4
1618	46	12	4
1619	17	3	1
1620	53	14	4
1621	46	12	4
1622	46	12	4
1623	46	12	4
1624	46	12	4
1625	46	12	4
1626	46	12	4
1627	103	28	8
1628	103	28	8
1629	46	12	4
1630	210	57	15
1631	7	2	1
1632	7	2	1
1633	7	2	1
1634	99	27	8
1635	46	12	4
1636	46	12	4
1637	150	42	11
1638	7	2	1
1639	54	14	4
1640	239	65	17
1641	210	57	15
1642	121	34	9
1643	46	12	4
1644	46	12	4
1645	203	55	15
1646	7	2	1
1647	263	72	20
1648	46	12	4
1649	46	12	4
1650	46	12	4
1651	10	2	1
1652	210	57	15
1653	54	14	4
1654	46	12	4
1655	121	34	9
1656	210	57	15
1657	225	61	16
1658	66	17	5
1659	40	10	3
1660	161	44	12
1661	283	77	21
1662	124	34	9
1663	14	3	1
1664	263	72	20
1665	45	12	4
1666	178	48	13
1667	91	24	7
1668	26	6	2
1669	62	16	5
1670	45	12	4
1671	263	72	20
1672	40	10	3
1673	283	77	21
1674	283	77	21
1675	72	19	6
1676	178	48	13
1677	66	17	5
1678	64	16	5
1679	161	44	12
1680	9	2	1
1681	261	72	20
1682	262	72	20
1683	40	10	3
1684	156	43	12
1685	188	51	14
1686	178	48	13
1687	178	48	13
1688	21	5	2
1689	17	3	1
1690	10	2	1
1691	63	16	5
1692	12	2	1
1693	7	2	1
1694	97	26	7
1695	12	2	1
1696	59	15	5
1697	77	20	6
1698	135	38	10
1699	105	29	8
1700	105	29	8
1701	105	29	8
1702	10	2	1
1703	77	20	6
1704	194	53	14
1705	59	15	5
1706	10	2	1
1707	117	32	9
1708	17	3	1
1709	47	12	4
1710	12	2	1
1711	107	29	8
1712	68	17	5
1713	263	72	20
1714	134	37	10
1715	12	2	1
1716	12	2	1
1717	12	2	1
1718	78	21	6
1719	30	7	2
1720	78	21	6
1721	103	28	8
1722	12	2	1
1723	289	78	22
1724	78	21	6
1725	59	15	5
1726	66	17	5
1727	66	17	5
1728	261	72	20
1729	66	17	5
1730	78	21	6
1731	9	2	1
1732	67	17	5
1733	40	10	3
1734	102	28	8
1735	40	10	3
1736	263	72	20
1737	40	10	3
1738	40	10	3
1739	9	2	1
1740	59	15	5
1741	2	1	1
1742	100	27	8
1743	261	72	20
1744	100	27	8
1745	66	17	5
1746	261	72	20
1747	9	2	1
1748	2	1	1
1749	9	2	1
1750	72	19	6
1751	67	17	5
1752	261	72	20
1753	40	10	3
1754	261	72	20
1755	261	72	20
1756	261	72	20
1757	261	72	20
1758	261	72	20
1759	261	72	20
1760	43	11	3
1761	261	72	20
1762	43	11	3
1763	43	11	3
1764	72	19	6
1765	261	72	20
1766	261	72	20
1767	78	21	6
1768	43	11	3
1769	72	19	6
1770	261	72	20
1771	66	17	5
1772	162	44	12
1773	72	19	6
1774	57	15	5
1775	9	2	1
1776	9	2	1
1777	43	11	3
1778	43	11	3
1779	43	11	3
1780	75	20	6
1781	57	15	5
1782	9	2	1
1783	60	15	5
1784	121	34	9
1785	78	21	6
1786	12	2	1
1787	66	17	5
1788	12	2	1
1789	12	2	1
1790	66	17	5
1791	60	15	5
1792	109	30	8
1793	12	2	1
1794	161	44	12
1795	99	27	8
1796	66	17	5
1797	161	44	12
1798	286	77	21
1799	96	26	7
1800	52	13	4
1801	66	17	5
1802	72	19	6
1803	37	9	3
1804	52	13	4
1805	38	9	3
1806	286	77	21
1807	286	77	21
1808	188	51	14
1809	37	9	3
1810	279	76	21
1811	300	81	22
1812	36	9	3
1813	161	44	12
1814	45	12	4
1815	161	44	12
1816	206	56	15
1817	263	72	20
1818	45	12	4
1819	216	58	15
1820	14	3	1
1821	90	24	7
1822	45	12	4
1823	143	40	11
1824	45	12	4
1825	143	40	11
1826	45	12	4
1827	14	3	1
1828	206	56	15
1829	45	12	4
1830	86	23	7
1831	161	44	12
1832	161	44	12
1833	206	56	15
1834	45	12	4
1835	45	12	4
1836	45	12	4
1837	216	58	15
1838	76	20	6
1839	216	58	15
1840	50	12	4
1841	45	12	4
1842	45	12	4
1843	65	17	5
1844	78	21	6
1845	65	17	5
1846	45	12	4
1847	45	12	4
1848	216	58	15
1849	65	17	5
1850	216	58	15
1851	192	53	14
1852	216	58	15
1853	216	58	15
1854	213	58	15
1855	213	58	15
1856	35	8	3
1857	283	77	21
1858	129	36	9
1859	50	12	4
1860	281	76	21
1861	211	57	15
1862	195	53	14
1863	208	57	15
1864	281	76	21
1865	25	6	2
1866	232	64	17
1867	208	57	15
1868	211	57	15
1869	211	57	15
1870	30	7	2
1871	66	17	5
1872	284	77	21
1873	41	11	3
1874	25	6	2
1875	281	76	21
1876	129	36	9
1877	214	58	15
1878	214	58	15
1879	297	81	22
1880	106	29	8
1881	263	72	20
1882	263	72	20
1883	209	57	15
1884	188	51	14
1885	281	76	21
1886	72	19	6
1887	216	58	15
1888	72	19	6
1889	214	58	15
1890	64	16	5
1891	216	58	15
1892	64	16	5
1893	283	77	21
1894	188	51	14
1895	203	55	15
1896	203	55	15
1897	186	51	14
1898	216	58	15
1899	186	51	14
1900	216	58	15
1901	214	58	15
1902	214	58	15
1903	229	63	17
1904	214	58	15
1905	52	13	4
1906	216	58	15
1907	186	51	14
1908	186	51	14
1909	186	51	14
1910	214	58	15
1911	186	51	14
1912	216	58	15
1913	216	58	15
1914	186	51	14
1915	216	58	15
1916	216	58	15
1917	186	51	14
1918	209	57	15
1919	195	53	14
1920	188	51	14
1921	216	58	15
1922	54	14	4
1923	66	17	5
1924	26	6	2
1925	207	56	15
1926	60	15	5
1927	26	6	2
1928	60	15	5
1929	26	6	2
1930	60	15	5
1931	26	6	2
1932	15	3	1
1933	34	8	3
1934	284	77	21
1935	284	77	21
1936	15	3	1
1937	157	43	12
1938	212	57	15
1939	213	58	15
1940	34	8	3
1941	283	77	21
1942	49	12	4
1943	240	66	18
1944	212	57	15
1945	15	3	1
1946	34	8	3
1947	157	43	12
1948	211	57	15
1949	106	29	8
1950	283	77	21
1951	283	77	21
1952	284	77	21
1953	212	57	15
1954	157	43	12
1955	212	57	15
1956	212	57	15
1957	34	8	3
1958	157	43	12
1959	240	66	18
1960	215	58	15
1961	214	58	15
1962	204	56	15
1963	215	58	15
1964	35	8	3
1965	215	58	15
1966	215	58	15
1967	215	58	15
1968	162	44	12
1969	215	58	15
1970	215	58	15
1971	35	8	3
1972	215	58	15
1973	215	58	15
1974	215	58	15
1975	215	58	15
1976	215	58	15
1977	215	58	15
1978	215	58	15
1979	215	58	15
1980	215	58	15
1981	263	72	20
1982	215	58	15
1983	162	44	12
1984	263	72	20
1985	215	58	15
1986	215	58	15
1987	215	58	15
1988	215	58	15
1989	283	77	21
1990	155	43	12
1991	45	12	4
1992	54	14	4
1993	13	3	1
1994	208	57	15
1995	236	65	17
1996	236	65	17
1997	129	36	9
1998	45	12	4
1999	231	63	17
2000	214	58	15
2001	214	58	15
2002	214	58	15
2003	15	3	1
2004	214	58	15
2005	129	36	9
2006	229	63	17
2007	46	12	4
2008	129	36	9
2009	63	16	5
2010	269	74	20
2011	64	16	5
2012	40	10	3
2013	161	44	12
2014	68	17	5
2015	286	77	21
2016	7	2	1
2017	286	77	21
2018	286	77	21
2019	38	9	3
2020	286	77	21
2021	129	36	9
2022	286	77	21
2023	68	17	5
2024	3	1	1
2025	161	44	12
2026	161	44	12
2027	286	77	21
2028	161	44	12
2029	210	57	15
2030	209	57	15
2031	3	1	1
2032	263	72	20
2033	38	9	3
2034	261	72	20
2035	215	58	15
2036	215	58	15
2037	15	3	1
2038	161	44	12
2039	5	1	1
2040	10	2	1
2041	6	1	1
2042	10	2	1
2043	79	21	6
2044	10	2	1
2045	10	2	1
2046	10	2	1
2047	10	2	1
2048	10	2	1
2049	10	2	1
2050	103	28	8
2051	10	2	1
2052	10	2	1
2053	76	20	6
2054	10	2	1
2055	7	2	1
2056	10	2	1
2057	10	2	1
2058	80	21	6
2059	79	21	6
2060	13	3	1
2061	10	2	1
2062	107	29	8
2063	80	21	6
2064	128	35	9
2065	14	3	1
2066	2	1	1
2067	13	3	1
2068	12	2	1
2069	80	21	6
2070	25	6	2
2071	10	2	1
2072	7	2	1
2073	10	2	1
2074	2	1	1
2075	7	2	1
2076	15	3	1
2077	13	3	1
2078	9	2	1
2079	13	3	1
2080	13	3	1
2081	79	21	6
2082	13	3	1
2083	10	2	1
2084	102	28	8
2085	13	3	1
2086	76	20	6
2087	7	2	1
2088	76	20	6
2089	10	2	1
2090	10	2	1
2091	80	21	6
2092	13	3	1
2093	12	2	1
2094	78	21	6
2095	12	2	1
2096	7	2	1
2097	7	2	1
2098	7	2	1
2099	4	1	1
2100	99	27	8
2101	15	3	1
2102	9	2	1
2103	12	2	1
2104	6	1	1
2105	7	2	1
2106	128	35	9
2107	15	3	1
2108	6	1	1
2109	4	1	1
2110	7	2	1
2111	7	2	1
2112	102	28	8
2113	7	2	1
2114	7	2	1
2115	6	1	1
2116	7	2	1
2117	6	1	1
2118	7	2	1
2119	7	2	1
2120	7	2	1
2121	7	2	1
2122	6	1	1
2123	7	2	1
2124	12	2	1
2125	12	2	1
2126	80	21	6
2127	299	81	22
2128	7	2	1
2129	7	2	1
2130	72	19	6
2131	7	2	1
2132	125	35	9
2133	4	1	1
2134	35	8	3
2135	7	2	1
2136	12	2	1
2137	15	3	1
2138	15	3	1
2139	73	19	6
2140	15	3	1
2141	10	2	1
2142	7	2	1
2143	79	21	6
2144	7	2	1
2145	12	2	1
2146	12	2	1
2147	94	25	7
2148	11	2	1
2149	20	4	2
2150	12	2	1
2151	233	64	17
2152	207	56	15
2153	12	2	1
2154	12	2	1
2155	24	6	2
2156	7	2	1
2157	59	15	5
2158	12	2	1
2159	47	12	4
2160	8	2	1
2161	8	2	1
2162	8	2	1
2163	154	42	11
2164	9	2	1
2165	8	2	1
2166	4	1	1
2167	300	81	22
2168	102	28	8
2169	8	2	1
2170	8	2	1
2171	98	26	7
2172	75	20	6
2173	8	2	1
2174	94	25	7
2175	300	81	22
2176	8	2	1
2177	8	2	1
2178	8	2	1
2179	300	81	22
2180	103	28	8
2181	105	29	8
2182	12	2	1
2183	44	11	3
2184	25	6	2
2185	75	20	6
2186	76	20	6
2187	25	6	2
2188	15	3	1
2189	80	21	6
2190	76	20	6
2191	15	3	1
2192	82	22	6
2193	78	21	6
2194	82	22	6
2195	72	19	6
2196	117	32	9
2197	78	21	6
2198	105	29	8
2199	154	42	11
2200	20	4	2
2201	105	29	8
2202	106	29	8
2203	203	55	15
2204	25	6	2
2205	98	26	7
2206	13	3	1
2207	80	21	6
2208	78	21	6
2209	78	21	6
2210	262	72	20
2211	73	19	6
2212	9	2	1
2213	20	4	2
2214	147	41	11
2215	12	2	1
2216	13	3	1
2217	13	3	1
2218	107	29	8
2219	193	53	14
2220	76	20	6
2221	13	3	1
2222	76	20	6
2223	76	20	6
2224	263	72	20
2225	77	20	6
2226	77	20	6
2227	76	20	6
2228	77	20	6
2229	76	20	6
2230	76	20	6
2231	9	2	1
2232	208	57	15
2233	14	3	1
2234	300	81	22
2235	103	28	8
2236	266	73	20
2237	30	7	2
2238	14	3	1
2239	237	65	17
2240	78	21	6
2241	13	3	1
2242	14	3	1
2243	291	79	22
2244	34	8	3
2245	76	20	6
2246	233	64	17
2247	232	64	17
2248	207	56	15
2249	44	11	3
2250	78	21	6
2251	78	21	6
2252	295	80	22
2253	115	31	8
2254	14	3	1
2255	78	21	6
2256	207	56	15
2257	215	58	15
2258	195	53	14
2259	115	31	8
2260	195	53	14
2261	195	53	14
2262	134	37	10
2263	195	53	14
2264	115	31	8
2265	84	22	6
2266	195	53	14
2267	84	22	6
2268	115	31	8
2269	13	3	1
2270	13	3	1
2271	150	42	11
2272	26	6	2
2273	102	28	8
2274	13	3	1
2275	203	55	15
2276	13	3	1
2277	100	27	8
2278	81	22	6
2279	78	21	6
2280	78	21	6
2281	13	3	1
2282	14	3	1
2283	127	35	9
2284	76	20	6
2285	78	21	6
2286	78	21	6
2287	13	3	1
2288	78	21	6
2289	105	29	8
2290	42	11	3
2291	78	21	6
2292	121	34	9
2293	122	34	9
2294	107	29	8
2295	107	29	8
2296	13	3	1
2297	72	19	6
2298	195	53	14
2299	80	21	6
2300	15	3	1
2301	14	3	1
2302	30	7	2
2303	15	3	1
2304	12	2	1
2305	15	3	1
2306	13	3	1
2307	3	1	1
2308	9	2	1
2309	15	3	1
2310	102	28	8
2311	10	2	1
2312	15	3	1
2313	9	2	1
2314	9	2	1
2315	79	21	6
2316	15	3	1
2317	15	3	1
2318	2	1	1
2319	79	21	6
2320	102	28	8
2321	130	36	9
2322	7	2	1
2323	15	3	1
2324	300	81	22
2325	8	2	1
2326	9	2	1
2327	7	2	1
2328	300	81	22
2329	100	27	8
2330	7	2	1
2331	78	21	6
2332	9	2	1
2333	96	26	7
2334	13	3	1
2335	82	22	6
2336	9	2	1
2337	8	2	1
2338	79	21	6
2339	13	3	1
2340	7	2	1
2341	7	2	1
2342	138	38	10
2343	13	3	1
2344	78	21	6
2345	10	2	1
2346	10	2	1
2347	6	1	1
2348	7	2	1
2349	10	2	1
2350	10	2	1
2351	6	1	1
2352	128	35	9
2353	15	3	1
2354	50	12	4
2355	10	2	1
2356	10	2	1
2357	7	2	1
2358	7	2	1
2359	13	3	1
2360	7	2	1
2361	80	21	6
2362	10	2	1
2363	3	1	1
2364	102	28	8
2365	8	2	1
2366	26	6	2
2367	10	2	1
2368	107	29	8
2369	107	29	8
2370	8	2	1
2371	15	3	1
2372	82	22	6
2373	4	1	1
2374	15	3	1
2375	8	2	1
2376	15	3	1
2377	2	1	1
2378	80	21	6
2379	9	2	1
2380	9	2	1
2381	7	2	1
2382	107	29	8
2383	263	72	20
2384	9	2	1
2385	8	2	1
2386	14	3	1
2387	194	53	14
2388	8	2	1
2389	9	2	1
2390	103	28	8
2391	102	28	8
2392	13	3	1
2393	13	3	1
2394	15	3	1
2395	13	3	1
2396	10	2	1
2397	7	2	1
2398	289	78	22
2399	15	3	1
2400	91	24	7
2401	9	2	1
2402	13	3	1
2403	101	28	8
2404	10	2	1
2405	12	2	1
2406	7	2	1
2407	2	1	1
2408	7	2	1
2409	195	53	14
2410	73	19	6
2411	3	1	1
2412	36	9	3
2413	8	2	1
2414	9	2	1
2415	3	1	1
2416	3	1	1
2417	7	2	1
2418	79	21	6
2419	15	3	1
2420	7	2	1
2421	101	28	8
2422	3	1	1
2423	13	3	1
2424	9	2	1
2425	17	3	1
2426	10	2	1
2427	15	3	1
2428	12	2	1
2429	128	35	9
2430	15	3	1
2431	12	2	1
2432	7	2	1
2433	79	21	6
2434	15	3	1
2435	10	2	1
2436	246	67	18
2437	4	1	1
2438	74	19	6
2439	80	21	6
2440	13	3	1
2441	15	3	1
2442	14	3	1
2443	10	2	1
2444	36	9	3
2445	36	9	3
2446	36	9	3
2447	26	6	2
2448	207	56	15
2449	12	2	1
2450	6	1	1
2451	36	9	3
2452	36	9	3
2453	36	9	3
2454	36	9	3
2455	24	6	2
2456	80	21	6
2457	102	28	8
2458	212	57	15
2459	36	9	3
2460	36	9	3
2461	36	9	3
2462	38	9	3
2463	3	1	1
2464	15	3	1
2465	38	9	3
2466	36	9	3
2467	36	9	3
2468	36	9	3
2469	36	9	3
2470	19	4	2
2471	12	2	1
2472	12	2	1
2473	7	2	1
2474	7	2	1
2475	7	2	1
2476	7	2	1
2477	7	2	1
2478	246	67	18
2479	262	72	20
2480	7	2	1
2481	7	2	1
2482	246	67	18
2483	246	67	18
2484	246	67	18
2485	24	6	2
2486	246	67	18
2487	12	2	1
2488	80	21	6
2489	78	21	6
2490	78	21	6
2491	15	3	1
2492	78	21	6
2493	78	21	6
2494	10	2	1
2495	78	21	6
2496	15	3	1
2497	78	21	6
2498	78	21	6
2499	78	21	6
2500	121	34	9
2501	15	3	1
2502	78	21	6
2503	78	21	6
2504	78	21	6
2505	100	27	8
2506	15	3	1
2507	121	34	9
2508	78	21	6
2509	78	21	6
2510	10	2	1
2511	17	3	1
2512	78	21	6
2513	84	22	6
2514	78	21	6
2515	15	3	1
2516	78	21	6
2517	119	33	9
2518	9	2	1
2519	30	7	2
2520	78	21	6
2521	7	2	1
2522	80	21	6
2523	13	3	1
2524	21	5	2
2525	100	27	8
2526	5	1	1
2527	13	3	1
2528	5	1	1
2529	5	1	1
2530	30	7	2
2531	30	7	2
2532	5	1	1
2533	13	3	1
2534	72	19	6
2535	246	67	18
2536	195	53	14
2537	76	20	6
2538	118	32	9
2539	4	1	1
2540	110	30	8
2541	4	1	1
2542	4	1	1
2543	4	1	1
2544	4	1	1
2545	232	64	17
2546	13	3	1
2547	76	20	6
2548	4	1	1
2549	107	29	8
2550	50	12	4
2551	14	3	1
2552	13	3	1
2553	12	2	1
2554	76	20	6
2555	107	29	8
2556	13	3	1
2557	6	1	1
2558	15	3	1
2559	8	2	1
2560	73	19	6
2561	15	3	1
2562	7	2	1
2563	270	74	20
2564	193	53	14
2565	215	58	15
2566	246	67	18
2567	6	1	1
2568	4	1	1
2569	6	1	1
2570	4	1	1
2571	4	1	1
2572	15	3	1
2573	246	67	18
2574	7	2	1
2575	80	21	6
2576	4	1	1
2577	4	1	1
2578	82	22	6
2579	14	3	1
2580	95	26	7
2581	2	1	1
2582	10	2	1
2583	4	1	1
2584	4	1	1
2585	4	1	1
2586	4	1	1
2587	4	1	1
2588	4	1	1
2589	36	9	3
2590	4	1	1
2591	6	1	1
2592	3	1	1
2593	15	3	1
2594	14	3	1
2595	97	26	7
2596	6	1	1
2597	266	73	20
2598	7	2	1
2599	25	6	2
2600	14	3	1
2601	4	1	1
2602	10	2	1
2603	100	27	8
2604	4	1	1
2605	6	1	1
2606	6	1	1
2607	3	1	1
2608	76	20	6
2609	4	1	1
2610	78	21	6
2611	73	19	6
2612	78	21	6
2613	78	21	6
2614	78	21	6
2615	293	79	22
2616	78	21	6
2617	150	42	11
2618	78	21	6
2619	238	65	17
2620	76	20	6
2621	78	21	6
2622	100	27	8
2623	78	21	6
2624	100	27	8
2625	78	21	6
2626	78	21	6
2627	73	19	6
2628	121	34	9
2629	78	21	6
2630	78	21	6
2631	120	33	9
2632	112	31	8
2633	100	27	8
2634	79	21	6
2635	194	53	14
2636	101	28	8
2637	68	17	5
2638	117	32	9
2639	188	51	14
2640	72	19	6
2641	48	12	4
2642	263	72	20
2643	77	20	6
2644	76	20	6
2645	100	27	8
2646	100	27	8
2647	64	16	5
2648	60	15	5
2649	67	17	5
2650	115	31	8
2651	128	35	9
2652	263	72	20
2653	101	28	8
2654	82	22	6
2655	105	29	8
2656	113	31	8
2657	79	21	6
2658	113	31	8
2659	105	29	8
2660	76	20	6
2661	63	16	5
2662	114	31	8
2663	81	22	6
2664	13	3	1
2665	78	21	6
2666	100	27	8
2667	105	29	8
2668	105	29	8
2669	72	19	6
2670	105	29	8
2671	76	20	6
2672	106	29	8
2673	113	31	8
2674	105	29	8
2675	105	29	8
2676	47	12	4
2677	113	31	8
2678	123	34	9
2679	156	43	12
2680	154	42	11
2681	273	75	21
2682	100	27	8
2683	113	31	8
2684	195	53	14
2685	76	20	6
2686	120	33	9
2687	263	72	20
2688	101	28	8
2689	118	32	9
2690	80	21	6
2691	13	3	1
2692	72	19	6
2693	152	42	11
2694	101	28	8
2695	10	2	1
2696	128	35	9
2697	59	15	5
2698	12	2	1
2699	47	12	4
2700	59	15	5
2701	12	2	1
2702	59	15	5
2703	59	15	5
2704	10	2	1
2705	36	9	3
2706	59	15	5
2707	59	15	5
2708	10	2	1
2709	10	2	1
2710	10	2	1
2711	113	31	8
2712	124	34	9
2713	123	34	9
2714	59	15	5
2715	22	5	2
2716	59	15	5
2717	10	2	1
2718	100	27	8
2719	59	15	5
2720	119	33	9
2721	42	11	3
2722	72	19	6
2723	246	67	18
2724	96	26	7
2725	44	11	3
2726	104	29	8
2727	7	2	1
2728	76	20	6
2729	14	3	1
2730	195	53	14
2731	133	37	10
2732	70	18	5
2733	69	18	5
2734	282	76	21
2735	72	19	6
2736	8	2	1
2737	12	2	1
2738	14	3	1
2739	182	50	14
2740	283	77	21
2741	190	52	14
2742	8	2	1
2743	186	51	14
2744	94	25	7
2745	112	31	8
2746	36	9	3
2747	72	19	6
2748	14	3	1
2749	16	3	1
2750	18	4	2
2751	112	31	8
2752	112	31	8
2753	14	3	1
2754	10	2	1
2755	94	25	7
2756	18	4	2
2757	137	38	10
2758	7	2	1
2759	15	3	1
2760	15	3	1
2761	80	21	6
2762	7	2	1
2763	92	25	7
2764	12	2	1
2765	272	74	20
2766	109	30	8
2767	72	19	6
2768	150	42	11
2769	72	19	6
2770	91	24	7
2771	75	20	6
2772	80	21	6
2773	194	53	14
2774	80	21	6
2775	139	38	10
2776	24	6	2
2777	263	72	20
2778	80	21	6
2779	26	6	2
2780	96	26	7
2781	120	33	9
2782	81	22	6
2783	80	21	6
2784	124	34	9
2785	7	2	1
2786	46	12	4
2787	59	15	5
2788	79	21	6
2789	4	1	1
2790	6	1	1
2791	4	1	1
2792	80	21	6
2793	80	21	6
2794	2	1	1
2795	122	34	9
2796	58	15	5
2797	11	2	1
2798	105	29	8
2799	4	1	1
2800	13	3	1
2801	203	55	15
2802	9	2	1
2803	277	75	21
2804	26	6	2
2805	4	1	1
2806	300	81	22
2807	8	2	1
2808	114	31	8
2809	113	31	8
2810	113	31	8
2811	107	29	8
2812	113	31	8
2813	113	31	8
2814	79	21	6
2815	76	20	6
2816	13	3	1
2817	13	3	1
2818	121	34	9
2819	82	22	6
2820	13	3	1
2821	13	3	1
2822	78	21	6
2823	12	2	1
2824	232	64	17
2825	13	3	1
2826	103	28	8
2827	10	2	1
2828	113	31	8
2829	12	2	1
2830	12	2	1
2831	73	19	6
2832	10	2	1
2833	10	2	1
2834	30	7	2
2835	7	2	1
2836	13	3	1
2837	30	7	2
2838	78	21	6
2839	5	1	1
2840	299	81	22
2841	15	3	1
2842	15	3	1
2843	17	3	1
2844	7	2	1
2845	7	2	1
2846	129	36	9
2847	122	34	9
2848	7	2	1
2849	7	2	1
2850	7	2	1
2851	7	2	1
2852	7	2	1
2853	122	34	9
2854	117	32	9
2855	13	3	1
2856	12	2	1
2857	14	3	1
2858	12	2	1
2859	26	6	2
2860	41	11	3
2861	13	3	1
2862	105	29	8
2863	266	73	20
2864	105	29	8
2865	106	29	8
2866	105	29	8
2867	210	57	15
2868	113	31	8
2869	106	29	8
2870	106	29	8
2871	48	12	4
2872	105	29	8
2873	17	3	1
2874	106	29	8
2875	107	29	8
2876	114	31	8
2877	299	81	22
2878	105	29	8
2879	106	29	8
2880	107	29	8
2881	106	29	8
2882	105	29	8
2883	265	73	20
2884	106	29	8
2885	106	29	8
2886	107	29	8
2887	98	26	7
2888	13	3	1
2889	98	26	7
2890	13	3	1
2891	78	21	6
2892	98	26	7
2893	36	9	3
2894	91	24	7
2895	14	3	1
2896	98	26	7
2897	211	57	15
2898	85	23	7
2899	26	6	2
2900	36	9	3
2901	81	22	6
2902	96	26	7
2903	4	1	1
2904	36	9	3
2905	207	56	15
2906	85	23	7
2907	283	77	21
2908	38	9	3
2909	7	2	1
2910	86	23	7
2911	79	21	6
2912	103	28	8
2913	7	2	1
2914	107	29	8
2915	95	26	7
2916	91	24	7
2917	191	52	14
2918	103	28	8
2919	102	28	8
2920	103	28	8
2921	133	37	10
2922	37	9	3
2923	74	19	6
2924	194	53	14
2925	7	2	1
2926	15	3	1
2927	72	19	6
2928	263	72	20
2929	300	81	22
2930	274	75	21
2931	78	21	6
2932	128	35	9
2933	100	27	8
2934	103	28	8
2935	96	26	7
2936	58	15	5
2937	80	21	6
2938	195	53	14
2939	14	3	1
2940	78	21	6
2941	72	19	6
2942	96	26	7
2943	98	26	7
2944	86	23	7
2945	86	23	7
2946	98	26	7
2947	99	27	8
2948	84	22	6
2949	59	15	5
2950	10	2	1
2951	115	31	8
2952	10	2	1
2953	21	5	2
2954	10	2	1
2955	121	34	9
2956	10	2	1
2957	10	2	1
2958	115	31	8
2959	59	15	5
2960	10	2	1
2961	100	27	8
2962	21	5	2
2963	10	2	1
2964	72	19	6
2965	8	2	1
2966	59	15	5
2967	10	2	1
2968	59	15	5
2969	138	38	10
2970	100	27	8
2971	138	38	10
2972	99	27	8
2973	102	28	8
2974	72	19	6
2975	202	55	15
2976	102	28	8
2977	115	31	8
2978	115	31	8
2979	115	31	8
2980	100	27	8
2981	113	31	8
2982	14	3	1
2983	194	53	14
2984	207	56	15
2985	99	27	8
2986	66	17	5
2987	100	27	8
2988	10	2	1
2989	115	31	8
2990	9	2	1
2991	7	2	1
2992	13	3	1
2993	232	64	17
2994	79	21	6
2995	36	9	3
2996	36	9	3
2997	26	6	2
2998	36	9	3
2999	81	22	6
3000	74	19	6
3001	80	21	6
3002	76	20	6
3003	80	21	6
3004	7	2	1
3005	25	6	2
3006	96	26	7
3007	82	22	6
3008	14	3	1
3009	29	7	2
3010	98	26	7
3011	73	19	6
3012	78	21	6
3013	78	21	6
3014	100	27	8
3015	96	26	7
3016	75	20	6
3017	91	24	7
3018	105	29	8
3019	99	27	8
3020	82	22	6
3021	9	2	1
3022	130	36	9
3023	13	3	1
3024	26	6	2
3025	95	26	7
3026	113	31	8
3027	15	3	1
3028	242	66	18
3029	151	42	11
3030	82	22	6
3031	293	79	22
3032	63	16	5
3033	66	17	5
3034	211	57	15
3035	72	19	6
3036	36	9	3
3037	63	16	5
3038	45	12	4
3039	55	14	4
3040	203	55	15
3041	123	34	9
3042	263	72	20
3043	270	74	20
3044	2	1	1
3045	113	31	8
3046	265	73	20
3048	290	78	22
3049	6	1	1
3050	22	5	2
3051	298	81	22
3052	89	24	7
3053	73	19	6
3054	270	74	20
3055	298	81	22
3056	188	51	14
3057	188	51	14
3058	289	78	22
3059	113	31	8
3060	101	28	8
3061	101	28	8
3062	193	53	14
3063	46	12	4
3064	103	28	8
3065	101	28	8
3066	53	14	4
3067	101	28	8
3068	103	28	8
3069	295	80	22
3070	10	2	1
3071	75	20	6
3072	101	28	8
3073	295	80	22
3074	10	2	1
3075	10	2	1
3076	117	32	9
3077	101	28	8
3078	46	12	4
3079	193	53	14
3080	46	12	4
3081	101	28	8
3082	263	72	20
3083	81	22	6
3084	117	32	9
3085	81	22	6
3086	103	28	8
3087	128	35	9
3088	60	15	5
3089	99	27	8
3090	194	53	14
3091	102	28	8
3092	60	15	5
3093	10	2	1
3094	105	29	8
3095	10	2	1
3096	46	12	4
3097	7	2	1
3098	102	28	8
3099	60	15	5
3100	67	17	5
3101	103	28	8
3102	102	28	8
3103	100	27	8
3104	9	2	1
3105	4	1	1
3106	81	22	6
3107	78	21	6
3108	188	51	14
3109	194	53	14
3110	263	72	20
3111	191	52	14
3112	188	51	14
3113	193	53	14
3114	72	19	6
3115	136	38	10
3116	186	51	14
3117	188	51	14
3118	194	53	14
3119	7	2	1
3120	232	64	17
3121	273	75	21
3122	15	3	1
3123	26	6	2
3124	232	64	17
3125	76	20	6
3126	37	9	3
3127	14	3	1
3128	123	34	9
3129	276	75	21
3130	2	1	1
3131	3	1	1
3132	293	79	22
3133	273	75	21
3134	199	54	15
3135	50	12	4
3136	73	19	6
3137	227	62	17
3138	227	62	17
3139	227	62	17
3140	134	37	10
3141	245	67	18
3142	124	34	9
3143	133	37	10
3144	101	28	8
3145	133	37	10
3146	133	37	10
3147	21	5	2
3148	133	37	10
3149	208	57	15
3150	133	37	10
3151	133	37	10
3152	245	67	18
3153	133	37	10
3154	249	68	18
3155	119	33	9
3156	133	37	10
3157	246	67	18
3158	260	71	19
3159	129	36	9
3160	124	34	9
3161	112	31	8
3162	120	33	9
3163	281	76	21
3164	135	38	10
3165	133	37	10
3166	227	62	17
3167	262	72	20
3168	262	72	20
3169	40	10	3
3170	281	76	21
3171	249	68	18
3172	284	77	21
3173	128	35	9
3174	275	75	21
3175	245	67	18
3176	178	48	13
3177	245	67	18
3178	231	63	17
3179	241	66	18
3180	280	76	21
3181	249	68	18
3182	249	68	18
3183	220	60	16
3184	133	37	10
3185	282	76	21
3186	246	67	18
3187	129	36	9
3188	245	67	18
3189	262	72	20
3190	246	67	18
3191	245	67	18
3192	144	40	11
3193	249	68	18
3194	262	72	20
3195	249	68	18
3196	262	72	20
3197	122	34	9
3198	222	60	16
3199	127	35	9
3200	296	80	22
3201	101	28	8
3202	72	19	6
3203	72	19	6
3204	234	64	17
3205	168	46	12
3206	284	77	21
3207	72	19	6
3208	21	5	2
3209	101	28	8
3210	23	5	2
3211	23	5	2
3212	94	25	7
3213	203	55	15
3214	23	5	2
3215	125	35	9
3216	283	77	21
3217	90	24	7
3218	299	81	22
3219	14	3	1
3220	102	28	8
3221	223	61	16
3222	115	31	8
3223	134	37	10
3224	225	61	16
3225	223	61	16
3226	88	23	7
3227	72	19	6
3228	190	52	14
3229	144	40	11
3230	144	40	11
3231	232	64	17
3232	122	34	9
3233	222	60	16
3234	72	19	6
3235	77	20	6
3236	284	77	21
3237	13	3	1
3238	222	60	16
3239	76	20	6
3240	114	31	8
3241	231	63	17
3242	287	77	21
3243	219	60	16
3244	241	66	18
3245	262	72	20
3246	214	58	15
3247	213	58	15
3248	40	10	3
3249	197	54	15
3250	214	58	15
3251	40	10	3
3252	214	58	15
3253	40	10	3
3254	263	72	20
3255	38	9	3
3256	205	56	15
3257	243	66	18
3258	234	64	17
3259	214	58	15
3260	209	57	15
3261	249	68	18
3262	50	12	4
3263	68	17	5
3264	80	21	6
3265	218	59	16
3266	80	21	6
3267	133	37	10
3268	218	59	16
3269	133	37	10
3270	133	37	10
3271	186	51	14
3272	101	28	8
3273	218	59	16
3274	193	53	14
3275	80	21	6
3276	68	17	5
3277	68	17	5
3278	65	17	5
3279	217	59	16
3280	217	59	16
3281	246	67	18
3282	204	56	15
3283	284	77	21
3284	246	67	18
3285	206	56	15
3286	199	54	15
3287	230	63	17
3288	217	59	16
3289	202	55	15
3290	219	60	16
3291	217	59	16
3292	92	25	7
3293	227	62	17
3294	43	11	3
3295	37	9	3
3296	206	56	15
3297	37	9	3
3298	38	9	3
3299	129	36	9
3300	215	58	15
3301	43	11	3
3302	43	11	3
3303	44	11	3
3304	73	19	6
3305	278	75	21
3306	40	10	3
3307	215	58	15
3308	44	11	3
3309	44	11	3
3310	36	9	3
3311	3	1	1
3312	44	11	3
3313	5	1	1
3314	293	79	22
3315	215	58	15
3316	43	11	3
3317	44	11	3
3318	215	58	15
3319	44	11	3
3320	43	11	3
3321	43	11	3
3322	223	61	16
3323	215	58	15
3324	215	58	15
3325	223	61	16
3326	206	56	15
3327	283	77	21
3328	34	8	3
3329	34	8	3
3330	212	57	15
3331	243	66	18
3332	201	55	15
3333	34	8	3
3334	34	8	3
3335	34	8	3
3336	34	8	3
3337	212	57	15
3338	215	58	15
3339	277	75	21
3340	213	58	15
3341	34	8	3
3342	265	73	20
3343	34	8	3
3344	34	8	3
3345	34	8	3
3346	213	58	15
3347	238	65	17
3348	34	8	3
3349	212	57	15
3350	229	63	17
3351	229	63	17
3352	230	63	17
3353	278	75	21
3354	297	81	22
3355	229	63	17
3356	227	62	17
3357	215	58	15
3358	229	63	17
3359	230	63	17
3360	278	75	21
3361	229	63	17
3362	231	63	17
3363	284	77	21
3364	229	63	17
3365	197	54	15
3366	229	63	17
3367	236	65	17
3368	229	63	17
3369	238	65	17
3370	284	77	21
3371	229	63	17
3372	230	63	17
3373	229	63	17
3374	216	58	15
3375	229	63	17
3376	278	75	21
3377	229	63	17
3378	197	54	15
3379	215	58	15
3380	207	56	15
3381	216	58	15
3382	232	64	17
3383	205	56	15
3384	216	58	15
3385	216	58	15
3386	276	75	21
3387	232	64	17
3388	232	64	17
3389	276	75	21
3390	206	56	15
3391	197	54	15
3392	216	58	15
3393	215	58	15
3394	197	54	15
3395	206	56	15
3396	207	56	15
3397	205	56	15
3398	278	75	21
3399	216	58	15
3400	206	56	15
3401	235	65	17
3402	216	58	15
3403	216	58	15
3404	216	58	15
3405	205	56	15
3406	197	54	15
3407	216	58	15
3408	206	56	15
3409	232	64	17
3410	201	55	15
3411	207	56	15
3412	234	64	17
3413	206	56	15
3414	216	58	15
3415	207	56	15
3416	84	22	6
3417	205	56	15
3418	276	75	21
3419	283	77	21
3420	214	58	15
3421	216	58	15
3422	283	77	21
3423	216	58	15
3424	60	15	5
3425	215	58	15
3426	278	75	21
3427	129	36	9
3428	203	55	15
3429	206	56	15
3430	215	58	15
3431	297	81	22
3432	283	77	21
3433	276	75	21
3434	228	63	17
3435	276	75	21
3436	276	75	21
3437	39	10	3
3438	1	1	1
3439	36	9	3
3440	211	57	15
3441	197	54	15
3442	146	40	11
3443	24	6	2
3444	36	9	3
3445	21	5	2
3446	234	64	17
3447	199	54	15
3448	266	73	20
3449	198	54	15
3450	205	56	15
3451	239	65	17
3452	199	54	15
3453	237	65	17
3454	234	64	17
3455	130	36	9
3456	271	74	20
3457	201	55	15
3458	20	4	2
3459	21	5	2
3460	271	74	20
3461	205	56	15
3462	232	64	17
3463	230	63	17
3464	231	63	17
3465	222	60	16
3466	205	56	15
3467	231	63	17
3468	66	17	5
3469	231	63	17
3470	228	63	17
3471	278	75	21
3472	82	22	6
3473	233	64	17
3474	205	56	15
3475	123	34	9
3476	231	63	17
3477	16	3	1
3478	98	26	7
3479	110	30	8
3480	43	11	3
3481	37	9	3
3482	272	74	20
3483	16	3	1
3484	45	12	4
3485	31	8	3
3486	276	75	21
3487	81	22	6
3488	272	74	20
3489	31	8	3
3490	98	26	7
3491	210	57	15
3492	272	74	20
3493	276	75	21
3494	44	11	3
3495	267	73	20
3496	272	74	20
3497	284	77	21
3498	203	55	15
3499	300	81	22
3500	205	56	15
3501	197	54	15
3502	237	65	17
3503	32	8	3
3504	275	75	21
3505	222	60	16
3506	262	72	20
3507	43	11	3
3508	200	55	15
3509	270	74	20
3510	197	54	15
3511	210	57	15
3512	278	75	21
3513	207	56	15
3514	200	55	15
3515	275	75	21
3516	200	55	15
3517	266	73	20
3518	16	3	1
3519	31	8	3
3520	269	74	20
3521	130	36	9
3522	240	66	18
3523	114	31	8
3524	129	36	9
3525	120	33	9
3526	155	43	12
3527	191	52	14
3528	65	17	5
3529	190	52	14
3530	154	42	11
3531	127	35	9
3532	77	20	6
3533	42	11	3
3534	100	27	8
3535	126	35	9
3536	4	1	1
3537	138	38	10
3538	196	53	14
3539	191	52	14
3540	77	20	6
3541	122	34	9
3542	136	38	10
3543	96	26	7
3544	134	37	10
3545	22	5	2
3546	194	53	14
3547	121	34	9
3548	77	20	6
3549	151	42	11
3550	229	63	17
3551	107	29	8
3552	149	41	11
3553	134	37	10
3554	114	31	8
3555	114	31	8
3556	114	31	8
3557	74	19	6
3558	22	5	2
3559	125	35	9
3560	134	37	10
3561	114	31	8
3562	114	31	8
3563	134	37	10
3564	150	42	11
3565	114	31	8
3566	110	30	8
3567	149	41	11
3568	242	66	18
3569	148	41	11
3570	141	39	11
3571	87	23	7
3572	232	64	17
3573	125	35	9
3574	101	28	8
3575	206	56	15
3576	126	35	9
3577	114	31	8
3578	114	31	8
3579	142	39	11
3580	121	34	9
3581	295	80	22
3582	122	34	9
3583	123	34	9
3584	138	38	10
3585	130	36	9
3586	123	34	9
3587	104	29	8
3588	110	30	8
3589	151	42	11
3590	191	52	14
3591	127	35	9
3592	138	38	10
3593	139	38	10
3594	182	50	14
3595	290	78	22
3596	196	53	14
3597	118	32	9
3598	277	75	21
3599	116	32	9
3600	125	35	9
3601	22	5	2
3602	22	5	2
3603	116	32	9
3604	109	30	8
3605	128	35	9
3606	128	35	9
3607	17	3	1
3608	30	7	2
3609	73	19	6
3610	16	3	1
3611	18	4	2
3612	147	41	11
3613	282	76	21
3614	280	76	21
3615	139	38	10
3616	194	53	14
3617	135	38	10
3618	282	76	21
3619	18	4	2
3620	283	77	21
3621	282	76	21
3622	138	38	10
3623	129	36	9
3624	129	36	9
3625	280	76	21
3626	271	74	20
3627	133	37	10
3628	93	25	7
3629	139	38	10
3630	282	76	21
3631	282	76	21
3632	74	19	6
3633	282	76	21
3634	299	81	22
3635	28	7	2
3636	131	36	9
3637	131	36	9
3638	148	41	11
3639	23	5	2
3640	299	81	22
3641	127	35	9
3642	299	81	22
3643	23	5	2
3644	127	35	9
3645	299	81	22
3646	23	5	2
3647	299	81	22
3648	23	5	2
3649	299	81	22
3650	299	81	22
3651	299	81	22
3652	299	81	22
3653	299	81	22
3654	132	36	9
3655	299	81	22
3656	299	81	22
3657	299	81	22
3658	299	81	22
3659	241	66	18
3660	241	66	18
3661	241	66	18
3662	241	66	18
3663	17	3	1
3664	284	77	21
3665	27	7	2
3666	31	8	3
3667	142	39	11
3668	231	63	17
3669	231	63	17
3670	30	7	2
3671	231	63	17
3672	296	80	22
3673	17	3	1
3674	203	55	15
3675	300	81	22
3676	251	69	19
3677	251	69	19
3678	225	61	16
3679	250	69	19
3680	226	62	17
3681	222	60	16
3682	142	39	11
3683	22	5	2
3684	211	57	15
3685	145	40	11
3686	193	53	14
3687	122	34	9
3688	122	34	9
3689	22	5	2
3690	21	5	2
3691	130	36	9
3692	123	34	9
3693	122	34	9
3694	290	78	22
3695	123	34	9
3696	22	5	2
3697	126	35	9
3698	133	37	10
3699	114	31	8
3700	118	32	9
3701	283	77	21
3702	211	57	15
3703	283	77	21
3704	284	77	21
3705	284	77	21
3706	299	81	22
3707	282	76	21
3708	284	77	21
3709	247	68	18
3710	252	69	19
3711	242	66	18
3712	242	66	18
3713	294	79	22
3714	144	40	11
3715	282	76	21
3716	205	56	15
3717	211	57	15
3718	283	77	21
3719	273	75	21
3720	286	77	21
3721	287	77	21
3722	247	68	18
3723	242	66	18
3724	220	60	16
3725	115	31	8
3726	213	58	15
3727	146	40	11
3728	268	73	20
3729	123	34	9
3730	149	41	11
3731	135	38	10
3732	136	38	10
3733	146	40	11
3734	142	39	11
3735	149	41	11
3736	146	40	11
3737	148	41	11
3738	132	36	9
3739	147	41	11
3740	146	40	11
3741	134	37	10
3742	146	40	11
3743	140	39	11
3744	146	40	11
3745	146	40	11
3746	149	41	11
3747	148	41	11
3748	149	41	11
3749	146	40	11
3750	146	40	11
3751	148	41	11
3752	232	64	17
3753	185	51	14
3754	182	50	14
3755	169	46	12
3756	173	47	13
3757	172	47	13
3758	153	42	11
3759	175	47	13
3760	175	47	13
3761	172	47	13
3762	248	68	18
3763	174	47	13
3764	173	47	13
3765	172	47	13
3766	153	42	11
3767	150	42	11
3768	169	46	12
3769	56	14	4
3770	153	42	11
3771	172	47	13
3772	173	47	13
3773	172	47	13
3774	177	48	13
3775	172	47	13
3776	173	47	13
3777	172	47	13
3778	177	48	13
3779	189	52	14
3780	177	48	13
3781	174	47	13
3782	174	47	13
3783	174	47	13
3784	174	47	13
3785	175	47	13
3786	174	47	13
3787	174	47	13
3788	174	47	13
3789	179	49	13
3790	148	41	11
3791	174	47	13
3792	174	47	13
3793	145	40	11
3794	148	41	11
3795	183	50	14
3796	146	40	11
3797	146	40	11
3798	146	40	11
3799	234	64	17
3800	146	40	11
3801	140	39	11
3802	147	41	11
3803	291	79	22
3804	146	40	11
3805	150	42	11
3806	136	38	10
3807	169	46	12
3808	282	76	21
3809	288	78	22
3810	172	47	13
3811	297	81	22
3812	142	39	11
3813	148	41	11
3814	47	12	4
3815	111	30	8
3816	148	41	11
3817	148	41	11
3818	111	30	8
3819	184	50	14
3820	144	40	11
3821	297	81	22
3822	300	81	22
3823	195	53	14
3824	284	77	21
3825	173	47	13
3826	170	46	12
3827	148	41	11
3828	56	14	4
3829	169	46	12
3830	172	47	13
3831	169	46	12
3832	189	52	14
3833	148	41	11
3834	193	53	14
3835	174	47	13
3836	184	50	14
3837	182	50	14
3838	176	47	13
3839	144	40	11
3840	184	50	14
3841	184	50	14
3842	184	50	14
3843	144	40	11
3844	184	50	14
3845	165	45	12
3846	182	50	14
3847	187	51	14
3848	148	41	11
3849	184	50	14
3850	184	50	14
3851	184	50	14
3852	182	50	14
3853	184	50	14
3854	144	40	11
3855	184	50	14
3856	184	50	14
3857	152	42	11
3858	184	50	14
3859	166	45	12
3860	100	27	8
3861	146	40	11
3862	146	40	11
3863	133	37	10
3864	146	40	11
3865	146	40	11
3866	173	47	13
3867	268	73	20
3868	109	30	8
3869	268	73	20
3870	268	73	20
3871	63	16	5
3872	175	47	13
3873	63	16	5
3874	109	30	8
3875	109	30	8
3876	183	50	14
3877	52	13	4
3878	111	30	8
3879	63	16	5
3880	137	38	10
3881	148	41	11
3882	109	30	8
3883	123	34	9
3884	148	41	11
3885	290	78	22
3886	172	47	13
3887	132	36	9
3888	289	78	22
3889	268	73	20
3890	268	73	20
3891	131	36	9
3892	270	74	20
3893	134	37	10
3894	300	81	22
3895	300	81	22
3896	270	74	20
3897	132	36	9
3898	202	55	15
3899	288	78	22
3900	298	81	22
3901	275	75	21
3902	202	55	15
3903	296	80	22
3904	202	55	15
3905	202	55	15
3906	273	75	21
3907	41	11	3
3908	143	40	11
3909	300	81	22
3910	41	11	3
3911	55	14	4
3912	70	18	5
3913	55	14	4
3914	81	22	6
3915	70	18	5
3916	290	78	22
3917	70	18	5
3918	70	18	5
3919	70	18	5
3920	58	15	5
3921	51	13	4
3922	55	14	4
3923	55	14	4
3924	55	14	4
3925	55	14	4
3926	55	14	4
3927	70	18	5
3928	55	14	4
3929	60	15	5
3930	55	14	4
3931	55	14	4
3932	48	12	4
3933	70	18	5
3934	69	18	5
3935	57	15	5
3936	70	18	5
3937	70	18	5
3938	70	18	5
3939	70	18	5
3940	215	58	15
3941	48	12	4
3942	70	18	5
3943	48	12	4
3944	70	18	5
3945	70	18	5
3946	70	18	5
3947	70	18	5
3948	81	22	6
3949	55	14	4
3950	48	12	4
3951	70	18	5
3952	49	12	4
3953	57	15	5
3954	70	18	5
3955	55	14	4
3956	55	14	4
3957	70	18	5
3958	55	14	4
3959	48	12	4
3960	70	18	5
3961	70	18	5
3962	123	34	9
3963	48	12	4
3964	55	14	4
3965	55	14	4
3966	70	18	5
3967	263	72	20
3968	123	34	9
3969	148	41	11
3970	182	50	14
3971	51	13	4
3972	51	13	4
3973	289	78	22
3974	169	46	12
3975	290	78	22
3976	290	78	22
3977	47	12	4
3978	290	78	22
3979	156	43	12
3980	289	78	22
3981	51	13	4
3982	55	14	4
3983	55	14	4
3984	193	53	14
3985	290	78	22
3986	111	30	8
3987	134	37	10
3988	213	58	15
3989	87	23	7
3990	291	79	22
3991	148	41	11
3992	242	66	18
3993	195	53	14
3994	123	34	9
3995	300	81	22
3996	177	48	13
3997	156	43	12
3998	52	13	4
3999	185	51	14
4000	191	52	14
4001	47	12	4
4002	71	18	5
4003	56	14	4
4004	104	29	8
4005	270	74	20
4006	71	18	5
4007	185	51	14
4008	266	73	20
4009	192	53	14
4010	56	14	4
4011	156	43	12
4012	71	18	5
4013	190	52	14
4014	56	14	4
4015	82	22	6
4016	270	74	20
4017	270	74	20
4018	72	19	6
4019	270	74	20
4020	75	20	6
4021	47	12	4
4022	300	81	22
4023	53	14	4
4024	157	43	12
4025	148	41	11
4026	115	31	8
4027	20	4	2
4028	52	13	4
4029	195	53	14
4030	300	81	22
4031	147	41	11
4032	111	30	8
4033	97	26	7
4034	148	41	11
4035	125	35	9
4036	75	20	6
4037	300	81	22
4038	113	31	8
4039	76	20	6
4040	66	17	5
4041	184	50	14
4042	61	16	5
4043	71	18	5
4044	62	16	5
4045	184	50	14
4046	52	13	4
4047	300	81	22
4048	51	13	4
4049	184	50	14
4050	104	29	8
4051	46	12	4
4052	66	17	5
4053	55	14	4
4054	52	13	4
4055	290	78	22
4056	291	79	22
4057	52	13	4
4058	184	50	14
4059	290	78	22
4060	53	14	4
4061	298	81	22
4062	61	16	5
4063	291	79	22
4064	290	78	22
4065	288	78	22
4066	290	78	22
4067	247	68	18
4068	123	34	9
4069	153	42	11
4070	155	43	12
4071	155	43	12
4072	290	78	22
4073	124	34	9
4074	51	13	4
4075	288	78	22
4076	240	66	18
4077	7	2	1
4078	156	43	12
4079	241	66	18
4080	288	78	22
4081	142	39	11
4082	156	43	12
4083	155	43	12
4084	124	34	9
4085	150	42	11
4086	56	14	4
4087	280	76	21
4088	53	14	4
4089	155	43	12
4090	51	13	4
4091	153	42	11
4092	47	12	4
4093	186	51	14
4094	53	14	4
4095	188	51	14
4096	100	27	8
4097	157	43	12
4098	51	13	4
4099	188	51	14
4100	153	42	11
4101	185	51	14
4102	52	13	4
4103	71	18	5
4104	188	51	14
4105	177	48	13
4106	46	12	4
4107	51	13	4
4108	61	16	5
4109	52	13	4
4110	153	42	11
4111	153	42	11
4112	175	47	13
4113	56	14	4
4114	153	42	11
4115	64	16	5
4116	153	42	11
4117	52	13	4
4118	10	2	1
4119	84	22	6
4120	292	79	22
4121	195	53	14
4122	270	74	20
4123	155	43	12
4124	47	12	4
4125	123	34	9
4126	284	77	21
4127	77	20	6
4128	296	80	22
4129	153	42	11
4130	196	53	14
4131	26	6	2
4132	56	14	4
4133	300	81	22
4134	56	14	4
4135	214	58	15
4136	71	18	5
4137	190	52	14
4138	290	78	22
4139	187	51	14
4140	300	81	22
4141	113	31	8
4142	47	12	4
4143	291	79	22
4144	291	79	22
4145	291	79	22
4146	156	43	12
4147	56	14	4
4148	291	79	22
4149	259	71	19
4150	117	32	9
4151	291	79	22
4152	156	43	12
4153	123	34	9
4154	55	14	4
4155	247	68	18
4156	291	79	22
4157	56	14	4
4158	51	13	4
4159	169	46	12
4160	247	68	18
4161	298	81	22
4162	291	79	22
4163	280	76	21
4164	291	79	22
4165	291	79	22
4166	288	78	22
4167	188	51	14
4168	177	48	13
4169	170	46	12
4170	153	42	11
4171	170	46	12
4172	185	51	14
4173	153	42	11
4174	163	45	12
4175	52	13	4
4176	185	51	14
4177	177	48	13
4178	177	48	13
4179	153	42	11
4180	173	47	13
4181	169	46	12
4182	192	53	14
4183	185	51	14
4184	62	16	5
4185	151	42	11
4186	52	13	4
4187	178	48	13
4188	188	51	14
4189	185	51	14
4190	174	47	13
4191	179	49	13
4192	118	32	9
4193	130	36	9
4194	212	57	15
4195	295	80	22
4196	298	81	22
4197	132	36	9
4198	86	23	7
4199	270	74	20
4200	295	80	22
4201	294	79	22
4202	46	12	4
4203	134	37	10
4204	300	81	22
4205	296	80	22
4206	295	80	22
4207	300	81	22
4208	300	81	22
4209	169	46	12
4210	247	68	18
4211	290	78	22
4212	54	14	4
4213	288	78	22
4214	237	65	17
4215	54	14	4
4216	156	43	12
4217	148	41	11
4218	55	14	4
4219	47	12	4
4220	300	81	22
4221	288	78	22
4222	149	41	11
4223	153	42	11
4224	259	71	19
4225	137	38	10
4226	300	81	22
4227	55	14	4
4228	55	14	4
4229	69	18	5
4230	153	42	11
4231	153	42	11
4232	153	42	11
4233	179	49	13
4234	185	51	14
4235	153	42	11
4236	176	47	13
4237	153	42	11
4238	177	48	13
4239	178	48	13
4240	153	42	11
4241	153	42	11
4242	185	51	14
4243	188	51	14
4244	294	79	22
4245	153	42	11
4246	153	42	11
4247	185	51	14
4248	191	52	14
4249	188	51	14
4250	185	51	14
4251	177	48	13
4252	185	51	14
4253	188	51	14
4254	153	42	11
4255	188	51	14
4256	188	51	14
4257	169	46	12
4258	185	51	14
4259	185	51	14
4260	185	51	14
4261	174	47	13
4262	193	53	14
4263	212	57	15
4264	128	35	9
4265	22	5	2
4266	212	57	15
4267	22	5	2
4268	21	5	2
4269	84	22	6
4270	141	39	11
4271	21	5	2
4272	194	53	14
4273	21	5	2
4274	231	63	17
4275	284	77	21
4276	136	38	10
4277	22	5	2
4278	22	5	2
4279	22	5	2
4280	22	5	2
4281	120	33	9
4282	231	63	17
4283	22	5	2
4284	111	30	8
4285	203	55	15
4286	199	54	15
4287	22	5	2
4288	21	5	2
4289	21	5	2
4290	22	5	2
4291	299	81	22
4292	22	5	2
4293	200	55	15
4294	84	22	6
4295	22	5	2
4296	227	62	17
4297	127	35	9
4298	21	5	2
4299	22	5	2
4300	38	9	3
4301	218	59	16
4302	224	61	16
4303	212	57	15
4304	262	72	20
4305	246	67	18
4306	218	59	16
4307	281	76	21
4308	245	67	18
4309	262	72	20
4310	262	72	20
4311	242	66	18
4312	245	67	18
4313	22	5	2
4314	262	72	20
4315	246	67	18
4316	281	76	21
4317	227	62	17
4318	249	68	18
4319	209	57	15
4320	227	62	17
4321	245	67	18
4322	191	52	14
4323	262	72	20
4324	218	59	16
4325	150	42	11
4326	249	68	18
4327	10	2	1
4328	10	2	1
4329	214	58	15
4330	214	58	15
4331	38	9	3
4332	287	77	21
4333	38	9	3
4334	284	77	21
4335	238	65	17
4336	284	77	21
4337	214	58	15
4338	38	9	3
4339	242	66	18
4340	214	58	15
4341	248	68	18
4342	214	58	15
4343	38	9	3
4344	285	77	21
4345	214	58	15
4346	214	58	15
4347	226	62	17
4348	207	56	15
4349	205	56	15
4350	297	81	22
4351	278	75	21
4352	136	38	10
4353	21	5	2
4354	136	38	10
4355	3	1	1
4356	21	5	2
4357	120	33	9
4358	110	30	8
4359	39	10	3
4360	123	34	9
4361	3	1	1
4362	120	33	9
4363	121	34	9
4364	21	5	2
4365	21	5	2
4366	298	81	22
4367	22	5	2
4368	111	30	8
4369	120	33	9
4370	21	5	2
4371	21	5	2
4372	22	5	2
4373	1	1	1
4374	134	37	10
4375	123	34	9
4376	300	81	22
4377	298	81	22
4378	21	5	2
4379	127	35	9
4380	21	5	2
4381	111	30	8
4382	290	78	22
4383	130	36	9
4384	3	1	1
4385	282	76	21
4386	21	5	2
4387	211	57	15
4388	135	38	10
4389	298	81	22
4390	111	30	8
4391	231	63	17
4392	21	5	2
4393	148	41	11
4394	21	5	2
4395	21	5	2
4396	136	38	10
4397	21	5	2
4398	21	5	2
4399	134	37	10
4400	41	11	3
4401	288	78	22
4402	290	78	22
4403	75	20	6
4404	288	78	22
4405	275	75	21
4406	290	78	22
4407	300	81	22
4408	288	78	22
4409	292	79	22
4410	288	78	22
4411	113	31	8
4412	288	78	22
4413	289	78	22
4414	288	78	22
4415	288	78	22
4416	288	78	22
4417	300	81	22
4418	291	79	22
4419	275	75	21
4420	288	78	22
4421	292	79	22
4422	300	81	22
4423	288	78	22
4424	292	79	22
4425	291	79	22
4426	288	78	22
4427	288	78	22
4428	215	58	15
4429	292	79	22
4430	288	78	22
4431	280	76	21
4432	291	79	22
4433	298	81	22
4434	292	79	22
4435	290	78	22
4436	300	81	22
4437	251	69	19
4438	148	41	11
4439	290	78	22
4440	148	41	11
4441	290	78	22
4442	148	41	11
4443	268	73	20
4444	148	41	11
4445	148	41	11
4446	137	38	10
4447	148	41	11
4448	123	34	9
4449	148	41	11
4450	148	41	11
4451	290	78	22
4452	290	78	22
4453	290	78	22
4454	290	78	22
4455	290	78	22
4456	56	14	4
4457	290	78	22
4458	51	13	4
4459	290	78	22
4460	290	78	22
4461	288	78	22
4462	290	78	22
4463	290	78	22
4464	290	78	22
4465	290	78	22
4466	290	78	22
4467	288	78	22
4468	288	78	22
4469	109	30	8
4470	290	78	22
4471	100	27	8
4472	148	41	11
4473	51	13	4
4474	290	78	22
4475	290	78	22
4476	290	78	22
4477	288	78	22
4478	291	79	22
4479	104	29	8
4480	34	8	3
4481	290	78	22
4482	288	78	22
4483	121	34	9
4484	288	78	22
4485	290	78	22
4486	288	78	22
4487	290	78	22
4488	290	78	22
4489	288	78	22
4490	290	78	22
4491	288	78	22
4492	288	78	22
4493	290	78	22
4494	290	78	22
4495	282	76	21
4496	288	78	22
4497	291	79	22
4498	288	78	22
4499	288	78	22
4500	288	78	22
4501	288	78	22
4502	288	78	22
4503	288	78	22
4504	288	78	22
4505	289	78	22
4506	292	79	22
4507	290	78	22
4508	291	79	22
4509	288	78	22
4510	288	78	22
4511	288	78	22
4512	288	78	22
4513	300	81	22
4514	56	14	4
4515	288	78	22
4516	288	78	22
4517	288	78	22
4518	290	78	22
4519	288	78	22
4520	288	78	22
4521	290	78	22
4522	288	78	22
4523	288	78	22
4524	274	75	21
4525	299	81	22
4526	274	75	21
4527	292	79	22
4528	299	81	22
4529	292	79	22
4530	248	68	18
4531	280	76	21
4532	274	75	21
4533	274	75	21
4534	291	79	22
4535	288	78	22
4536	299	81	22
4537	274	75	21
4538	292	79	22
4539	149	41	11
4540	274	75	21
4541	274	75	21
4542	275	75	21
4543	299	81	22
4544	292	79	22
4545	275	75	21
4546	275	75	21
4547	299	81	22
4548	288	78	22
4549	48	12	4
4550	288	78	22
4551	288	78	22
4552	288	78	22
4553	288	78	22
4554	288	78	22
4555	288	78	22
4556	288	78	22
4557	288	78	22
4558	288	78	22
4559	288	78	22
4560	288	78	22
4561	288	78	22
4562	288	78	22
4563	34	8	3
4564	288	78	22
4565	288	78	22
4566	288	78	22
4567	288	78	22
4568	297	81	22
4569	292	79	22
4570	288	78	22
4571	288	78	22
4572	288	78	22
4573	242	66	18
4574	290	78	22
4575	290	78	22
4576	214	58	15
4577	288	78	22
4578	288	78	22
4579	292	79	22
4580	288	78	22
4581	288	78	22
4582	300	81	22
4583	288	78	22
4584	280	76	21
4585	290	78	22
4586	259	71	19
4587	82	22	6
4588	55	14	4
4589	288	78	22
4590	248	68	18
4591	42	11	3
4592	299	81	22
4593	290	78	22
4594	288	78	22
4595	289	78	22
4596	288	78	22
4597	129	36	9
4598	288	78	22
4599	288	78	22
4600	270	74	20
4601	270	74	20
4602	142	39	11
4603	288	78	22
4604	290	78	22
4605	290	78	22
4606	288	78	22
4607	292	79	22
4608	292	79	22
4609	288	78	22
4610	288	78	22
4611	288	78	22
4612	270	74	20
4613	114	31	8
4614	19	4	2
4615	288	78	22
4616	289	78	22
4617	288	78	22
4618	111	30	8
4619	269	74	20
4620	75	20	6
4621	290	78	22
4622	275	75	21
4623	269	74	20
4624	275	75	21
4625	6	1	1
4626	266	73	20
4627	270	74	20
4628	56	14	4
4629	290	78	22
4630	55	14	4
4631	296	80	22
4632	300	81	22
4633	247	68	18
4634	96	26	7
4635	270	74	20
4636	292	79	22
4637	292	79	22
4638	100	27	8
4639	291	79	22
4640	292	79	22
4641	232	64	17
4642	292	79	22
4643	292	79	22
4644	292	79	22
4645	292	79	22
4646	229	63	17
4647	292	79	22
4648	130	36	9
4649	292	79	22
4650	292	79	22
4651	292	79	22
4652	292	79	22
4653	292	79	22
4654	292	79	22
4655	273	75	21
4656	292	79	22
4657	273	75	21
4658	292	79	22
4659	273	75	21
4660	292	79	22
4661	294	79	22
4662	158	43	12
4663	247	68	18
4664	292	79	22
4665	285	77	21
4666	280	76	21
4667	293	79	22
4668	280	76	21
4669	293	79	22
4670	253	69	19
4671	280	76	21
4672	293	79	22
4673	293	79	22
4674	279	76	21
4675	291	79	22
4676	291	79	22
4677	294	79	22
4678	294	79	22
4679	294	79	22
4680	288	78	22
4681	248	68	18
4682	292	79	22
4683	280	76	21
4684	292	79	22
4685	248	68	18
4686	292	79	22
4687	113	31	8
4688	279	76	21
4689	290	78	22
4690	288	78	22
4691	113	31	8
4692	299	81	22
4693	32	8	3
4694	288	78	22
4695	294	79	22
4696	136	38	10
4697	22	5	2
4698	154	42	11
4699	210	57	15
4700	22	5	2
4701	101	28	8
4702	272	74	20
4703	130	36	9
4704	77	20	6
4705	299	81	22
4706	100	27	8
4707	122	34	9
4708	97	26	7
4709	21	5	2
4710	135	38	10
4711	23	5	2
4712	29	7	2
4713	279	76	21
4714	162	44	12
4715	130	36	9
4716	142	39	11
4717	100	27	8
4718	97	26	7
4719	195	53	14
4720	144	40	11
4721	112	31	8
4722	193	53	14
4723	236	65	17
4724	295	80	22
4725	122	34	9
4726	154	42	11
4727	232	64	17
4728	232	64	17
4729	82	22	6
4730	112	31	8
4731	55	14	4
4732	296	80	22
4733	119	33	9
4734	20	4	2
4735	100	27	8
4736	81	22	6
4737	288	78	22
4738	61	16	5
4739	77	20	6
4740	77	20	6
4741	105	29	8
4742	175	47	13
4743	47	12	4
4744	77	20	6
4745	77	20	6
4746	77	20	6
4747	123	34	9
4748	77	20	6
4749	77	20	6
4750	76	20	6
4751	77	20	6
4752	158	43	12
4753	158	43	12
4754	76	20	6
4755	295	80	22
4756	38	9	3
4757	77	20	6
4758	77	20	6
4759	47	12	4
4760	77	20	6
4761	76	20	6
4762	76	20	6
4763	131	36	9
4764	13	3	1
4765	123	34	9
4766	296	80	22
4767	77	20	6
4768	104	29	8
4769	113	31	8
4770	109	30	8
4771	62	16	5
4772	111	30	8
4773	110	30	8
4774	192	53	14
4775	110	30	8
4776	51	13	4
4777	110	30	8
4778	114	31	8
4779	108	30	8
4780	104	29	8
4781	295	80	22
4782	295	80	22
4783	61	16	5
4784	62	16	5
4785	47	12	4
4786	192	53	14
4787	111	30	8
4788	50	12	4
4789	183	50	14
4790	153	42	11
4791	148	41	11
4792	145	40	11
4793	168	46	12
4794	137	38	10
4795	192	53	14
4796	192	53	14
4797	135	38	10
4798	136	38	10
4799	160	44	12
4800	135	38	10
4801	52	13	4
4802	137	38	10
4803	136	38	10
4804	136	38	10
4805	195	53	14
4806	52	13	4
4807	148	41	11
4808	37	9	3
4809	93	25	7
4810	232	64	17
4811	184	50	14
4812	120	33	9
4813	46	12	4
4814	184	50	14
4815	135	38	10
4816	46	12	4
4817	184	50	14
4818	184	50	14
4819	184	50	14
4820	53	14	4
4821	295	80	22
4822	184	50	14
4823	120	33	9
4824	115	31	8
4825	184	50	14
4826	101	28	8
4827	155	43	12
4828	116	32	9
4829	184	50	14
4830	118	32	9
4831	29	7	2
4832	230	63	17
4833	104	29	8
4834	118	32	9
4835	101	28	8
4836	124	34	9
4837	113	31	8
4838	79	21	6
4839	184	50	14
4840	298	81	22
4841	113	31	8
4842	290	78	22
4843	118	32	9
4844	118	32	9
4845	118	32	9
4846	277	75	21
4847	118	32	9
4848	123	34	9
4849	207	56	15
4850	295	80	22
4851	118	32	9
4852	126	35	9
4853	87	23	7
4854	116	32	9
4855	100	27	8
4856	127	35	9
4857	109	30	8
4858	254	69	19
4859	87	23	7
4860	116	32	9
4861	130	36	9
4862	87	23	7
4863	128	35	9
4864	137	38	10
4865	295	80	22
4866	78	21	6
4867	123	34	9
4868	22	5	2
4869	3	1	1
4870	17	3	1
4871	299	81	22
4872	24	6	2
4873	214	58	15
4874	79	21	6
4875	113	31	8
4876	21	5	2
4877	111	30	8
4878	14	3	1
4879	113	31	8
4880	58	15	5
4881	86	23	7
4882	90	24	7
4883	58	15	5
4884	58	15	5
4885	162	44	12
4886	269	74	20
4887	263	72	20
4888	87	23	7
4889	87	23	7
4890	98	26	7
4891	296	80	22
4892	92	25	7
4893	93	25	7
4894	98	26	7
4895	300	81	22
4896	94	25	7
4897	97	26	7
4898	71	18	5
4899	115	31	8
4900	122	34	9
4901	121	34	9
4902	206	56	15
4903	23	5	2
4904	109	30	8
4905	191	52	14
4906	134	37	10
4907	87	23	7
4908	117	32	9
4909	25	6	2
4910	47	12	4
4911	115	31	8
4912	154	42	11
4913	286	77	21
4914	299	81	22
4915	100	27	8
4916	192	53	14
4917	216	58	15
4918	215	58	15
4919	83	22	6
4920	50	12	4
4921	120	33	9
4922	77	20	6
4923	78	21	6
4924	115	31	8
4925	150	42	11
4926	23	5	2
4927	92	25	7
4928	295	80	22
4929	85	23	7
4930	35	8	3
4931	88	23	7
4932	77	20	6
4933	35	8	3
4934	77	20	6
4935	283	77	21
4936	88	23	7
4937	284	77	21
4938	112	31	8
4939	101	28	8
4940	35	8	3
4941	72	19	6
4942	72	19	6
4943	72	19	6
4944	116	32	9
4945	142	39	11
4946	130	36	9
4947	122	34	9
4948	232	64	17
4949	127	35	9
4950	211	57	15
4951	16	3	1
4952	239	65	17
4953	82	22	6
4954	246	67	18
4955	227	62	17
4956	90	24	7
4957	227	62	17
4958	231	63	17
4959	136	38	10
4960	77	20	6
4961	72	19	6
4962	38	9	3
4963	144	40	11
4964	282	76	21
4965	117	32	9
4966	223	61	16
4967	214	58	15
4968	282	76	21
4969	72	19	6
4970	213	58	15
4971	195	53	14
4972	285	77	21
4973	23	5	2
4974	271	74	20
4975	236	65	17
4976	151	42	11
4977	214	58	15
4978	271	74	20
4979	23	5	2
4980	23	5	2
4981	23	5	2
4982	23	5	2
4983	23	5	2
4984	154	42	11
4985	101	28	8
4986	72	19	6
4987	231	63	17
4988	298	81	22
4989	290	78	22
4990	234	64	17
4991	21	5	2
4992	129	36	9
4993	128	35	9
4994	226	62	17
4995	276	75	21
4996	154	42	11
4997	35	8	3
4998	147	41	11
4999	123	34	9
5000	42	11	3
5001	94	25	7
5002	299	81	22
5003	223	61	16
5004	208	57	15
5005	126	35	9
5006	29	7	2
5007	282	76	21
5008	73	19	6
5009	139	38	10
5010	273	75	21
5011	299	81	22
5012	192	53	14
5013	102	28	8
5014	97	26	7
5015	284	77	21
5016	299	81	22
5017	299	81	22
5018	132	36	9
5019	299	81	22
5020	299	81	22
5021	299	81	22
5022	296	80	22
5023	273	75	21
5024	299	81	22
5025	299	81	22
5026	299	81	22
5027	235	65	17
5028	116	32	9
5029	299	81	22
5030	299	81	22
5031	299	81	22
5032	299	81	22
5033	299	81	22
5034	295	80	22
5035	299	81	22
5036	288	78	22
5037	299	81	22
5038	204	56	15
5039	38	9	3
5040	296	80	22
5041	75	20	6
5042	24	6	2
5043	214	58	15
5044	297	81	22
5045	297	81	22
5046	300	81	22
5047	300	81	22
5048	214	58	15
5049	275	75	21
5050	293	79	22
5051	233	64	17
5052	275	75	21
5053	261	72	20
5054	296	80	22
5055	268	73	20
5056	298	81	22
5057	296	80	22
5058	298	81	22
5059	300	81	22
5060	298	81	22
5061	275	75	21
5062	294	79	22
5063	33	8	3
5064	275	75	21
5065	275	75	21
5066	275	75	21
5067	274	75	21
5068	275	75	21
5069	294	79	22
5070	275	75	21
5071	278	75	21
5072	294	79	22
5073	275	75	21
5074	275	75	21
5075	291	79	22
5076	275	75	21
5077	275	75	21
5078	275	75	21
5079	294	79	22
5080	275	75	21
5081	275	75	21
5082	294	79	22
5083	274	75	21
5084	275	75	21
5085	289	78	22
5086	269	74	20
5087	268	73	20
5088	275	75	21
5089	275	75	21
5090	294	79	22
5091	297	81	22
5092	277	75	21
5093	37	9	3
5094	229	63	17
5095	278	75	21
5096	253	69	19
5097	274	75	21
5098	288	78	22
5099	37	9	3
5100	288	78	22
5101	298	81	22
5102	280	76	21
5103	298	81	22
5104	280	76	21
5105	275	75	21
5106	232	64	17
5107	268	73	20
5108	299	81	22
5109	275	75	21
5110	148	41	11
5111	274	75	21
5112	298	81	22
5113	275	75	21
5114	300	81	22
5115	297	81	22
5116	278	75	21
5117	151	42	11
5118	298	81	22
5119	149	41	11
5120	149	41	11
5121	275	75	21
5122	131	36	9
5123	297	81	22
5124	297	81	22
5125	156	43	12
5126	148	41	11
5127	297	81	22
5128	297	81	22
5129	300	81	22
5130	288	78	22
5131	274	75	21
5132	300	81	22
5133	275	75	21
5134	294	79	22
5135	300	81	22
5136	275	75	21
5137	273	75	21
5138	149	41	11
5139	148	41	11
5140	275	75	21
5141	274	75	21
5142	294	79	22
5143	300	81	22
5144	214	58	15
5145	275	75	21
5146	275	75	21
5147	275	75	21
5148	75	20	6
5149	214	58	15
5150	38	9	3
5151	275	75	21
5152	275	75	21
5153	297	81	22
5154	275	75	21
5155	275	75	21
5156	275	75	21
5157	275	75	21
5158	275	75	21
5159	213	58	15
5160	75	20	6
5161	275	75	21
5162	275	75	21
5163	275	75	21
5164	294	79	22
5165	235	65	17
5166	278	75	21
5167	276	75	21
5168	292	79	22
5169	278	75	21
5170	294	79	22
5171	298	81	22
5172	252	69	19
5173	294	79	22
5174	278	75	21
5175	288	78	22
5176	278	75	21
5177	278	75	21
5178	294	79	22
5179	275	75	21
5180	292	79	22
5181	278	75	21
5182	298	81	22
5183	278	75	21
5184	278	75	21
5185	278	75	21
5186	298	81	22
5187	288	78	22
5188	235	65	17
5189	292	79	22
5190	252	69	19
5191	278	75	21
5192	275	75	21
5193	288	78	22
5194	293	79	22
5195	294	79	22
5196	288	78	22
5197	295	80	22
5198	275	75	21
5199	294	79	22
5200	294	79	22
5201	298	81	22
5202	296	80	22
5203	280	76	21
5204	24	6	2
5205	278	75	21
5206	300	81	22
5207	275	75	21
5208	275	75	21
5209	294	79	22
5210	296	80	22
5211	278	75	21
5212	278	75	21
5213	297	81	22
5214	215	58	15
5215	295	80	22
5216	275	75	21
5217	298	81	22
5218	295	80	22
5219	298	81	22
5220	295	80	22
5221	148	41	11
5222	294	79	22
5223	238	65	17
5224	296	80	22
5225	75	20	6
5226	75	20	6
5227	266	73	20
5228	75	20	6
5229	197	54	15
5230	200	55	15
5231	203	55	15
5232	75	20	6
5233	185	51	14
5234	203	55	15
5235	272	74	20
5236	233	64	17
5237	75	20	6
5238	198	54	15
5239	139	38	10
5240	238	65	17
5241	232	64	17
5242	284	77	21
5243	24	6	2
5244	264	72	20
5245	238	65	17
5246	238	65	17
5247	275	75	21
5248	266	73	20
5249	223	61	16
5250	24	6	2
5251	211	57	15
5252	268	73	20
5253	223	61	16
5254	207	56	15
5255	44	11	3
5256	200	55	15
5257	146	40	11
5258	266	73	20
5259	228	63	17
5260	232	64	17
5261	277	75	21
5262	277	75	21
5263	26	6	2
5264	137	38	10
5265	6	1	1
5266	200	55	15
5267	142	39	11
5268	24	6	2
5269	277	75	21
5270	30	7	2
5271	40	10	3
5272	211	57	15
5273	41	11	3
5274	24	6	2
5275	264	72	20
5276	75	20	6
5277	210	57	15
5278	214	58	15
5279	202	55	15
5280	200	55	15
5281	24	6	2
5282	229	63	17
5283	24	6	2
5284	59	15	5
5285	115	31	8
5286	44	11	3
5287	115	31	8
5288	50	12	4
5289	220	60	16
5290	137	38	10
5291	259	71	19
5292	289	78	22
5293	289	78	22
5294	289	78	22
5295	247	68	18
5296	289	78	22
5297	274	75	21
5298	289	78	22
5299	289	78	22
5300	289	78	22
5301	289	78	22
5302	248	68	18
5303	289	78	22
5304	292	79	22
5305	289	78	22
5306	289	78	22
5307	289	78	22
5308	289	78	22
5309	258	71	19
5310	289	78	22
5311	259	71	19
5312	289	78	22
5313	214	58	15
5314	131	36	9
5315	148	41	11
5316	290	78	22
5317	290	78	22
5318	259	71	19
5319	239	65	17
5320	291	79	22
5321	247	68	18
5322	295	80	22
5323	273	75	21
5324	292	79	22
5325	276	75	21
5326	290	78	22
5327	37	9	3
5328	270	74	20
5329	275	75	21
5330	276	75	21
5331	273	75	21
5332	34	8	3
5333	266	73	20
5334	247	68	18
5335	275	75	21
5336	111	30	8
5337	259	71	19
5338	273	75	21
5339	134	37	10
5340	292	79	22
5341	290	78	22
5342	290	78	22
5343	156	43	12
5344	291	79	22
5345	289	78	22
5346	153	42	11
5347	289	78	22
5348	55	14	4
5349	289	78	22
5350	289	78	22
5351	235	65	17
5352	181	49	13
5353	259	71	19
5354	289	78	22
5355	259	71	19
5356	291	79	22
5357	259	71	19
5358	289	78	22
5359	189	52	14
5360	289	78	22
5361	289	78	22
5362	259	71	19
5363	259	71	19
5364	288	78	22
5365	259	71	19
5366	289	78	22
5367	259	71	19
5368	292	79	22
5369	294	79	22
5370	275	75	21
5371	288	78	22
5372	288	78	22
5373	292	79	22
5374	290	78	22
5375	67	17	5
5376	288	78	22
5377	276	75	21
5378	288	78	22
5379	278	75	21
5380	294	79	22
5381	248	68	18
5382	290	78	22
5383	239	65	17
5384	269	74	20
5385	289	78	22
5386	275	75	21
5387	270	74	20
5388	41	11	3
5389	267	73	20
5390	234	64	17
5391	278	75	21
5392	270	74	20
5393	292	79	22
5394	294	79	22
5395	132	36	9
5396	270	74	20
5397	273	75	21
5398	270	74	20
5399	202	55	15
5400	270	74	20
5401	270	74	20
5402	276	75	21
5403	280	76	21
5404	292	79	22
5405	274	75	21
5406	264	72	20
5407	264	72	20
5408	294	79	22
5409	276	75	21
5410	288	78	22
5411	288	78	22
5412	266	73	20
5413	288	78	22
5414	292	79	22
5415	276	75	21
5416	261	72	20
5417	131	36	9
5418	276	75	21
5419	274	75	21
5420	274	75	21
5421	275	75	21
5422	276	75	21
5423	156	43	12
5424	257	71	19
5425	289	78	22
5426	289	78	22
5427	276	75	21
5428	289	78	22
5429	235	65	17
5430	292	79	22
5431	280	76	21
5432	122	34	9
5433	292	79	22
5434	248	68	18
5435	289	78	22
5436	239	65	17
5437	144	40	11
5438	289	78	22
5439	289	78	22
5440	264	72	20
5441	242	66	18
5442	259	71	19
5443	235	65	17
5444	289	78	22
5445	280	76	21
5446	24	6	2
5447	24	6	2
5448	207	56	15
5449	77	20	6
5450	24	6	2
5451	24	6	2
5452	211	57	15
5453	26	6	2
5454	143	40	11
5455	135	38	10
5456	130	36	9
5457	1	1	1
5458	24	6	2
5459	210	57	15
5460	264	72	20
5461	50	12	4
5462	227	62	17
5463	36	9	3
5464	120	33	9
5465	6	1	1
5466	138	38	10
5467	50	12	4
5468	38	9	3
5469	263	72	20
5470	24	6	2
5471	211	57	15
5472	103	28	8
5473	87	23	7
5474	24	6	2
5475	67	17	5
5476	275	75	21
5477	128	35	9
5478	36	9	3
5479	67	17	5
5480	297	81	22
5481	25	6	2
5482	208	57	15
5483	3	1	1
5484	6	1	1
5485	36	9	3
5486	207	56	15
5487	120	33	9
5488	24	6	2
5489	44	11	3
5490	24	6	2
5491	266	73	20
5492	24	6	2
5493	4	1	1
5494	24	6	2
5495	26	6	2
5496	24	6	2
5497	24	6	2
5498	24	6	2
5499	266	73	20
5500	16	3	1
5501	10	2	1
5502	78	21	6
5503	9	2	1
5504	7	2	1
5505	13	3	1
5506	300	81	22
5507	300	81	22
5508	300	81	22
5509	102	28	8
5510	75	20	6
5511	105	29	8
5512	298	81	22
5513	24	6	2
5514	3	1	1
5515	24	6	2
5516	203	55	15
5517	30	7	2
5518	119	33	9
5519	24	6	2
5520	17	3	1
5521	275	75	21
5522	300	81	22
5523	275	75	21
5524	275	75	21
5525	275	75	21
5526	275	75	21
5527	275	75	21
5528	207	56	15
5529	300	81	22
5530	275	75	21
5531	264	72	20
5532	289	78	22
5533	268	73	20
5534	199	54	15
5535	24	6	2
5536	288	78	22
5537	275	75	21
5538	275	75	21
5539	294	79	22
5540	273	75	21
5541	273	75	21
5542	273	75	21
5543	292	79	22
5544	273	75	21
5545	273	75	21
5546	273	75	21
5547	273	75	21
5548	292	79	22
5549	156	43	12
5550	273	75	21
5551	273	75	21
5552	273	75	21
5553	278	75	21
5554	273	75	21
5555	156	43	12
5556	273	75	21
5557	274	75	21
5558	292	79	22
5559	273	75	21
5560	273	75	21
5561	273	75	21
5562	273	75	21
5563	273	75	21
5564	274	75	21
5565	292	79	22
5566	270	74	20
5567	24	6	2
5568	276	75	21
5569	270	74	20
5570	148	41	11
5571	214	58	15
5572	30	7	2
5573	208	57	15
5574	123	34	9
5575	24	6	2
5576	148	41	11
5577	20	4	2
5578	229	63	17
5579	25	6	2
5580	270	74	20
5581	148	41	11
5582	270	74	20
5583	300	81	22
5584	28	7	2
5585	275	75	21
5586	270	74	20
5587	266	73	20
5588	298	81	22
5589	232	64	17
5590	270	74	20
5591	267	73	20
5592	275	75	21
5593	291	79	22
5594	120	33	9
5595	275	75	21
5596	270	74	20
5597	214	58	15
5598	270	74	20
5599	200	55	15
5600	242	66	18
5601	270	74	20
5602	275	75	21
5603	275	75	21
5604	275	75	21
5605	270	74	20
5606	294	79	22
5607	296	80	22
5608	270	74	20
5609	275	75	21
5610	275	75	21
5611	214	58	15
5612	31	8	3
5613	274	75	21
5614	21	5	2
5615	275	75	21
5616	275	75	21
5617	275	75	21
5618	275	75	21
5619	23	5	2
5620	214	58	15
5621	137	38	10
5622	275	75	21
5623	275	75	21
5624	180	49	13
5625	275	75	21
5626	285	77	21
5627	214	58	15
5628	29	7	2
5629	275	75	21
5630	227	62	17
5631	214	58	15
5632	23	5	2
5633	275	75	21
5634	262	72	20
5635	227	62	17
5636	275	75	21
5637	31	8	3
5638	226	62	17
5639	214	58	15
5640	275	75	21
5641	274	75	21
5642	88	23	7
5643	21	5	2
5644	38	9	3
5645	262	72	20
5646	262	72	20
5647	262	72	20
5648	208	57	15
5649	262	72	20
5650	21	5	2
5651	262	72	20
5652	262	72	20
5653	242	66	18
5654	144	40	11
5655	262	72	20
5656	134	37	10
5657	214	58	15
5658	262	72	20
5659	246	67	18
5660	134	37	10
5661	88	23	7
5662	41	11	3
5663	285	77	21
5664	212	57	15
5665	262	72	20
5666	262	72	20
5667	124	34	9
5668	121	34	9
5669	262	72	20
5670	12	2	1
5671	135	38	10
5672	23	5	2
5673	213	58	15
5674	38	9	3
5675	209	57	15
5676	242	66	18
5677	275	75	21
5678	38	9	3
5679	242	66	18
5680	262	72	20
5681	245	67	18
5682	144	40	11
5683	242	66	18
5684	72	19	6
5685	38	9	3
5686	214	58	15
5687	216	58	15
5688	38	9	3
5689	138	38	10
5690	232	64	17
5691	126	35	9
5692	262	72	20
5693	38	9	3
5694	133	37	10
5695	285	77	21
5696	241	66	18
5697	275	75	21
5698	273	75	21
5699	129	36	9
5700	246	67	18
5701	134	37	10
5702	217	59	16
5703	281	76	21
5704	158	43	12
5705	72	19	6
5706	24	6	2
5707	282	76	21
5708	214	58	15
5709	215	58	15
5710	217	59	16
5711	263	72	20
5712	72	19	6
5713	283	77	21
5714	13	3	1
5715	72	19	6
5716	245	67	18
5717	223	61	16
5718	83	22	6
5719	204	56	15
5720	213	58	15
5721	217	59	16
5722	287	77	21
5723	219	60	16
5724	24	6	2
5725	223	61	16
5726	111	30	8
5727	23	5	2
5728	232	64	17
5729	223	61	16
5730	114	31	8
5731	284	77	21
5732	123	34	9
5733	75	20	6
5734	232	64	17
5735	225	61	16
5736	223	61	16
5737	100	27	8
5738	168	46	12
5739	193	53	14
5740	112	31	8
5741	216	58	15
5742	134	37	10
5743	285	77	21
5744	242	66	18
5745	287	77	21
5746	216	58	15
5747	242	66	18
5748	281	76	21
5749	283	77	21
5750	26	6	2
5751	26	6	2
5752	216	58	15
5753	282	76	21
5754	213	58	15
5755	213	58	15
5756	100	27	8
5757	284	77	21
5758	282	76	21
5759	75	20	6
5760	110	30	8
5761	226	62	17
5762	20	4	2
5763	282	76	21
5764	283	77	21
5765	213	58	15
5766	282	76	21
5767	226	62	17
5768	280	76	21
5769	299	81	22
5770	72	19	6
5771	92	25	7
5772	126	35	9
5773	75	20	6
5774	115	31	8
5775	300	81	22
5776	298	81	22
5777	300	81	22
5778	261	72	20
5779	298	81	22
5780	75	20	6
5781	130	36	9
5782	261	72	20
5783	14	3	1
5784	300	81	22
5785	95	26	7
5786	231	63	17
5787	298	81	22
5788	6	1	1
5789	297	81	22
5790	242	66	18
5791	234	64	17
5792	96	26	7
5793	139	38	10
5794	110	30	8
5795	86	23	7
5796	210	57	15
5797	290	78	22
5798	54	14	4
5799	119	33	9
5800	131	36	9
5801	259	71	19
5802	72	19	6
5803	296	80	22
5804	17	3	1
5805	134	37	10
5806	133	37	10
5807	133	37	10
5808	281	76	21
5809	47	12	4
5810	133	37	10
5811	220	60	16
5812	220	60	16
5813	246	67	18
5814	47	12	4
5815	47	12	4
5816	144	40	11
5817	252	69	19
5818	246	67	18
5819	47	12	4
5820	246	67	18
5821	120	33	9
5822	246	67	18
5823	246	67	18
5824	144	40	11
5825	133	37	10
5826	246	67	18
5827	133	37	10
5828	218	59	16
5829	220	60	16
5830	115	31	8
5831	300	81	22
5832	290	78	22
5833	24	6	2
5834	242	66	18
5835	117	32	9
5836	290	78	22
5837	108	30	8
5838	290	78	22
5839	270	74	20
5840	284	77	21
5841	137	38	10
5842	114	31	8
5843	123	34	9
5844	247	68	18
5845	247	68	18
5846	130	36	9
5847	299	81	22
5848	75	20	6
5849	273	75	21
5850	111	30	8
5851	109	30	8
5852	206	56	15
5853	123	34	9
5854	137	38	10
5855	77	20	6
5856	7	2	1
5857	26	6	2
5858	113	31	8
5859	296	80	22
5860	284	77	21
5861	129	36	9
5862	196	53	14
5863	75	20	6
5864	90	24	7
5865	269	74	20
5866	294	79	22
5867	95	26	7
5868	284	77	21
5869	6	1	1
5870	241	66	18
5871	135	38	10
5872	241	66	18
5873	201	55	15
5874	212	57	15
5875	296	80	22
5876	220	60	16
5877	117	32	9
5878	299	81	22
5879	194	53	14
5880	296	80	22
5881	296	80	22
5882	14	3	1
5883	87	23	7
5884	120	33	9
5885	120	33	9
5886	267	73	20
5887	86	23	7
5888	276	75	21
5889	238	65	17
5890	178	48	13
5891	233	64	17
5892	232	64	17
5893	154	42	11
5894	277	75	21
5895	86	23	7
5896	242	66	18
5897	28	7	2
5898	239	65	17
5899	24	6	2
5900	123	34	9
5901	296	80	22
5902	239	65	17
5903	124	34	9
5904	139	38	10
5905	260	71	19
5906	36	9	3
5907	275	75	21
5908	72	19	6
5909	38	9	3
5910	38	9	3
5911	232	64	17
5912	268	73	20
5913	24	6	2
5914	82	22	6
5915	299	81	22
5916	232	64	17
5917	275	75	21
5918	24	6	2
5919	56	14	4
5920	149	41	11
5921	214	58	15
5922	284	77	21
5923	214	58	15
5924	214	58	15
5925	265	73	20
5926	214	58	15
5927	36	9	3
5928	120	33	9
5929	214	58	15
5930	24	6	2
5931	236	65	17
5932	232	64	17
5933	124	34	9
5934	236	65	17
5935	239	65	17
5936	232	64	17
5937	139	38	10
5938	124	34	9
5939	233	64	17
5940	289	78	22
5941	232	64	17
5942	269	74	20
5943	103	28	8
5944	248	68	18
5945	237	65	17
5946	223	61	16
5947	233	64	17
5948	239	65	17
5949	239	65	17
5950	156	43	12
5951	216	58	15
5952	232	64	17
5953	238	65	17
5954	137	38	10
5955	144	40	11
5956	296	80	22
5957	277	75	21
5958	23	5	2
5959	124	34	9
5960	214	58	15
5961	249	68	18
5962	128	35	9
5963	21	5	2
5964	21	5	2
5965	130	36	9
5966	90	24	7
5967	127	35	9
5968	21	5	2
5969	126	35	9
5970	90	24	7
5971	120	33	9
5972	249	68	18
5973	240	66	18
5974	133	37	10
5975	89	24	7
5976	249	68	18
5977	135	38	10
5978	190	52	14
5979	28	7	2
5980	90	24	7
5981	50	12	4
5982	242	66	18
5983	41	11	3
5984	125	35	9
5985	125	35	9
5986	28	7	2
5987	125	35	9
5988	125	35	9
5989	41	11	3
5990	117	32	9
5991	129	36	9
5992	72	19	6
5993	90	24	7
5994	28	7	2
5995	167	46	12
5996	181	49	13
5997	180	49	13
5998	176	47	13
5999	164	45	12
6000	180	49	13
6001	164	45	12
6002	242	66	18
6003	165	45	12
6004	166	45	12
6005	167	46	12
6006	154	42	11
6007	166	45	12
6008	175	47	13
6009	175	47	13
6010	168	46	12
6011	167	46	12
6012	169	46	12
6013	182	50	14
6014	165	45	12
6015	212	57	15
6016	174	47	13
6017	174	47	13
6018	181	49	13
6019	180	49	13
6020	124	34	9
6021	239	65	17
6022	33	8	3
6023	266	73	20
6024	196	53	14
6025	283	77	21
6026	238	65	17
6027	239	65	17
6028	276	75	21
6029	288	78	22
6030	238	65	17
6031	270	74	20
6032	277	75	21
6033	100	27	8
6034	160	44	12
6035	156	43	12
6036	157	43	12
6037	156	43	12
6038	276	75	21
6039	257	71	19
6040	157	43	12
6041	162	44	12
6042	279	76	21
6043	157	43	12
6044	273	75	21
6045	279	76	21
6046	259	71	19
6047	160	44	12
6048	158	43	12
6049	273	75	21
6050	279	76	21
6051	158	43	12
6052	160	44	12
6053	158	43	12
6054	157	43	12
6055	158	43	12
6056	240	66	18
6057	158	43	12
6058	170	46	12
6059	156	43	12
6060	55	14	4
6061	292	79	22
6062	174	47	13
6063	259	71	19
6064	169	46	12
6065	147	41	11
6066	148	41	11
6067	147	41	11
6068	152	42	11
6069	101	28	8
6070	143	40	11
6071	148	41	11
6072	88	23	7
6073	111	30	8
6074	143	40	11
6075	143	40	11
6076	173	47	13
6077	231	63	17
6078	166	45	12
6079	232	64	17
6080	234	64	17
6081	75	20	6
6082	278	75	21
6083	237	65	17
6084	31	8	3
6085	232	64	17
6086	239	65	17
6087	199	54	15
6088	257	71	19
6089	227	62	17
6090	162	44	12
6091	277	75	21
6092	233	64	17
6093	284	77	21
6094	211	57	15
6095	297	81	22
6096	239	65	17
6097	38	9	3
6098	227	62	17
6099	24	6	2
6100	138	38	10
6101	290	78	22
6102	120	33	9
6103	241	66	18
6104	129	36	9
6105	239	65	17
6106	248	68	18
6107	102	28	8
6108	13	3	1
6109	121	34	9
6110	75	20	6
6111	236	65	17
6112	17	3	1
6113	299	81	22
6114	214	58	15
6115	300	81	22
6116	300	81	22
6117	214	58	15
6118	297	81	22
6119	115	31	8
6120	132	36	9
6121	296	80	22
6122	299	81	22
6123	297	81	22
6124	206	56	15
6125	160	44	12
6126	96	26	7
6127	90	24	7
6128	187	51	14
6129	84	22	6
6130	100	27	8
6131	234	64	17
6132	213	58	15
6133	103	28	8
6134	226	62	17
6135	96	26	7
6136	182	50	14
6137	12	2	1
6138	56	14	4
6139	12	2	1
6140	262	72	20
6141	59	15	5
6142	59	15	5
6143	45	12	4
6144	12	2	1
6145	45	12	4
6146	28	7	2
6147	82	22	6
6148	71	18	5
6149	43	11	3
6150	59	15	5
6151	96	26	7
6152	12	2	1
6153	300	81	22
6154	69	18	5
6155	59	15	5
6156	86	23	7
6157	7	2	1
6158	289	78	22
6159	92	25	7
6160	56	14	4
6161	59	15	5
6162	68	17	5
6163	59	15	5
6164	59	15	5
6165	93	25	7
6166	92	25	7
6167	84	22	6
6168	59	15	5
6169	71	18	5
6170	59	15	5
6171	91	24	7
6172	59	15	5
6173	12	2	1
6174	12	2	1
6175	59	15	5
6176	92	25	7
6177	10	2	1
6178	12	2	1
6179	92	25	7
6180	92	25	7
6181	92	25	7
6182	92	25	7
6183	92	25	7
6184	59	15	5
6185	12	2	1
6186	59	15	5
6187	71	18	5
6188	69	18	5
6189	69	18	5
6190	69	18	5
6191	83	22	6
6192	91	24	7
6193	73	19	6
6194	56	14	4
6195	99	27	8
6196	71	18	5
6197	47	12	4
6198	92	25	7
6199	92	25	7
6200	92	25	7
6201	59	15	5
6202	59	15	5
6203	92	25	7
6204	59	15	5
6205	84	22	6
6206	97	26	7
6207	92	25	7
6208	298	81	22
6209	12	2	1
6210	92	25	7
6211	59	15	5
6212	83	22	6
6213	94	25	7
6214	94	25	7
6215	92	25	7
6216	30	7	2
6217	92	25	7
6218	86	23	7
6219	68	17	5
6220	92	25	7
6221	125	35	9
6222	75	20	6
6223	92	25	7
6224	92	25	7
6225	92	25	7
6226	94	25	7
6227	92	25	7
6228	82	22	6
6229	99	27	8
6230	94	25	7
6231	92	25	7
6232	73	19	6
6233	92	25	7
6234	92	25	7
6235	92	25	7
6236	94	25	7
6237	85	23	7
6238	92	25	7
6239	92	25	7
6240	210	57	15
6241	99	27	8
6242	92	25	7
6243	92	25	7
6244	57	15	5
6245	92	25	7
6246	92	25	7
6247	59	15	5
6248	92	25	7
6249	92	25	7
6250	92	25	7
6251	47	12	4
6252	92	25	7
6253	92	25	7
6254	92	25	7
6255	10	2	1
6256	75	20	6
6257	92	25	7
6258	82	22	6
6259	82	22	6
6260	92	25	7
6261	92	25	7
6262	92	25	7
6263	92	25	7
6264	92	25	7
6265	59	15	5
6266	82	22	6
6267	34	8	3
6268	92	25	7
6269	92	25	7
6270	82	22	6
6271	92	25	7
6272	47	12	4
6273	12	2	1
6274	12	2	1
6275	82	22	6
6276	92	25	7
6277	262	72	20
6278	12	2	1
6279	93	25	7
6280	262	72	20
6281	12	2	1
6282	12	2	1
6283	12	2	1
6284	12	2	1
6285	12	2	1
6286	12	2	1
6287	12	2	1
6288	73	19	6
6289	12	2	1
6290	92	25	7
6291	12	2	1
6292	12	2	1
6293	12	2	1
6294	69	18	5
6295	105	29	8
6296	92	25	7
6297	47	12	4
6298	105	29	8
6299	92	25	7
6300	105	29	8
6301	92	25	7
6302	92	25	7
6303	92	25	7
6304	92	25	7
6305	89	24	7
6306	92	25	7
6307	92	25	7
6308	92	25	7
6309	92	25	7
6310	47	12	4
6311	92	25	7
6312	92	25	7
6313	92	25	7
6314	92	25	7
6315	92	25	7
6316	92	25	7
6317	92	25	7
6318	84	22	6
6319	89	24	7
6320	92	25	7
6321	69	18	5
6322	47	12	4
6323	75	20	6
6324	69	18	5
6325	124	34	9
6326	92	25	7
6327	47	12	4
6328	92	25	7
6329	92	25	7
6330	92	25	7
6331	17	3	1
6332	92	25	7
6333	135	38	10
6334	28	7	2
6335	116	32	9
6336	59	15	5
6337	94	25	7
6338	11	2	1
6339	11	2	1
6340	11	2	1
6341	69	18	5
6342	94	25	7
6343	8	2	1
6344	11	2	1
6345	11	2	1
6346	47	12	4
6347	68	17	5
6348	11	2	1
6349	89	24	7
6350	57	15	5
6351	68	17	5
6352	98	26	7
6353	11	2	1
6354	69	18	5
6355	11	2	1
6356	11	2	1
6357	57	15	5
6358	71	18	5
6359	57	15	5
6360	94	25	7
6361	57	15	5
6362	57	15	5
6363	99	27	8
6364	55	14	4
6365	86	23	7
6366	57	15	5
6367	123	34	9
6368	56	14	4
6369	56	14	4
6370	57	15	5
6371	57	15	5
6372	57	15	5
6373	89	24	7
6374	57	15	5
6375	89	24	7
6376	263	72	20
6377	57	15	5
6378	57	15	5
6379	58	15	5
6380	57	15	5
6381	57	15	5
6382	57	15	5
6383	57	15	5
6384	86	23	7
6385	300	81	22
6386	57	15	5
6387	85	23	7
6388	57	15	5
6389	57	15	5
6390	88	23	7
6391	57	15	5
6392	57	15	5
6393	89	24	7
6394	57	15	5
6395	57	15	5
6396	70	18	5
6397	94	25	7
6398	289	78	22
6399	55	14	4
6400	71	18	5
6401	51	13	4
6402	96	26	7
6403	86	23	7
6404	263	72	20
6405	71	18	5
6406	70	18	5
6407	70	18	5
6408	88	23	7
6409	71	18	5
6410	93	25	7
6411	86	23	7
6412	88	23	7
6413	91	24	7
6414	56	14	4
6415	90	24	7
6416	58	15	5
6417	55	14	4
6418	88	23	7
6419	55	14	4
6420	90	24	7
6421	91	24	7
6422	70	18	5
6423	71	18	5
6424	88	23	7
6425	70	18	5
6426	70	18	5
6427	70	18	5
6428	58	15	5
6429	56	14	4
6430	58	15	5
6431	290	78	22
6432	70	18	5
6433	56	14	4
6434	56	14	4
6435	263	72	20
6436	69	18	5
6437	70	18	5
6438	70	18	5
6439	56	14	4
6440	58	15	5
6441	56	14	4
6442	58	15	5
6443	70	18	5
6444	56	14	4
6445	85	23	7
6446	85	23	7
6447	92	25	7
6448	121	34	9
6449	57	15	5
6450	56	14	4
6451	85	23	7
6452	71	18	5
6453	85	23	7
6454	57	15	5
6455	91	24	7
6456	30	7	2
6457	85	23	7
6458	85	23	7
6459	57	15	5
6460	98	26	7
6461	85	23	7
6462	85	23	7
6463	57	15	5
6464	85	23	7
6465	56	14	4
6466	85	23	7
6467	85	23	7
6468	85	23	7
6469	85	23	7
6470	71	18	5
6471	85	23	7
6472	57	15	5
6473	56	14	4
6474	57	15	5
6475	88	23	7
6476	91	24	7
6477	86	23	7
6478	88	23	7
6479	88	23	7
6480	57	15	5
6481	88	23	7
6482	88	23	7
6483	66	17	5
6484	87	23	7
6485	69	18	5
6486	88	23	7
6487	56	14	4
6488	69	18	5
6489	58	15	5
6490	88	23	7
6491	19	4	2
6492	57	15	5
6493	87	23	7
6494	88	23	7
6495	56	14	4
6496	88	23	7
6497	89	24	7
6498	56	14	4
6499	88	23	7
6500	58	15	5
6501	89	24	7
6502	91	24	7
6503	58	15	5
6504	98	26	7
6505	94	25	7
6506	11	2	1
6507	98	26	7
6508	91	24	7
6509	58	15	5
6510	71	18	5
6511	69	18	5
6512	98	26	7
6513	98	26	7
6514	58	15	5
6515	88	23	7
6516	96	26	7
6517	57	15	5
6518	98	26	7
6519	58	15	5
6520	70	18	5
6521	98	26	7
6522	97	26	7
6523	17	3	1
6524	98	26	7
6525	86	23	7
6526	70	18	5
6527	58	15	5
6528	55	14	4
6529	58	15	5
6530	55	14	4
6531	99	27	8
6532	86	23	7
6533	88	23	7
6534	88	23	7
6535	55	14	4
6536	86	23	7
6537	88	23	7
6538	71	18	5
6539	90	24	7
6540	51	13	4
6541	58	15	5
6542	55	14	4
6543	71	18	5
6544	70	18	5
6545	58	15	5
6546	58	15	5
6547	70	18	5
6548	81	22	6
6549	93	25	7
6550	70	18	5
6551	69	18	5
6552	55	14	4
6553	70	18	5
6554	58	15	5
6555	95	26	7
6556	70	18	5
6557	94	25	7
6558	55	14	4
6559	95	26	7
6560	95	26	7
6561	91	24	7
6562	56	14	4
6563	55	14	4
6564	95	26	7
6565	56	14	4
6566	95	26	7
6567	58	15	5
6568	58	15	5
6569	95	26	7
6570	289	78	22
6571	55	14	4
6572	56	14	4
6573	82	22	6
6574	56	14	4
6575	95	26	7
6576	75	20	6
6577	55	14	4
6578	123	34	9
6579	95	26	7
6580	95	26	7
6581	290	78	22
6582	95	26	7
6583	290	78	22
6584	95	26	7
6585	55	14	4
6586	95	26	7
6587	55	14	4
6588	98	26	7
6589	94	25	7
6590	94	25	7
6591	98	26	7
6592	98	26	7
6593	58	15	5
6594	98	26	7
6595	69	18	5
6596	96	26	7
6597	85	23	7
6598	98	26	7
6599	58	15	5
6600	98	26	7
6601	296	80	22
6602	98	26	7
6603	98	26	7
6604	98	26	7
6605	58	15	5
6606	98	26	7
6607	289	78	22
6608	91	24	7
6609	58	15	5
6610	94	25	7
6611	71	18	5
6612	17	3	1
6613	58	15	5
6614	58	15	5
6615	98	26	7
6616	86	23	7
6617	56	14	4
6618	126	35	9
6619	82	22	6
6620	58	15	5
6621	90	24	7
6622	83	22	6
6623	57	15	5
6624	90	24	7
6625	84	22	6
6626	90	24	7
6627	90	24	7
6628	71	18	5
6629	90	24	7
6630	58	15	5
6631	90	24	7
6632	90	24	7
6633	57	15	5
6634	58	15	5
6635	55	14	4
6636	90	24	7
6637	57	15	5
6638	86	23	7
6639	90	24	7
6640	57	15	5
6641	57	15	5
6642	57	15	5
6643	90	24	7
6644	90	24	7
6645	55	14	4
6646	90	24	7
6647	275	75	21
6648	90	24	7
6649	69	18	5
6650	69	18	5
6651	71	18	5
6652	65	17	5
6653	95	26	7
6654	95	26	7
6655	95	26	7
6656	84	22	6
6657	71	18	5
6658	71	18	5
6659	58	15	5
6660	71	18	5
6661	71	18	5
6662	69	18	5
6663	69	18	5
6664	69	18	5
6665	70	18	5
6666	71	18	5
6667	56	14	4
6668	71	18	5
6669	71	18	5
6670	98	26	7
6671	71	18	5
6672	71	18	5
6673	69	18	5
6674	55	14	4
6675	71	18	5
6676	84	22	6
6677	58	15	5
6678	58	15	5
6679	87	23	7
6680	71	18	5
6681	57	15	5
6682	4	1	1
6683	98	26	7
6684	91	24	7
6685	91	24	7
6686	12	2	1
6687	88	23	7
6688	95	26	7
6689	92	25	7
6690	82	22	6
6691	8	2	1
6692	98	26	7
6693	82	22	6
6694	86	23	7
6695	12	2	1
6696	91	24	7
6697	12	2	1
6698	83	22	6
6699	97	26	7
6700	10	2	1
6701	12	2	1
6702	91	24	7
6703	10	2	1
6704	84	22	6
6705	17	3	1
6706	96	26	7
6707	91	24	7
6708	92	25	7
6709	96	26	7
6710	95	26	7
6711	69	18	5
6712	55	14	4
6713	56	14	4
6714	55	14	4
6715	58	15	5
6716	86	23	7
6717	263	72	20
6718	95	26	7
6719	90	24	7
6720	55	14	4
6721	55	14	4
6722	56	14	4
6723	95	26	7
6724	69	18	5
6725	69	18	5
6726	60	15	5
6727	94	25	7
6728	95	26	7
6729	58	15	5
6730	58	15	5
6731	58	15	5
6732	95	26	7
6733	71	18	5
6734	263	72	20
6735	69	18	5
6736	58	15	5
6737	89	24	7
6738	56	14	4
6739	58	15	5
6740	58	15	5
6741	58	15	5
6742	263	72	20
6743	103	28	8
6744	94	25	7
6745	73	19	6
6746	96	26	7
6747	89	24	7
6748	58	15	5
6749	56	14	4
6750	58	15	5
6751	58	15	5
6752	56	14	4
6753	90	24	7
6754	89	24	7
6755	94	25	7
6756	58	15	5
6757	89	24	7
6758	45	12	4
6759	58	15	5
6760	90	24	7
6761	58	15	5
6762	58	15	5
6763	56	14	4
6764	58	15	5
6765	90	24	7
6766	84	22	6
6767	90	24	7
6768	73	19	6
6769	295	80	22
6770	84	22	6
6771	90	24	7
6772	90	24	7
6773	58	15	5
6774	56	14	4
6775	69	18	5
6776	89	24	7
6777	83	22	6
6778	84	22	6
6779	90	24	7
6780	83	22	6
6781	91	24	7
6782	84	22	6
6783	86	23	7
6784	289	78	22
6785	89	24	7
6786	84	22	6
6787	296	80	22
6788	69	18	5
6789	94	25	7
6790	88	23	7
6791	68	17	5
6792	269	74	20
6793	91	24	7
6794	58	15	5
6795	96	26	7
6796	269	74	20
6797	275	75	21
6798	58	15	5
6799	69	18	5
6800	91	24	7
6801	58	15	5
6802	91	24	7
6803	98	26	7
6804	45	12	4
6805	91	24	7
6806	94	25	7
6807	57	15	5
6808	88	23	7
6809	57	15	5
6810	89	24	7
6811	93	25	7
6812	69	18	5
6813	263	72	20
6814	82	22	6
6815	55	14	4
6816	90	24	7
6817	94	25	7
6818	55	14	4
6819	55	14	4
6820	98	26	7
6821	58	15	5
6822	58	15	5
6823	71	18	5
6824	98	26	7
6825	86	23	7
6826	98	26	7
6827	96	26	7
6828	91	24	7
6829	97	26	7
6830	91	24	7
6831	58	15	5
6832	70	18	5
6833	58	15	5
6834	91	24	7
6835	4	1	1
6836	59	15	5
6837	6	1	1
6838	69	18	5
6839	91	24	7
6840	91	24	7
6841	59	15	5
6842	57	15	5
6843	5	1	1
6844	8	2	1
6845	69	18	5
6846	96	26	7
6847	4	1	1
6848	91	24	7
6849	91	24	7
6850	4	1	1
6851	58	15	5
6852	5	1	1
6853	89	24	7
6854	11	2	1
6855	57	15	5
6856	57	15	5
6857	58	15	5
6858	98	26	7
6859	84	22	6
6860	97	26	7
6861	48	12	4
6862	57	15	5
6863	56	14	4
6864	58	15	5
6865	73	19	6
6866	60	15	5
6867	57	15	5
6868	84	22	6
6869	84	22	6
6870	84	22	6
6871	58	15	5
6872	100	27	8
6873	88	23	7
6874	84	22	6
6875	57	15	5
6876	58	15	5
6877	59	15	5
6878	89	24	7
6879	57	15	5
6880	95	26	7
6881	84	22	6
6882	29	7	2
6883	89	24	7
6884	84	22	6
6885	84	22	6
6886	86	23	7
6887	4	1	1
6888	84	22	6
6889	97	26	7
6890	90	24	7
6891	29	7	2
6892	11	2	1
6893	97	26	7
6894	84	22	6
6895	58	15	5
6896	97	26	7
6897	71	18	5
6898	87	23	7
6899	95	26	7
6900	84	22	6
6901	84	22	6
6902	11	2	1
6903	83	22	6
6904	84	22	6
6905	89	24	7
6906	60	15	5
6907	88	23	7
6908	88	23	7
6909	90	24	7
6910	60	15	5
6911	270	74	20
6912	89	24	7
6913	87	23	7
6914	29	7	2
6915	81	22	6
6916	269	74	20
6917	270	74	20
6918	90	24	7
6919	55	14	4
6920	71	18	5
6921	12	2	1
6922	73	19	6
6923	56	14	4
6924	56	14	4
6925	89	24	7
6926	93	25	7
6927	16	3	1
6928	17	3	1
6929	57	15	5
6930	90	24	7
6931	94	25	7
6932	298	81	22
6933	85	23	7
6934	269	74	20
6935	58	15	5
6936	56	14	4
6937	56	14	4
6938	77	20	6
6939	58	15	5
6940	58	15	5
6941	71	18	5
6942	87	23	7
6943	58	15	5
6944	56	14	4
6945	58	15	5
6946	58	15	5
6947	58	15	5
6948	292	79	22
6949	58	15	5
6950	90	24	7
6951	56	14	4
6952	58	15	5
6953	56	14	4
6954	73	19	6
6955	207	56	15
6956	67	17	5
6957	144	40	11
6958	115	31	8
6959	268	73	20
6960	89	24	7
6961	16	3	1
6962	63	16	5
6963	115	31	8
6964	297	81	22
6965	137	38	10
6966	81	22	6
6967	130	36	9
6968	283	77	21
6969	86	23	7
6970	123	34	9
6971	71	18	5
6972	68	17	5
6973	89	24	7
6974	89	24	7
6975	89	24	7
6976	89	24	7
6977	89	24	7
6978	58	15	5
6979	89	24	7
6980	89	24	7
6981	58	15	5
6982	123	34	9
6983	123	34	9
6984	42	11	3
6985	110	30	8
6986	89	24	7
6987	123	34	9
6988	58	15	5
6989	89	24	7
6990	58	15	5
6991	94	25	7
6992	97	26	7
6993	66	17	5
6994	58	15	5
6995	58	15	5
6996	144	40	11
6997	84	22	6
6998	86	23	7
6999	47	12	4
7000	97	26	7
7001	58	15	5
7002	58	15	5
7003	58	15	5
7004	97	26	7
7005	71	18	5
7006	58	15	5
7007	71	18	5
7008	58	15	5
7009	58	15	5
7010	58	15	5
7011	58	15	5
7012	88	23	7
7013	186	51	14
7014	68	17	5
7015	186	51	14
7016	97	26	7
7017	58	15	5
7018	58	15	5
7019	58	15	5
7020	86	23	7
7021	56	14	4
7022	156	43	12
7023	89	24	7
7024	89	24	7
7025	89	24	7
7026	89	24	7
7027	89	24	7
7028	89	24	7
7029	89	24	7
7030	89	24	7
7031	99	27	8
7032	89	24	7
7033	94	25	7
7034	89	24	7
7035	99	27	8
7036	99	27	8
7037	91	24	7
7038	55	14	4
7039	298	81	22
7040	55	14	4
7041	96	26	7
7042	137	38	10
7043	96	26	7
7044	84	22	6
7045	96	26	7
7046	300	81	22
7047	54	14	4
7048	98	26	7
7049	96	26	7
7050	87	23	7
7051	96	26	7
7052	69	18	5
7053	55	14	4
7054	69	18	5
7055	69	18	5
7056	96	26	7
7057	113	31	8
7058	96	26	7
7059	96	26	7
7060	4	1	1
7061	96	26	7
7062	56	14	4
7063	275	75	21
7064	69	18	5
7065	69	18	5
7066	86	23	7
7067	97	26	7
7068	270	74	20
7069	290	78	22
7070	84	22	6
7071	290	78	22
7072	54	14	4
7073	96	26	7
7074	86	23	7
7075	96	26	7
7076	96	26	7
7077	55	14	4
7078	96	26	7
7079	96	26	7
7080	289	78	22
7081	96	26	7
7082	96	26	7
7083	84	22	6
7084	54	14	4
7085	60	15	5
7086	83	22	6
7087	83	22	6
7088	69	18	5
7089	69	18	5
7090	96	26	7
7091	57	15	5
7092	96	26	7
7093	57	15	5
7094	83	22	6
7095	95	26	7
7096	96	26	7
7097	96	26	7
7098	88	23	7
7099	87	23	7
7100	56	14	4
7101	87	23	7
7102	88	23	7
7103	56	14	4
7104	94	25	7
7105	156	43	12
7106	97	26	7
7107	56	14	4
7108	85	23	7
7109	87	23	7
7110	87	23	7
7111	71	18	5
7112	88	23	7
7113	71	18	5
7114	58	15	5
7115	87	23	7
7116	51	13	4
7117	156	43	12
7118	88	23	7
7119	87	23	7
7120	87	23	7
7121	75	20	6
7122	58	15	5
7123	156	43	12
7124	86	23	7
7125	91	24	7
7126	298	81	22
7127	87	23	7
7128	69	18	5
7129	69	18	5
7130	69	18	5
7131	69	18	5
7132	55	14	4
7133	89	24	7
7134	71	18	5
7135	68	17	5
7136	69	18	5
7137	289	78	22
7138	289	78	22
7139	69	18	5
7140	55	14	4
7141	55	14	4
7142	90	24	7
7143	55	14	4
7144	69	18	5
7145	56	14	4
7146	115	31	8
7147	91	24	7
7148	96	26	7
7149	69	18	5
7150	96	26	7
7151	69	18	5
7152	96	26	7
7153	96	26	7
7154	54	14	4
7155	96	26	7
7156	265	73	20
7157	83	22	6
7158	91	24	7
7159	56	14	4
7160	87	23	7
7161	96	26	7
7162	96	26	7
7163	91	24	7
7164	69	18	5
7165	115	31	8
7166	54	14	4
7167	69	18	5
7168	69	18	5
7169	134	37	10
7170	12	2	1
7171	88	23	7
7172	94	25	7
7173	58	15	5
7174	91	24	7
7175	90	24	7
7176	69	18	5
7177	84	22	6
7178	88	23	7
7179	106	29	8
7180	98	26	7
7181	93	25	7
7182	96	26	7
7183	85	23	7
7184	95	26	7
7185	16	3	1
7186	89	24	7
7187	72	19	6
7188	86	23	7
7189	83	22	6
7190	12	2	1
7191	85	23	7
7192	97	26	7
7193	98	26	7
7194	90	24	7
7195	98	26	7
7196	98	26	7
7197	91	24	7
7198	84	22	6
7199	94	25	7
7200	97	26	7
7201	88	23	7
7202	88	23	7
7203	92	25	7
7204	83	22	6
7205	16	3	1
7206	126	35	9
7207	191	52	14
7208	58	15	5
7209	58	15	5
7210	97	26	7
7211	89	24	7
7212	58	15	5
7213	10	2	1
7214	94	25	7
7215	128	35	9
7216	56	14	4
7217	243	66	18
7218	83	22	6
7219	94	25	7
7220	90	24	7
7221	58	15	5
7222	58	15	5
7223	69	18	5
7224	58	15	5
7225	95	26	7
7226	85	23	7
7227	19	4	2
7228	298	81	22
7229	85	23	7
7230	58	15	5
7231	82	22	6
7232	69	18	5
7233	60	15	5
7234	68	17	5
7235	68	17	5
7236	98	26	7
7237	57	15	5
7238	96	26	7
7239	88	23	7
7240	95	26	7
7241	263	72	20
7242	90	24	7
7243	95	26	7
7244	95	26	7
7245	1	1	1
7246	91	24	7
7247	95	26	7
7248	12	2	1
7249	95	26	7
7250	66	17	5
7251	83	22	6
7252	289	78	22
7253	95	26	7
7254	12	2	1
7255	12	2	1
7256	98	26	7
7257	95	26	7
7258	95	26	7
7259	56	14	4
7260	94	25	7
7261	94	25	7
7262	56	14	4
7263	56	14	4
7264	56	14	4
7265	56	14	4
7266	51	13	4
7267	56	14	4
7268	300	81	22
7269	56	14	4
7270	87	23	7
7271	96	26	7
7272	56	14	4
7273	56	14	4
7274	56	14	4
7275	84	22	6
7276	55	14	4
7277	69	18	5
7278	84	22	6
7279	84	22	6
7280	56	14	4
7281	58	15	5
7282	90	24	7
7283	84	22	6
7284	73	19	6
7285	84	22	6
7286	89	24	7
7287	94	25	7
7288	73	19	6
7289	83	22	6
7290	47	12	4
7291	58	15	5
7292	188	51	14
7293	84	22	6
7294	89	24	7
7295	127	35	9
7296	98	26	7
7297	98	26	7
7298	56	14	4
7299	88	23	7
7300	78	21	6
7301	48	12	4
7302	84	22	6
7303	56	14	4
7304	55	14	4
7305	55	14	4
7306	55	14	4
7307	55	14	4
7308	6	1	1
7309	56	14	4
7310	71	18	5
7311	55	14	4
7312	56	14	4
7313	56	14	4
7314	71	18	5
7315	55	14	4
7316	56	14	4
7317	58	15	5
7318	51	13	4
7319	56	14	4
7320	84	22	6
7321	86	23	7
7322	97	26	7
7323	86	23	7
7324	86	23	7
7325	86	23	7
7326	86	23	7
7327	86	23	7
7328	88	23	7
7329	68	17	5
7330	82	22	6
7331	85	23	7
7332	86	23	7
7333	86	23	7
7334	86	23	7
7335	71	18	5
7336	86	23	7
7337	86	23	7
7338	96	26	7
7339	86	23	7
7340	86	23	7
7341	116	32	9
7342	300	81	22
7343	87	23	7
7344	56	14	4
7345	91	24	7
7346	89	24	7
7347	88	23	7
7348	56	14	4
7349	90	24	7
7350	98	26	7
7351	95	26	7
7352	89	24	7
7353	85	23	7
7354	97	26	7
7355	87	23	7
7356	87	23	7
7357	89	24	7
7358	98	26	7
7359	91	24	7
7360	88	23	7
7361	91	24	7
7362	84	22	6
7363	296	80	22
7364	58	15	5
7365	60	15	5
7366	296	80	22
7367	60	15	5
7368	56	14	4
7369	87	23	7
7370	104	29	8
7371	63	16	5
7372	296	80	22
7373	84	22	6
7374	88	23	7
7375	84	22	6
7376	298	81	22
7377	56	14	4
7378	296	80	22
7379	114	31	8
7380	300	81	22
7381	56	14	4
7382	88	23	7
7383	89	24	7
7384	98	26	7
7385	55	14	4
7386	58	15	5
7387	46	12	4
7388	58	15	5
7389	98	26	7
7390	88	23	7
7391	98	26	7
7392	98	26	7
7393	55	14	4
7394	98	26	7
7395	75	20	6
7396	58	15	5
7397	91	24	7
7398	279	76	21
7399	91	24	7
7400	94	25	7
7401	84	22	6
7402	93	25	7
7403	91	24	7
7404	93	25	7
7405	84	22	6
7406	94	25	7
7407	70	18	5
7408	91	24	7
7409	91	24	7
7410	291	79	22
7411	91	24	7
7412	58	15	5
7413	84	22	6
7414	84	22	6
7415	58	15	5
7416	91	24	7
7417	87	23	7
7418	91	24	7
7419	91	24	7
7420	91	24	7
7421	91	24	7
7422	91	24	7
7423	95	26	7
7424	97	26	7
7425	93	25	7
7426	97	26	7
7427	94	25	7
7428	93	25	7
7429	93	25	7
7430	85	23	7
7431	90	24	7
7432	88	23	7
7433	98	26	7
7434	30	7	2
7435	97	26	7
7436	93	25	7
7437	17	3	1
7438	89	24	7
7439	58	15	5
7440	69	18	5
7441	60	15	5
7442	69	18	5
7443	89	24	7
7444	69	18	5
7445	68	17	5
7446	12	2	1
7447	69	18	5
7448	69	18	5
7449	46	12	4
7450	57	15	5
7451	58	15	5
7452	58	15	5
7453	58	15	5
7454	69	18	5
7455	69	18	5
7456	69	18	5
7457	60	15	5
7458	68	17	5
7459	85	23	7
7460	59	15	5
7461	94	25	7
7462	90	24	7
7463	35	8	3
7464	98	26	7
7465	56	14	4
7466	71	18	5
7467	70	18	5
7468	86	23	7
7469	58	15	5
7470	269	74	20
7471	86	23	7
7472	56	14	4
7473	128	35	9
7474	84	22	6
7475	296	80	22
7476	296	80	22
7477	88	23	7
7478	58	15	5
7479	58	15	5
7480	58	15	5
7481	98	26	7
7482	58	15	5
7483	58	15	5
7484	84	22	6
7485	89	24	7
7486	46	12	4
7487	58	15	5
7488	96	26	7
7489	55	14	4
7490	269	74	20
7491	60	15	5
7492	19	4	2
7493	84	22	6
7494	91	24	7
7495	56	14	4
7496	96	26	7
7497	98	26	7
7498	83	22	6
7499	58	15	5
7500	58	15	5
7501	58	15	5
7502	58	15	5
7503	298	81	22
7504	71	18	5
7505	71	18	5
7506	89	24	7
7507	88	23	7
7508	71	18	5
7509	55	14	4
7510	68	17	5
7511	16	3	1
7512	69	18	5
7513	123	34	9
7514	58	15	5
7515	98	26	7
7516	88	23	7
7517	58	15	5
7518	118	32	9
7519	84	22	6
7520	48	12	4
7521	89	24	7
7522	58	15	5
7523	58	15	5
7524	96	26	7
7525	155	43	12
7526	91	24	7
7527	118	32	9
7528	93	25	7
7529	90	24	7
7530	92	25	7
7531	88	23	7
7532	96	26	7
7533	95	26	7
7534	90	24	7
7535	88	23	7
7536	90	24	7
7537	94	25	7
7538	98	26	7
7539	92	25	7
7540	94	25	7
7541	133	37	10
7542	125	35	9
7543	94	25	7
7544	93	25	7
7545	90	24	7
7546	93	25	7
7547	95	26	7
7548	130	36	9
7549	91	24	7
7550	98	26	7
7551	98	26	7
7552	90	24	7
7553	90	24	7
7554	97	26	7
7555	125	35	9
7556	98	26	7
7557	93	25	7
7558	126	35	9
7559	126	35	9
7560	126	35	9
7561	262	72	20
7562	125	35	9
7563	133	37	10
7564	133	37	10
7565	262	72	20
7566	134	37	10
7567	262	72	20
7568	17	3	1
7569	133	37	10
7570	194	53	14
7571	133	37	10
7572	133	37	10
7573	134	37	10
7574	110	30	8
7575	83	22	6
7576	133	37	10
7577	214	58	15
7578	145	40	11
7579	262	72	20
7580	133	37	10
7581	133	37	10
7582	90	24	7
7583	262	72	20
7584	126	35	9
7585	90	24	7
7586	50	12	4
7587	134	37	10
7588	90	24	7
7589	50	12	4
7590	83	22	6
7591	134	37	10
7592	134	37	10
7593	139	38	10
7594	133	37	10
7595	115	31	8
7596	29	7	2
7597	139	38	10
7598	193	53	14
7599	133	37	10
7600	89	24	7
7601	208	57	15
7602	133	37	10
7603	134	37	10
7604	120	33	9
7605	144	40	11
7606	134	37	10
7607	101	28	8
7608	133	37	10
7609	134	37	10
7610	40	10	3
7611	246	67	18
7612	134	37	10
7613	144	40	11
7614	220	60	16
7615	18	4	2
7616	249	68	18
7617	262	72	20
7618	22	5	2
7619	204	56	15
7620	246	67	18
7621	42	11	3
7622	246	67	18
7623	246	67	18
7624	246	67	18
7625	249	68	18
7626	281	76	21
7627	281	76	21
7628	281	76	21
7629	217	59	16
7630	281	76	21
7631	246	67	18
7632	217	59	16
7633	65	17	5
7634	217	59	16
7635	217	59	16
7636	281	76	21
7637	217	59	16
7638	246	67	18
7639	281	76	21
7640	281	76	21
7641	246	67	18
7642	249	68	18
7643	281	76	21
7644	92	25	7
7645	222	60	16
7646	282	76	21
7647	114	31	8
7648	126	35	9
7649	125	35	9
7650	231	63	17
7651	125	35	9
7652	83	22	6
7653	92	25	7
7654	221	60	16
7655	88	23	7
7656	207	56	15
7657	222	60	16
7658	151	42	11
7659	97	26	7
7660	207	56	15
7661	122	34	9
7662	21	5	2
7663	281	76	21
7664	246	67	18
7665	220	60	16
7666	214	58	15
7667	197	54	15
7668	246	67	18
7669	208	57	15
7670	282	76	21
7671	72	19	6
7672	101	28	8
7673	134	37	10
7674	133	37	10
7675	12	2	1
7676	191	52	14
7677	133	37	10
7678	66	17	5
7679	133	37	10
7680	65	17	5
7681	26	6	2
7682	89	24	7
7683	169	46	12
7684	100	27	8
7685	124	34	9
7686	43	11	3
7687	133	37	10
7688	72	19	6
7689	134	37	10
7690	133	37	10
7691	175	47	13
7692	133	37	10
7693	185	51	14
7694	39	10	3
7695	133	37	10
7696	133	37	10
7697	249	68	18
7698	129	36	9
7699	144	40	11
7700	212	57	15
7701	144	40	11
7702	72	19	6
7703	281	76	21
7704	248	68	18
7705	72	19	6
7706	262	72	20
7707	249	68	18
7708	124	34	9
7709	133	37	10
7710	249	68	18
7711	227	62	17
7712	244	66	18
7713	246	67	18
7714	249	68	18
7715	134	37	10
7716	133	37	10
7717	220	60	16
7718	275	75	21
7719	222	60	16
7720	223	61	16
7721	219	60	16
7722	225	61	16
7723	224	61	16
7724	226	62	17
7725	222	60	16
7726	226	62	17
7727	234	64	17
7728	226	62	17
7729	218	59	16
7730	219	60	16
7731	237	65	17
7732	252	69	19
7733	220	60	16
7734	226	62	17
7735	221	60	16
7736	225	61	16
7737	225	61	16
7738	222	60	16
7739	225	61	16
7740	225	61	16
7741	217	59	16
7742	238	65	17
7743	224	61	16
7744	224	61	16
7745	225	61	16
7746	218	59	16
7747	218	59	16
7748	224	61	16
7749	218	59	16
7750	224	61	16
7751	218	59	16
7752	217	59	16
7753	218	59	16
7754	218	59	16
7755	218	59	16
7756	226	62	17
7757	218	59	16
7758	217	59	16
7759	217	59	16
7760	227	62	17
7761	224	61	16
7762	224	61	16
7763	218	59	16
7764	241	66	18
7765	221	60	16
7766	225	61	16
7767	218	59	16
7768	253	69	19
7769	225	61	16
7770	220	60	16
7771	220	60	16
7772	217	59	16
7773	220	60	16
7774	220	60	16
7775	220	60	16
7776	220	60	16
7777	220	60	16
7778	224	61	16
7779	218	59	16
7780	218	59	16
7781	224	61	16
7782	218	59	16
7783	218	59	16
7784	218	59	16
7785	218	59	16
7786	218	59	16
7787	218	59	16
7788	222	60	16
7789	217	59	16
7790	218	59	16
7791	217	59	16
7792	221	60	16
7793	217	59	16
7794	218	59	16
7795	231	63	17
7796	222	60	16
7797	222	60	16
7798	220	60	16
7799	221	60	16
7800	221	60	16
7801	222	60	16
7802	217	59	16
7803	227	62	17
7804	249	68	18
7805	133	37	10
7806	90	24	7
7807	121	34	9
7808	90	24	7
7809	127	35	9
7810	93	25	7
7811	72	19	6
7812	15	3	1
7813	272	74	20
7814	272	74	20
7815	240	66	18
7816	136	38	10
7817	41	11	3
7818	101	28	8
7819	190	52	14
7820	127	35	9
7821	104	29	8
7822	100	27	8
7823	242	66	18
7824	133	37	10
7825	133	37	10
7826	23	5	2
7827	90	24	7
7828	90	24	7
7829	88	23	7
7830	21	5	2
7831	212	57	15
7832	222	60	16
7833	21	5	2
7834	154	42	11
7835	125	35	9
7836	147	41	11
7837	125	35	9
7838	94	25	7
7839	135	38	10
7840	93	25	7
7841	130	36	9
7842	100	27	8
7843	96	26	7
7844	93	25	7
7845	83	22	6
7846	93	25	7
7847	93	25	7
7848	125	35	9
7849	84	22	6
7850	112	31	8
7851	93	25	7
7852	101	28	8
7853	194	53	14
7854	190	52	14
7855	128	35	9
7856	127	35	9
7857	136	38	10
7858	128	35	9
7859	128	35	9
7860	126	35	9
7861	128	35	9
7862	42	11	3
7863	128	35	9
7864	136	38	10
7865	101	28	8
7866	119	33	9
7867	46	12	4
7868	18	4	2
7869	127	35	9
7870	136	38	10
7871	127	35	9
7872	125	35	9
7873	82	22	6
7874	120	33	9
7875	128	35	9
7876	128	35	9
7877	125	35	9
7878	92	25	7
7879	125	35	9
7880	125	35	9
7881	92	25	7
7882	90	24	7
7883	133	37	10
7884	134	37	10
7885	40	10	3
7886	262	72	20
7887	107	29	8
7888	186	51	14
7889	262	72	20
7890	74	19	6
7891	133	37	10
7892	133	37	10
7893	133	37	10
7894	83	22	6
7895	83	22	6
7896	136	38	10
7897	112	31	8
7898	133	37	10
7899	126	35	9
7900	262	72	20
7901	136	38	10
7902	134	37	10
7903	46	12	4
7904	133	37	10
7905	134	37	10
7906	285	77	21
7907	227	62	17
7908	227	62	17
7909	231	63	17
7910	231	63	17
7911	231	63	17
7912	227	62	17
7913	199	54	15
7914	227	62	17
7915	285	77	21
7916	231	63	17
7917	136	38	10
7918	231	63	17
7919	287	77	21
7920	231	63	17
7921	227	62	17
7922	285	77	21
7923	285	77	21
7924	227	62	17
7925	231	63	17
7926	38	9	3
7927	261	72	20
7928	38	9	3
7929	262	72	20
7930	204	56	15
7931	38	9	3
7932	40	10	3
7933	1	1	1
7934	209	57	15
7935	209	57	15
7936	209	57	15
7937	40	10	3
7938	40	10	3
7939	40	10	3
7940	248	68	18
7941	38	9	3
7942	38	9	3
7943	36	9	3
7944	38	9	3
7945	232	64	17
7946	236	65	17
7947	207	56	15
7948	206	56	15
7949	209	57	15
7950	263	72	20
7951	204	56	15
7952	200	55	15
7953	206	56	15
7954	207	56	15
7955	200	55	15
7956	215	58	15
7957	32	8	3
7958	216	58	15
7959	32	8	3
7960	200	55	15
7961	216	58	15
7962	216	58	15
7963	31	8	3
7964	204	56	15
7965	197	54	15
7966	204	56	15
7967	206	56	15
7968	206	56	15
7969	206	56	15
7970	287	77	21
7971	216	58	15
7972	206	56	15
7973	216	58	15
7974	287	77	21
7975	207	56	15
7976	207	56	15
7977	216	58	15
7978	206	56	15
7979	207	56	15
7980	228	63	17
7981	216	58	15
7982	229	63	17
7983	205	56	15
7984	216	58	15
7985	216	58	15
7986	199	54	15
7987	199	54	15
7988	232	64	17
7989	231	63	17
7990	231	63	17
7991	212	57	15
7992	227	62	17
7993	231	63	17
7994	231	63	17
7995	231	63	17
7996	231	63	17
7997	236	65	17
7998	231	63	17
7999	227	62	17
8000	231	63	17
8001	203	55	15
8002	231	63	17
8003	231	63	17
8004	231	63	17
8005	231	63	17
8006	239	65	17
8007	231	63	17
8008	231	63	17
8009	35	8	3
8010	231	63	17
8011	231	63	17
8012	231	63	17
8013	179	49	13
8014	168	46	12
8015	196	53	14
8016	168	46	12
8017	177	48	13
8018	141	39	11
8019	179	49	13
8020	191	52	14
8021	179	49	13
8022	179	49	13
8023	190	52	14
8024	190	52	14
8025	179	49	13
8026	179	49	13
8027	191	52	14
8028	262	72	20
8029	190	52	14
8030	135	38	10
8031	179	49	13
8032	179	49	13
8033	179	49	13
8034	190	52	14
8035	177	48	13
8036	192	53	14
8037	192	53	14
8038	175	47	13
8039	179	49	13
8040	179	49	13
8041	190	52	14
8042	128	35	9
8043	194	53	14
8044	22	5	2
8045	191	52	14
8046	144	40	11
8047	168	46	12
8048	190	52	14
8049	178	48	13
8050	178	48	13
8051	191	52	14
8052	179	49	13
8053	191	52	14
8054	179	49	13
8055	179	49	13
8056	173	47	13
8057	149	41	11
8058	177	48	13
8059	179	49	13
8060	190	52	14
8061	179	49	13
8062	176	47	13
8063	191	52	14
8064	179	49	13
8065	175	47	13
8066	178	48	13
8067	179	49	13
8068	179	49	13
8069	138	38	10
8070	177	48	13
8071	179	49	13
8072	179	49	13
8073	179	49	13
8074	144	40	11
8075	155	43	12
8076	144	40	11
8077	133	37	10
8078	230	63	17
8079	104	29	8
8080	127	35	9
8081	133	37	10
8082	232	64	17
8083	224	61	16
8084	246	67	18
8085	144	40	11
8086	218	59	16
8087	144	40	11
8088	133	37	10
8089	74	19	6
8090	155	43	12
8091	246	67	18
8092	144	40	11
8093	133	37	10
8094	133	37	10
8095	129	36	9
8096	218	59	16
8097	50	12	4
8098	252	69	19
8099	144	40	11
8100	191	52	14
8101	220	60	16
8102	218	59	16
8103	254	69	19
8104	252	69	19
8105	218	59	16
8106	252	69	19
8107	224	61	16
8108	218	59	16
8109	224	61	16
8110	220	60	16
8111	218	59	16
8112	218	59	16
8113	218	59	16
8114	218	59	16
8115	253	69	19
8116	223	61	16
8117	218	59	16
8118	224	61	16
8119	224	61	16
8120	225	61	16
8121	236	65	17
8122	144	40	11
8123	127	35	9
8124	130	36	9
8125	144	40	11
8126	144	40	11
8127	246	67	18
8128	144	40	11
8129	245	67	18
8130	144	40	11
8131	126	35	9
8132	245	67	18
8133	263	72	20
8134	144	40	11
8135	242	66	18
8136	242	66	18
8137	232	64	17
8138	119	33	9
8139	14	3	1
8140	214	58	15
8141	133	37	10
8142	133	37	10
8143	77	20	6
8144	144	40	11
8145	218	59	16
8146	179	49	13
8147	224	61	16
8148	218	59	16
8149	283	77	21
8150	144	40	11
8151	259	71	19
8152	224	61	16
8153	224	61	16
8154	133	37	10
8155	65	17	5
8156	144	40	11
8157	224	61	16
8158	155	43	12
8159	147	41	11
8160	179	49	13
8161	179	49	13
8162	282	76	21
8163	168	46	12
8164	68	17	5
8165	162	44	12
8166	154	42	11
8167	168	46	12
8168	189	52	14
8169	179	49	13
8170	190	52	14
8171	164	45	12
8172	167	46	12
8173	187	51	14
8174	190	52	14
8175	168	46	12
8176	147	41	11
8177	260	71	19
8178	154	42	11
8179	299	81	22
8180	135	38	10
8181	103	28	8
8182	133	37	10
8183	110	30	8
8184	121	34	9
8185	133	37	10
8186	86	23	7
8187	241	66	18
8188	105	29	8
8189	211	57	15
8190	147	41	11
8191	134	37	10
8192	297	81	22
8193	21	5	2
8194	120	33	9
8195	123	34	9
8196	224	61	16
8197	126	35	9
8198	129	36	9
8199	136	38	10
8200	96	26	7
8201	122	34	9
8202	282	76	21
8203	141	39	11
8204	178	48	13
8205	94	25	7
8206	72	19	6
8207	120	33	9
8208	77	20	6
8209	122	34	9
8210	147	41	11
8211	95	26	7
8212	12	2	1
8213	94	25	7
8214	46	12	4
8215	144	40	11
8216	129	36	9
8217	100	27	8
8218	144	40	11
8219	42	11	3
8220	125	35	9
8221	149	41	11
8222	105	29	8
8223	123	34	9
8224	242	66	18
8225	234	64	17
8226	234	64	17
8227	281	76	21
8228	29	7	2
8229	230	63	17
8230	75	20	6
8231	23	5	2
8232	246	67	18
8233	284	77	21
8234	144	40	11
8235	214	58	15
8236	244	66	18
8237	266	73	20
8238	41	11	3
8239	216	58	15
8240	205	56	15
8241	228	63	17
8242	200	55	15
8243	234	64	17
8244	203	55	15
8245	204	56	15
8246	204	56	15
8247	263	72	20
8248	206	56	15
8249	216	58	15
8250	216	58	15
8251	202	55	15
8252	32	8	3
8253	207	56	15
8254	204	56	15
8255	207	56	15
8256	237	65	17
8257	216	58	15
8258	207	56	15
8259	204	56	15
8260	242	66	18
8261	245	67	18
8262	245	67	18
8263	246	67	18
8264	245	67	18
8265	245	67	18
8266	245	67	18
8267	245	67	18
8268	144	40	11
8269	245	67	18
8270	281	76	21
8271	75	20	6
8272	242	66	18
8273	245	67	18
8274	246	67	18
8275	224	61	16
8276	246	67	18
8277	241	66	18
8278	281	76	21
8279	218	59	16
8280	245	67	18
8281	253	69	19
8282	245	67	18
8283	217	59	16
8284	246	67	18
8285	281	76	21
8286	249	68	18
8287	249	68	18
8288	217	59	16
8289	220	60	16
8290	249	68	18
8291	100	27	8
8292	50	12	4
8293	130	36	9
8294	134	37	10
8295	133	37	10
8296	249	68	18
8297	134	37	10
8298	133	37	10
8299	134	37	10
8300	133	37	10
8301	133	37	10
8302	110	30	8
8303	134	37	10
8304	133	37	10
8305	134	37	10
8306	249	68	18
8307	133	37	10
8308	134	37	10
8309	87	23	7
8310	218	59	16
8311	284	77	21
8312	133	37	10
8313	77	20	6
8314	118	32	9
8315	227	62	17
8316	133	37	10
8317	224	61	16
8318	218	59	16
8319	249	68	18
8320	144	40	11
8321	177	48	13
8322	246	67	18
8323	224	61	16
8324	133	37	10
8325	246	67	18
8326	218	59	16
8327	299	81	22
8328	246	67	18
8329	104	29	8
8330	60	15	5
8331	159	44	12
8332	68	17	5
8333	246	67	18
8334	245	67	18
8335	245	67	18
8336	245	67	18
8337	245	67	18
8338	245	67	18
8339	246	67	18
8340	189	52	14
8341	245	67	18
8342	246	67	18
8343	260	71	19
8344	245	67	18
8345	144	40	11
8346	245	67	18
8347	157	43	12
8348	245	67	18
8349	136	38	10
8350	246	67	18
8351	285	77	21
8352	246	67	18
8353	89	24	7
8354	241	66	18
8355	83	22	6
8356	98	26	7
8357	65	17	5
8358	249	68	18
8359	21	5	2
8360	30	7	2
8361	59	15	5
8362	117	32	9
8363	17	3	1
8364	299	81	22
8365	92	25	7
8366	295	80	22
8367	17	3	1
8368	129	36	9
8369	300	81	22
8370	10	2	1
8371	288	78	22
8372	21	5	2
8373	298	81	22
8374	111	30	8
8375	92	25	7
8376	62	16	5
8377	139	38	10
8378	195	53	14
8379	94	25	7
8380	83	22	6
8381	114	31	8
8382	295	80	22
8383	21	5	2
8384	59	15	5
8385	62	16	5
8386	111	30	8
8387	104	29	8
8388	107	29	8
8389	89	24	7
8390	132	36	9
8391	65	17	5
8392	107	29	8
8393	107	29	8
8394	106	29	8
8395	107	29	8
8396	270	74	20
8397	92	25	7
8398	107	29	8
8399	107	29	8
8400	191	52	14
8401	101	28	8
8402	63	16	5
8403	92	25	7
8404	105	29	8
8405	64	16	5
8406	106	29	8
8407	101	28	8
8408	92	25	7
8409	107	29	8
8410	106	29	8
8411	107	29	8
8412	106	29	8
8413	114	31	8
8414	78	21	6
8415	13	3	1
8416	114	31	8
8417	92	25	7
8418	7	2	1
8419	13	3	1
8420	10	2	1
8421	78	21	6
8422	10	2	1
8423	13	3	1
8424	94	25	7
8425	17	3	1
8426	92	25	7
8427	94	25	7
8428	117	32	9
8429	114	31	8
8430	92	25	7
8431	59	15	5
8432	92	25	7
8433	7	2	1
8434	17	3	1
8435	12	2	1
8436	130	36	9
8437	12	2	1
8438	21	5	2
8439	10	2	1
8440	130	36	9
8441	7	2	1
8442	92	25	7
8443	7	2	1
8444	12	2	1
8445	8	2	1
8446	7	2	1
8447	78	21	6
8448	137	38	10
8449	118	32	9
8450	295	80	22
8451	88	23	7
8452	118	32	9
8453	118	32	9
8454	118	32	9
8455	118	32	9
8456	121	34	9
8457	132	36	9
8458	118	32	9
8459	118	32	9
8460	295	80	22
8461	300	81	22
8462	134	37	10
8463	116	32	9
8464	118	32	9
8465	121	34	9
8466	290	78	22
8467	118	32	9
8468	118	32	9
8469	118	32	9
8470	118	32	9
8471	118	32	9
8472	118	32	9
8473	96	26	7
8474	118	32	9
8475	118	32	9
8476	128	35	9
8477	100	27	8
8478	137	38	10
8479	293	79	22
8480	115	31	8
8481	117	32	9
8482	116	32	9
8483	75	20	6
8484	118	32	9
8485	194	53	14
8486	116	32	9
8487	295	80	22
8488	75	20	6
8489	111	30	8
8490	117	32	9
8491	116	32	9
8492	295	80	22
8493	47	12	4
8494	111	30	8
8495	295	80	22
8496	121	34	9
8497	101	28	8
8498	115	31	8
8499	134	37	10
8500	75	20	6
8501	117	32	9
8502	101	28	8
8503	295	80	22
8504	123	34	9
8505	101	28	8
8506	111	30	8
8507	111	30	8
8508	114	31	8
8509	111	30	8
8510	111	30	8
8511	111	30	8
8512	120	33	9
8513	111	30	8
8514	110	30	8
8515	116	32	9
8516	111	30	8
8517	110	30	8
8518	111	30	8
8519	10	2	1
8520	110	30	8
8521	111	30	8
8522	111	30	8
8523	111	30	8
8524	300	81	22
8525	111	30	8
8526	111	30	8
8527	111	30	8
8528	111	30	8
8529	110	30	8
8530	111	30	8
8531	111	30	8
8532	111	30	8
8533	111	30	8
8534	111	30	8
8535	120	33	9
8536	135	38	10
8537	120	33	9
8538	120	33	9
8539	120	33	9
8540	120	33	9
8541	120	33	9
8542	120	33	9
8543	120	33	9
8544	120	33	9
8545	120	33	9
8546	71	18	5
8547	120	33	9
8548	120	33	9
8549	120	33	9
8550	120	33	9
8551	120	33	9
8552	120	33	9
8553	120	33	9
8554	116	32	9
8555	120	33	9
8556	120	33	9
8557	114	31	8
8558	120	33	9
8559	111	30	8
8560	120	33	9
8561	120	33	9
8562	120	33	9
8563	120	33	9
8564	120	33	9
8565	81	22	6
8566	90	24	7
8567	206	56	15
8568	296	80	22
8569	122	34	9
8570	77	20	6
8571	128	35	9
8572	88	23	7
8573	81	22	6
8574	296	80	22
8575	20	4	2
8576	99	27	8
8577	73	19	6
8578	81	22	6
8579	193	53	14
8580	118	32	9
8581	88	23	7
8582	20	4	2
8583	81	22	6
8584	118	32	9
8585	118	32	9
8586	296	80	22
8587	299	81	22
8588	118	32	9
8589	81	22	6
8590	118	32	9
8591	118	32	9
8592	128	35	9
8593	128	35	9
8594	128	35	9
8595	128	35	9
8596	206	56	15
8597	126	35	9
8598	128	35	9
8599	132	36	9
8600	128	35	9
8601	73	19	6
8602	136	38	10
8603	192	53	14
8604	137	38	10
8605	194	53	14
8606	191	52	14
8607	137	38	10
8608	137	38	10
8609	196	53	14
8610	196	53	14
8611	151	42	11
8612	141	39	11
8613	136	38	10
8614	128	35	9
8615	135	38	10
8616	194	53	14
8617	137	38	10
8618	196	53	14
8619	192	53	14
8620	93	25	7
8621	193	53	14
8622	21	5	2
8623	110	30	8
8624	153	42	11
8625	123	34	9
8626	136	38	10
8627	128	35	9
8628	300	81	22
8629	18	4	2
8630	111	30	8
8631	134	37	10
8632	100	27	8
8633	136	38	10
8634	123	34	9
8635	112	31	8
8636	136	38	10
8637	123	34	9
8638	72	19	6
8639	111	30	8
8640	137	38	10
8641	128	35	9
8642	134	37	10
8643	111	30	8
8644	123	34	9
8645	128	35	9
8646	111	30	8
8647	110	30	8
8648	111	30	8
8649	295	80	22
8650	125	35	9
8651	21	5	2
8652	28	7	2
8653	128	35	9
8654	28	7	2
8655	112	31	8
8656	139	38	10
8657	128	35	9
8658	128	35	9
8659	134	37	10
8660	125	35	9
8661	298	81	22
8662	136	38	10
8663	22	5	2
8664	101	28	8
8665	123	34	9
8666	133	37	10
8667	18	4	2
8668	75	20	6
8669	123	34	9
8670	75	20	6
8671	128	35	9
8672	21	5	2
8673	128	35	9
8674	123	34	9
8675	75	20	6
8676	75	20	6
8677	128	35	9
8678	128	35	9
8679	128	35	9
8680	300	81	22
8681	128	35	9
8682	128	35	9
8683	130	36	9
8684	128	35	9
8685	116	32	9
8686	128	35	9
8687	123	34	9
8688	299	81	22
8689	115	31	8
8690	295	80	22
8691	123	34	9
8692	117	32	9
8693	123	34	9
8694	117	32	9
8695	123	34	9
8696	84	22	6
8697	136	38	10
8698	295	80	22
8699	116	32	9
8700	111	30	8
8701	136	38	10
8702	115	31	8
8703	114	31	8
8704	101	28	8
8705	114	31	8
8706	117	32	9
8707	101	28	8
8708	123	34	9
8709	134	37	10
8710	77	20	6
8711	116	32	9
8712	117	32	9
8713	114	31	8
8714	118	32	9
8715	221	60	16
8716	114	31	8
8717	117	32	9
8718	295	80	22
8719	100	27	8
8720	77	20	6
8721	295	80	22
8722	18	4	2
8723	126	35	9
8724	123	34	9
8725	116	32	9
8726	114	31	8
8727	120	33	9
8728	295	80	22
8729	137	38	10
8730	137	38	10
8731	114	31	8
8732	111	30	8
8733	118	32	9
8734	295	80	22
8735	82	22	6
8736	97	26	7
8737	95	26	7
8738	98	26	7
8739	92	25	7
8740	19	4	2
8741	300	81	22
8742	86	23	7
8743	98	26	7
8744	84	22	6
8745	84	22	6
8746	86	23	7
8747	126	35	9
8748	95	26	7
8749	82	22	6
8750	85	23	7
8751	97	26	7
8752	92	25	7
8753	84	22	6
8754	95	26	7
8755	91	24	7
8756	84	22	6
8757	95	26	7
8758	85	23	7
8759	150	42	11
8760	120	33	9
8761	15	3	1
8762	128	35	9
8763	119	33	9
8764	279	76	21
8765	128	35	9
8766	127	35	9
8767	122	34	9
8768	128	35	9
8769	246	67	18
8770	127	35	9
8771	127	35	9
8772	139	38	10
8773	289	78	22
8774	128	35	9
8775	126	35	9
8776	127	35	9
8777	249	68	18
8778	128	35	9
8779	190	52	14
8780	190	52	14
8781	125	35	9
8782	127	35	9
8783	128	35	9
8784	77	20	6
8785	118	32	9
8786	296	80	22
8787	126	35	9
8788	118	32	9
8789	103	28	8
8790	52	13	4
8791	294	79	22
8792	128	35	9
8793	120	33	9
8794	116	32	9
8795	116	32	9
8796	128	35	9
8797	241	66	18
8798	18	4	2
8799	126	35	9
8800	299	81	22
8801	117	32	9
8802	84	22	6
8803	120	33	9
8804	269	74	20
8805	299	81	22
8806	126	35	9
8807	114	31	8
8808	184	50	14
8809	52	13	4
8810	164	45	12
8811	49	12	4
8812	102	28	8
8813	46	12	4
8814	190	52	14
8815	263	72	20
8816	195	53	14
8817	162	44	12
8818	245	67	18
8819	52	13	4
8820	182	50	14
8821	184	50	14
8822	194	53	14
8823	10	2	1
8824	155	43	12
8825	46	12	4
8826	23	5	2
8827	52	13	4
8828	184	50	14
8829	49	12	4
8830	184	50	14
8831	184	50	14
8832	117	32	9
8833	103	28	8
8834	75	20	6
8835	114	31	8
8836	116	32	9
8837	295	80	22
8838	134	37	10
8839	114	31	8
8840	115	31	8
8841	53	14	4
8842	117	32	9
8843	119	33	9
8844	114	31	8
8845	295	80	22
8846	101	28	8
8847	117	32	9
8848	295	80	22
8849	115	31	8
8850	117	32	9
8851	111	30	8
8852	115	31	8
8853	136	38	10
8854	295	80	22
8855	123	34	9
8856	128	35	9
8857	123	34	9
8858	293	79	22
8859	192	53	14
8860	136	38	10
8861	111	30	8
8862	115	31	8
8863	128	35	9
8864	118	32	9
8865	128	35	9
8866	154	42	11
8867	123	34	9
8868	114	31	8
8869	50	12	4
8870	271	74	20
8871	127	35	9
8872	137	38	10
8873	111	30	8
8874	130	36	9
8875	127	35	9
8876	120	33	9
8877	115	31	8
8878	152	42	11
8879	28	7	2
8880	241	66	18
8881	128	35	9
8882	128	35	9
8883	130	36	9
8884	128	35	9
8885	295	80	22
8886	75	20	6
8887	75	20	6
8888	117	32	9
8889	115	31	8
8890	116	32	9
8891	75	20	6
8892	116	32	9
8893	136	38	10
8894	117	32	9
8895	111	30	8
8896	194	53	14
8897	295	80	22
8898	295	80	22
8899	295	80	22
8900	100	27	8
8901	194	53	14
8902	118	32	9
8903	77	20	6
8904	128	35	9
8905	117	32	9
8906	128	35	9
8907	123	34	9
8908	117	32	9
8909	193	53	14
8910	110	30	8
8911	196	53	14
8912	128	35	9
8913	123	34	9
8914	120	33	9
8915	194	53	14
8916	118	32	9
8917	114	31	8
8918	135	38	10
8919	134	37	10
8920	23	5	2
8921	299	81	22
8922	247	68	18
8923	123	34	9
8924	30	7	2
8925	128	35	9
8926	17	3	1
8927	130	36	9
8928	115	31	8
8929	299	81	22
8930	118	32	9
8931	127	35	9
8932	127	35	9
8933	112	31	8
8934	127	35	9
8935	128	35	9
8936	300	81	22
8937	222	60	16
8938	127	35	9
8939	128	35	9
8940	127	35	9
8941	299	81	22
8942	23	5	2
8943	116	32	9
8944	130	36	9
8945	280	76	21
8946	299	81	22
8947	280	76	21
8948	280	76	21
8949	143	40	11
8950	280	76	21
8951	282	76	21
8952	241	66	18
8953	282	76	21
8954	114	31	8
8955	135	38	10
8956	155	43	12
8957	299	81	22
8958	280	76	21
8959	299	81	22
8960	280	76	21
8961	280	76	21
8962	288	78	22
8963	299	81	22
8964	126	35	9
8965	299	81	22
8966	280	76	21
8967	109	30	8
8968	136	38	10
8969	123	34	9
8970	196	53	14
8971	125	35	9
8972	47	12	4
8973	196	53	14
8974	196	53	14
8975	134	37	10
8976	136	38	10
8977	151	42	11
8978	136	38	10
8979	134	37	10
8980	196	53	14
8981	150	42	11
8982	134	37	10
8983	196	53	14
8984	195	53	14
8985	148	41	11
8986	134	37	10
8987	134	37	10
8988	134	37	10
8989	136	38	10
8990	54	14	4
8991	190	52	14
8992	150	42	11
8993	134	37	10
8994	196	53	14
8995	196	53	14
8996	196	53	14
8997	191	52	14
8998	136	38	10
8999	196	53	14
9000	148	41	11
9001	196	53	14
9002	282	76	21
9003	84	22	6
9004	196	53	14
9005	196	53	14
9006	196	53	14
9007	196	53	14
9008	117	32	9
9009	196	53	14
9010	196	53	14
9011	141	39	11
9012	196	53	14
9013	151	42	11
9014	136	38	10
9015	196	53	14
9016	151	42	11
9017	150	42	11
9018	151	42	11
9019	196	53	14
9020	196	53	14
9021	167	46	12
9022	196	53	14
9023	190	52	14
9024	168	46	12
9025	151	42	11
9026	120	33	9
9027	120	33	9
9028	120	33	9
9029	155	43	12
9030	120	33	9
9031	272	74	20
9032	117	32	9
9033	116	32	9
9034	101	28	8
9035	120	33	9
9036	114	31	8
9037	114	31	8
9038	114	31	8
9039	115	31	8
9040	128	35	9
9041	65	17	5
9042	111	30	8
9043	114	31	8
9044	65	17	5
9045	113	31	8
9046	113	31	8
9047	114	31	8
9048	111	30	8
9049	114	31	8
9050	112	31	8
9051	24	6	2
9052	114	31	8
9053	114	31	8
9054	113	31	8
9055	101	28	8
9056	295	80	22
9057	113	31	8
9058	114	31	8
9059	192	53	14
9060	133	37	10
9061	114	31	8
9062	114	31	8
9063	280	76	21
9064	299	81	22
9065	114	31	8
9066	114	31	8
9067	113	31	8
9068	100	27	8
9069	113	31	8
9070	114	31	8
9071	114	31	8
9072	114	31	8
9073	114	31	8
9074	113	31	8
9075	126	35	9
9076	126	35	9
9077	130	36	9
9078	130	36	9
9079	126	35	9
9080	127	35	9
9081	130	36	9
9082	126	35	9
9083	300	81	22
9084	130	36	9
9085	74	19	6
9086	130	36	9
9087	150	42	11
9088	127	35	9
9089	126	35	9
9090	130	36	9
9091	126	35	9
9092	18	4	2
9093	282	76	21
9094	127	35	9
9095	299	81	22
9096	18	4	2
9097	127	35	9
9098	74	19	6
9099	18	4	2
9100	129	36	9
9101	127	35	9
9102	130	36	9
9103	127	35	9
9104	299	81	22
9105	127	35	9
9106	299	81	22
9107	18	4	2
9108	127	35	9
9109	129	36	9
9110	190	52	14
9111	18	4	2
9112	16	3	1
9113	127	35	9
9114	282	76	21
9115	18	4	2
9116	128	35	9
9117	18	4	2
9118	296	80	22
9119	116	32	9
9120	246	67	18
9121	296	80	22
9122	128	35	9
9123	129	36	9
9124	22	5	2
9125	299	81	22
9126	128	35	9
9127	128	35	9
9128	128	35	9
9129	116	32	9
9130	146	40	11
9131	146	40	11
9132	128	35	9
9133	74	19	6
9134	126	35	9
9135	126	35	9
9136	113	31	8
9137	114	31	8
9138	113	31	8
9139	116	32	9
9140	299	81	22
9141	128	35	9
9142	112	31	8
9143	23	5	2
9144	128	35	9
9145	134	37	10
9146	128	35	9
9147	114	31	8
9148	101	28	8
9149	116	32	9
9150	129	36	9
9151	30	7	2
9152	114	31	8
9153	126	35	9
9154	241	66	18
9155	125	35	9
9156	114	31	8
9157	118	32	9
9158	116	32	9
9159	122	34	9
9160	49	12	4
9161	128	35	9
9162	137	38	10
9163	120	33	9
9164	101	28	8
9165	127	35	9
9166	182	50	14
9167	101	28	8
9168	101	28	8
9169	101	28	8
9170	114	31	8
9171	117	32	9
9172	295	80	22
9173	117	32	9
9174	117	32	9
9175	293	79	22
9176	291	79	22
9177	101	28	8
9178	46	12	4
9179	101	28	8
9180	116	32	9
9181	101	28	8
9182	122	34	9
9183	122	34	9
9184	101	28	8
9185	101	28	8
9186	128	35	9
9187	116	32	9
9188	128	35	9
9189	100	27	8
9190	280	76	21
9191	299	81	22
9192	113	31	8
9193	116	32	9
9194	280	76	21
9195	116	32	9
9196	116	32	9
9197	128	35	9
9198	128	35	9
9199	125	35	9
9200	117	32	9
9201	120	33	9
9202	128	35	9
9203	75	20	6
9204	128	35	9
9205	128	35	9
9206	126	35	9
9207	75	20	6
9208	125	35	9
9209	16	3	1
9210	110	30	8
9211	16	3	1
9212	299	81	22
9213	247	68	18
9214	155	43	12
9215	101	28	8
9216	155	43	12
9217	114	31	8
9218	101	28	8
9219	101	28	8
9220	101	28	8
9221	101	28	8
9222	295	80	22
9223	291	79	22
9224	101	28	8
9225	156	43	12
9226	101	28	8
9227	101	28	8
9228	101	28	8
9229	295	80	22
9230	156	43	12
9231	300	81	22
9232	50	12	4
9233	192	53	14
9234	50	12	4
9235	50	12	4
9236	61	16	5
9237	119	33	9
9238	128	35	9
9239	155	43	12
9240	192	53	14
9241	128	35	9
9242	50	12	4
9243	50	12	4
9244	50	12	4
9245	108	30	8
9246	102	28	8
9247	128	35	9
9248	61	16	5
9249	192	53	14
9250	295	80	22
9251	67	17	5
9252	101	28	8
9253	155	43	12
9254	118	32	9
9255	247	68	18
9256	53	14	4
9257	155	43	12
9258	116	32	9
9259	184	50	14
9260	247	68	18
9261	155	43	12
9262	101	28	8
9263	116	32	9
9264	101	28	8
9265	116	32	9
9266	299	81	22
9267	120	33	9
9268	247	68	18
9269	53	14	4
9270	101	28	8
9271	101	28	8
9272	103	28	8
9273	196	53	14
9274	134	37	10
9275	110	30	8
9276	114	31	8
9277	122	34	9
9278	121	34	9
9279	295	80	22
9280	89	24	7
9281	22	5	2
9282	241	66	18
9283	119	33	9
9284	299	81	22
9285	130	36	9
9286	296	80	22
9287	97	26	7
9288	86	23	7
9289	130	36	9
9290	295	80	22
9291	127	35	9
9292	48	12	4
9293	130	36	9
9294	76	20	6
9295	127	35	9
9296	126	35	9
9297	130	36	9
9298	127	35	9
9299	119	33	9
9300	125	35	9
9301	48	12	4
9302	128	35	9
9303	127	35	9
9304	118	32	9
9305	117	32	9
9306	50	12	4
9307	48	12	4
9308	130	36	9
9309	130	36	9
9310	18	4	2
9311	18	4	2
9312	18	4	2
9313	18	4	2
9314	18	4	2
9315	18	4	2
9316	18	4	2
9317	18	4	2
9318	134	37	10
9319	18	4	2
9320	18	4	2
9321	18	4	2
9322	134	37	10
9323	18	4	2
9324	194	53	14
9325	18	4	2
9326	18	4	2
9327	18	4	2
9328	18	4	2
9329	137	38	10
9330	122	34	9
9331	110	30	8
9332	120	33	9
9333	128	35	9
9334	120	33	9
9335	100	27	8
9336	282	76	21
9337	126	35	9
9338	282	76	21
9339	117	32	9
9340	92	25	7
9341	116	32	9
9342	138	38	10
9343	143	40	11
9344	269	74	20
9345	300	81	22
9346	23	5	2
9347	134	37	10
9348	120	33	9
9349	72	19	6
9350	120	33	9
9351	192	53	14
9352	50	12	4
9353	118	32	9
9354	120	33	9
9355	196	53	14
9356	118	32	9
9357	204	56	15
9358	266	73	20
9359	205	56	15
9360	210	57	15
9361	34	8	3
9362	35	8	3
9363	156	43	12
9364	156	43	12
9365	153	42	11
9366	86	23	7
9367	204	56	15
9368	207	56	15
9369	237	65	17
9370	210	57	15
9371	298	81	22
9372	298	81	22
9373	156	43	12
9374	156	43	12
9375	210	57	15
9376	31	8	3
9377	41	11	3
9378	265	73	20
9379	222	60	16
9380	266	73	20
9381	153	42	11
9382	266	73	20
9383	210	57	15
9384	34	8	3
9385	266	73	20
9386	276	75	21
9387	298	81	22
9388	274	75	21
9389	265	73	20
9390	276	75	21
9391	280	76	21
9392	234	64	17
9393	273	75	21
9394	264	72	20
9395	132	36	9
9396	292	79	22
9397	265	73	20
9398	265	73	20
9399	293	79	22
9400	156	43	12
9401	276	75	21
9402	264	72	20
9403	285	77	21
9404	276	75	21
9405	292	79	22
9406	266	73	20
9407	292	79	22
9408	282	76	21
9409	293	79	22
9410	234	64	17
9411	203	55	15
9412	56	14	4
9413	210	57	15
9414	210	57	15
9415	156	43	12
9416	197	54	15
9417	292	79	22
9418	203	55	15
9419	267	73	20
9420	146	40	11
9421	292	79	22
9422	18	4	2
9423	137	38	10
9424	292	79	22
9425	203	55	15
9426	31	8	3
9427	210	57	15
9428	24	6	2
9429	210	57	15
9430	210	57	15
9431	291	79	22
9432	292	79	22
9433	292	79	22
9434	230	63	17
9435	292	79	22
9436	203	55	15
9437	292	79	22
9438	197	54	15
9439	24	6	2
9440	266	73	20
9441	292	79	22
9442	292	79	22
9443	201	55	15
9444	199	54	15
9445	99	27	8
9446	210	57	15
9447	35	8	3
9448	203	55	15
9449	292	79	22
9450	36	9	3
9451	264	72	20
9452	292	79	22
9453	267	73	20
9454	292	79	22
9455	280	76	21
9456	264	72	20
9457	109	30	8
9458	35	8	3
9459	210	57	15
9460	292	79	22
9461	130	36	9
9462	132	36	9
9463	145	40	11
9464	234	64	17
9465	39	10	3
9466	36	9	3
9467	39	10	3
9468	210	57	15
9469	24	6	2
9470	35	8	3
9471	225	61	16
9472	38	9	3
9473	292	79	22
9474	202	55	15
9475	202	55	15
9476	137	38	10
9477	126	35	9
9478	292	79	22
9479	18	4	2
9480	292	79	22
9481	292	79	22
9482	292	79	22
9483	292	79	22
9484	3	1	1
9485	210	57	15
9486	39	10	3
9487	24	6	2
9488	202	55	15
9489	290	78	22
9490	39	10	3
9491	16	3	1
9492	4	1	1
9493	267	73	20
9494	210	57	15
9495	265	73	20
9496	31	8	3
9497	199	54	15
9498	203	55	15
9499	210	57	15
9500	210	57	15
9501	239	65	17
9502	268	73	20
9503	267	73	20
9504	44	11	3
9505	149	41	11
9506	37	9	3
9507	210	57	15
9508	149	41	11
9509	150	42	11
9510	215	58	15
9511	203	55	15
9512	202	55	15
9513	123	34	9
9514	2	1	1
9515	210	57	15
9516	198	54	15
9517	16	3	1
9518	35	8	3
9519	24	6	2
9520	203	55	15
9521	206	56	15
9522	24	6	2
9523	202	55	15
9524	210	57	15
9525	291	79	22
9526	266	73	20
9527	264	72	20
9528	264	72	20
9529	274	75	21
9530	297	81	22
9531	28	7	2
9532	24	6	2
9533	24	6	2
9534	197	54	15
9535	203	55	15
9536	33	8	3
9537	26	6	2
9538	234	64	17
9539	265	73	20
9540	267	73	20
9541	210	57	15
9542	276	75	21
9543	203	55	15
9544	268	73	20
9545	19	4	2
9546	210	57	15
9547	266	73	20
9548	280	76	21
9549	299	81	22
9550	137	38	10
9551	280	76	21
9552	104	29	8
9553	265	73	20
9554	38	9	3
9555	113	31	8
9556	41	11	3
9557	116	32	9
9558	299	81	22
9559	294	79	22
9560	223	61	16
9561	299	81	22
9562	235	65	17
9563	273	75	21
9564	293	79	22
9565	28	7	2
9566	95	26	7
9567	28	7	2
9568	100	27	8
9569	28	7	2
9570	190	52	14
9571	28	7	2
9572	28	7	2
9573	212	57	15
9574	90	24	7
9575	101	28	8
9576	125	35	9
9577	29	7	2
9578	234	64	17
9579	28	7	2
9580	212	57	15
9581	28	7	2
9582	72	19	6
9583	28	7	2
9584	21	5	2
9585	28	7	2
9586	28	7	2
9587	112	31	8
9588	29	7	2
9589	212	57	15
9590	15	3	1
9591	28	7	2
9592	28	7	2
9593	231	63	17
9594	41	11	3
9595	222	60	16
9596	28	7	2
9597	136	38	10
9598	28	7	2
9599	92	25	7
9600	284	77	21
9601	28	7	2
9602	28	7	2
9603	93	25	7
9604	30	7	2
9605	196	53	14
9606	28	7	2
9607	93	25	7
9608	41	11	3
9609	125	35	9
9610	30	7	2
9611	93	25	7
9612	141	39	11
9613	93	25	7
9614	16	3	1
9615	28	7	2
9616	127	35	9
9617	125	35	9
9618	41	11	3
9619	42	11	3
9620	41	11	3
9621	41	11	3
9622	83	22	6
9623	84	22	6
9624	41	11	3
9625	28	7	2
9626	28	7	2
9627	28	7	2
9628	42	11	3
9629	28	7	2
9630	33	8	3
9631	41	11	3
9632	28	7	2
9633	126	35	9
9634	41	11	3
9635	133	37	10
9636	16	3	1
9637	15	3	1
9638	125	35	9
9639	27	7	2
9640	300	81	22
9641	125	35	9
9642	92	25	7
9643	120	33	9
9644	299	81	22
9645	42	11	3
9646	28	7	2
9647	28	7	2
9648	41	11	3
9649	212	57	15
9650	28	7	2
9651	28	7	2
9652	41	11	3
9653	41	11	3
9654	28	7	2
9655	41	11	3
9656	28	7	2
9657	41	11	3
9658	125	35	9
9659	121	34	9
9660	41	11	3
9661	41	11	3
9662	41	11	3
9663	125	35	9
9664	41	11	3
9665	41	11	3
9666	41	11	3
9667	41	11	3
9668	41	11	3
9669	41	11	3
9670	125	35	9
9671	125	35	9
9672	41	11	3
9673	214	58	15
9674	131	36	9
9675	194	53	14
9676	106	29	8
9677	105	29	8
9678	266	73	20
9679	210	57	15
9680	67	17	5
9681	266	73	20
9682	137	38	10
9683	104	29	8
9684	275	75	21
9685	124	34	9
9686	191	52	14
9687	105	29	8
9688	210	57	15
9689	67	17	5
9690	24	6	2
9691	44	11	3
9692	264	72	20
9693	196	53	14
9694	112	31	8
9695	130	36	9
9696	113	31	8
9697	24	6	2
9698	105	29	8
9699	28	7	2
9700	28	7	2
9701	31	8	3
9702	31	8	3
9703	32	8	3
9704	30	7	2
9705	25	6	2
9706	121	34	9
9707	30	7	2
9708	25	6	2
9709	30	7	2
9710	111	30	8
9711	101	28	8
9712	30	7	2
9713	30	7	2
9714	30	7	2
9715	30	7	2
9716	30	7	2
9717	73	19	6
9718	83	22	6
9719	90	24	7
9720	60	15	5
9721	96	26	7
9722	88	23	7
9723	86	23	7
9724	97	26	7
9725	92	25	7
9726	96	26	7
9727	16	3	1
9728	16	3	1
9729	86	23	7
9730	90	24	7
9731	41	11	3
9732	97	26	7
9733	95	26	7
9734	29	7	2
9735	83	22	6
9736	130	36	9
9737	92	25	7
9738	83	22	6
9739	73	19	6
9740	95	26	7
9741	100	27	8
9742	94	25	7
9743	98	26	7
9744	85	23	7
9745	75	20	6
9746	35	8	3
9747	66	17	5
9748	267	73	20
9749	24	6	2
9750	267	73	20
9751	272	74	20
9752	266	73	20
9753	86	23	7
9754	267	73	20
9755	273	75	21
9756	197	54	15
9757	282	76	21
9758	25	6	2
9759	267	73	20
9760	120	33	9
9761	274	75	21
9762	140	39	11
9763	282	76	21
9764	274	75	21
9765	31	8	3
9766	38	9	3
9767	27	7	2
9768	42	11	3
9769	135	38	10
9770	135	38	10
9771	41	11	3
9772	19	4	2
9773	27	7	2
9774	33	8	3
9775	135	38	10
9776	201	55	15
9777	44	11	3
9778	41	11	3
9779	27	7	2
9780	35	8	3
9781	27	7	2
9782	27	7	2
9783	42	11	3
9784	27	7	2
9785	17	3	1
9786	135	38	10
9787	27	7	2
9788	44	11	3
9789	299	81	22
9790	41	11	3
9791	28	7	2
9792	43	11	3
9793	75	20	6
9794	266	73	20
9795	24	6	2
9796	74	19	6
9797	210	57	15
9798	210	57	15
9799	25	6	2
9800	16	3	1
9801	30	7	2
9802	19	4	2
9803	35	8	3
9804	114	31	8
9805	261	72	20
9806	228	63	17
9807	103	28	8
9808	136	38	10
9809	225	61	16
9810	202	55	15
9811	280	76	21
9812	234	64	17
9813	89	24	7
9814	101	28	8
9815	223	61	16
9816	24	6	2
9817	120	33	9
9818	118	32	9
9819	28	7	2
9820	89	24	7
9821	89	24	7
9822	92	25	7
9823	213	58	15
9824	136	38	10
9825	266	73	20
9826	110	30	8
9827	266	73	20
9828	19	4	2
9829	131	36	9
9830	120	33	9
9831	228	63	17
9832	79	21	6
9833	137	38	10
9834	120	33	9
9835	19	4	2
9836	107	29	8
9837	131	36	9
9838	131	36	9
9839	131	36	9
9840	18	4	2
9841	131	36	9
9842	131	36	9
9843	131	36	9
9844	19	4	2
9845	73	19	6
9846	19	4	2
9847	132	36	9
9848	137	38	10
9849	210	57	15
9850	207	56	15
9851	26	6	2
9852	6	1	1
9853	122	34	9
9854	6	1	1
9855	228	63	17
9856	82	22	6
9857	25	6	2
9858	26	6	2
9859	199	54	15
9860	199	54	15
9861	119	33	9
9862	19	4	2
9863	27	7	2
9864	139	38	10
9865	266	73	20
9866	132	36	9
9867	135	38	10
9868	17	3	1
9869	138	38	10
9870	210	57	15
9871	100	27	8
9872	126	35	9
9873	293	79	22
9874	210	57	15
9875	277	75	21
9876	196	53	14
9877	138	38	10
9878	270	74	20
9879	83	22	6
9880	270	74	20
9881	30	7	2
9882	84	22	6
9883	99	27	8
9884	85	23	7
9885	77	20	6
9886	123	34	9
9887	76	20	6
9888	83	22	6
9889	16	3	1
9890	30	7	2
9891	282	76	21
9892	119	33	9
9893	107	29	8
9894	76	20	6
9895	88	23	7
9896	14	3	1
9897	99	27	8
9898	123	34	9
9899	84	22	6
9900	99	27	8
9901	28	7	2
9902	83	22	6
9903	101	28	8
9904	120	33	9
9905	131	36	9
9906	143	40	11
9907	23	5	2
9908	121	34	9
9909	120	33	9
9910	210	57	15
9911	115	31	8
9912	120	33	9
9913	210	57	15
9914	35	8	3
9915	128	35	9
9916	19	4	2
9917	101	28	8
9918	25	6	2
9919	10	2	1
9920	234	64	17
9921	119	33	9
9922	121	34	9
9923	143	40	11
9924	121	34	9
9925	229	63	17
9926	196	53	14
9927	222	60	16
9928	261	72	20
9929	37	9	3
9930	44	11	3
9931	36	9	3
9932	24	6	2
9933	44	11	3
9934	21	5	2
9935	24	6	2
9936	40	10	3
9937	204	56	15
9938	37	9	3
9939	37	9	3
9940	37	9	3
9941	44	11	3
9942	37	9	3
9943	35	8	3
9944	39	10	3
9945	28	7	2
9946	28	7	2
9947	28	7	2
9948	28	7	2
9949	120	33	9
9950	75	20	6
9951	74	19	6
9952	33	8	3
9953	74	19	6
9954	35	8	3
9955	31	8	3
9956	199	54	15
9957	74	19	6
9958	120	33	9
9959	31	8	3
9960	195	53	14
9961	109	30	8
9962	32	8	3
9963	119	33	9
9964	100	27	8
9965	19	4	2
9966	74	19	6
9967	246	67	18
9968	199	54	15
9969	74	19	6
9970	25	6	2
9971	109	30	8
9972	74	19	6
9973	74	19	6
9974	119	33	9
9975	196	53	14
9976	30	7	2
9977	30	7	2
9978	118	32	9
9979	212	57	15
9980	115	31	8
9981	132	36	9
9982	88	23	7
9983	113	31	8
9984	88	23	7
9985	132	36	9
9986	88	23	7
9987	132	36	9
9988	132	36	9
9989	132	36	9
9990	30	7	2
9991	207	56	15
9992	264	72	20
9993	134	37	10
9994	133	37	10
9995	100	27	8
9996	41	11	3
9997	206	56	15
9998	25	6	2
9999	121	34	9
10000	41	11	3
10001	207	56	15
10002	82	22	6
10003	27	7	2
10004	25	6	2
10005	41	11	3
10006	35	8	3
10007	114	31	8
10008	149	41	11
10009	143	40	11
10010	143	40	11
10011	115	31	8
10012	147	41	11
10013	267	73	20
10014	267	73	20
10015	267	73	20
10016	149	41	11
10017	267	73	20
10018	144	40	11
10019	143	40	11
10020	267	73	20
10021	143	40	11
10022	144	40	11
10023	26	6	2
10024	31	8	3
10025	147	41	11
10026	227	62	17
10027	147	41	11
10028	144	40	11
10029	266	73	20
10030	150	42	11
10031	267	73	20
10032	30	7	2
10033	132	36	9
10034	30	7	2
10035	16	3	1
10036	30	7	2
10037	31	8	3
10038	241	66	18
10039	206	56	15
10040	91	24	7
10041	79	21	6
10042	132	36	9
10043	231	63	17
10044	26	6	2
10045	36	9	3
10046	231	63	17
10047	267	73	20
10048	121	34	9
10049	91	24	7
10050	121	34	9
10051	277	75	21
10052	132	36	9
10053	26	6	2
10054	26	6	2
10055	26	6	2
10056	26	6	2
10057	29	7	2
10058	24	6	2
10059	41	11	3
10060	265	73	20
10061	200	55	15
10062	207	56	15
10063	21	5	2
10064	221	60	16
10065	32	8	3
10066	41	11	3
10067	123	34	9
10068	23	5	2
10069	136	38	10
10070	265	73	20
10071	41	11	3
10072	41	11	3
10073	28	7	2
10074	31	8	3
10075	19	4	2
10076	270	74	20
10077	20	4	2
10078	134	37	10
10079	20	4	2
10080	27	7	2
10081	96	26	7
10082	20	4	2
10083	267	73	20
10084	267	73	20
10085	210	57	15
10086	150	42	11
10087	19	4	2
10088	207	56	15
10089	203	55	15
10090	203	55	15
10091	268	73	20
10092	143	40	11
10093	268	73	20
10094	206	56	15
10095	202	55	15
10096	210	57	15
10097	272	74	20
10098	146	40	11
10099	222	60	16
10100	203	55	15
10101	41	11	3
10102	31	8	3
10103	201	55	15
10104	30	7	2
10105	201	55	15
10106	201	55	15
10107	42	11	3
10108	16	3	1
10109	27	7	2
10110	201	55	15
10111	201	55	15
10112	120	33	9
10113	201	55	15
10114	27	7	2
10115	115	31	8
10116	35	8	3
10117	35	8	3
10118	110	30	8
10119	147	41	11
10120	234	64	17
10121	35	8	3
10122	234	64	17
10123	35	8	3
10124	35	8	3
10125	35	8	3
10126	29	7	2
10127	28	7	2
10128	30	7	2
10129	42	11	3
10130	78	21	6
10131	30	7	2
10132	30	7	2
10133	299	81	22
10134	202	55	15
10135	131	36	9
10136	78	21	6
10137	10	2	1
10138	118	32	9
10139	207	56	15
10140	75	20	6
10141	82	22	6
10142	73	19	6
10143	82	22	6
10144	117	32	9
10145	232	64	17
10146	82	22	6
10147	124	34	9
10148	142	39	11
10149	10	2	1
10150	49	12	4
10151	78	21	6
10152	121	34	9
10153	122	34	9
10154	232	64	17
10155	119	33	9
10156	143	40	11
10157	195	53	14
10158	10	2	1
10159	25	6	2
10160	101	28	8
10161	76	20	6
10162	72	19	6
10163	206	56	15
10164	232	64	17
10165	101	28	8
10166	102	28	8
10167	115	31	8
10168	75	20	6
10169	112	31	8
10170	80	21	6
10171	72	19	6
10172	77	20	6
10173	72	19	6
10174	6	1	1
10175	91	24	7
10176	13	3	1
10177	9	2	1
10178	268	73	20
10179	73	19	6
10180	104	29	8
10181	72	19	6
10182	78	21	6
10183	90	24	7
10184	10	2	1
10185	72	19	6
10186	102	28	8
10187	101	28	8
10188	72	19	6
10189	50	12	4
10190	195	53	14
10191	141	39	11
10192	77	20	6
10193	117	32	9
10194	77	20	6
10195	117	32	9
10196	78	21	6
10197	118	32	9
10198	104	29	8
10199	71	18	5
10200	104	29	8
10201	77	20	6
10202	101	28	8
10203	79	21	6
10204	128	35	9
10205	77	20	6
10206	10	2	1
10207	119	33	9
10208	10	2	1
10209	122	34	9
10210	115	31	8
10211	74	19	6
10212	97	26	7
10213	121	34	9
10214	107	29	8
10215	50	12	4
10216	207	56	15
10217	120	33	9
10218	13	3	1
10219	263	72	20
10220	83	22	6
10221	13	3	1
10222	263	72	20
10223	300	81	22
10224	100	27	8
10225	13	3	1
10226	107	29	8
10227	115	31	8
10228	4	1	1
10229	4	1	1
10230	83	22	6
10231	13	3	1
10232	10	2	1
10233	232	64	17
10234	121	34	9
10235	10	2	1
10236	9	2	1
10237	4	1	1
10238	9	2	1
10239	8	2	1
10240	79	21	6
10241	9	2	1
10242	13	3	1
10243	13	3	1
10244	261	72	20
10245	97	26	7
10246	14	3	1
10247	9	2	1
10248	115	31	8
10249	264	72	20
10250	9	2	1
10251	211	57	15
10252	25	6	2
10253	199	54	15
10254	146	40	11
10255	146	40	11
10256	146	40	11
10257	207	56	15
10258	145	40	11
10259	146	40	11
10260	109	30	8
10261	268	73	20
10262	111	30	8
10263	146	40	11
10264	234	64	17
10265	146	40	11
10266	234	64	17
10267	234	64	17
10268	35	8	3
10269	207	56	15
10270	300	81	22
10271	133	37	10
10272	131	36	9
10273	109	30	8
10274	21	5	2
10275	21	5	2
10276	109	30	8
10277	146	40	11
10278	145	40	11
10279	264	72	20
10280	201	55	15
10281	228	63	17
10282	35	8	3
10283	274	75	21
10284	250	69	19
10285	199	54	15
10286	229	63	17
10287	231	63	17
10288	229	63	17
10289	132	36	9
10290	35	8	3
10291	201	55	15
10292	275	75	21
10293	229	63	17
10294	275	75	21
10295	268	73	20
10296	35	8	3
10297	274	75	21
10298	228	63	17
10299	35	8	3
10300	200	55	15
10301	280	76	21
10302	206	56	15
10303	197	54	15
10304	131	36	9
10305	281	76	21
10306	35	8	3
10307	234	64	17
10308	26	6	2
10309	120	33	9
10310	234	64	17
10311	17	3	1
10312	223	61	16
10313	19	4	2
10314	75	20	6
10315	124	34	9
10316	228	63	17
10317	234	64	17
10318	30	7	2
10319	122	34	9
10320	251	69	19
10321	270	74	20
10322	27	7	2
10323	228	63	17
10324	124	34	9
10325	273	75	21
10326	32	8	3
10327	30	7	2
10328	203	55	15
10329	24	6	2
10330	197	54	15
10331	74	19	6
10332	262	72	20
10333	201	55	15
10334	31	8	3
10335	31	8	3
10336	32	8	3
10337	232	64	17
10338	24	6	2
10339	30	7	2
10340	199	54	15
10341	201	55	15
10342	210	57	15
10343	261	72	20
10344	99	27	8
10345	117	32	9
10346	210	57	15
10347	263	72	20
10348	26	6	2
10349	210	57	15
10350	200	55	15
10351	203	55	15
10352	202	55	15
10353	239	65	17
10354	232	64	17
10355	270	74	20
10356	104	29	8
10357	37	9	3
10358	37	9	3
10359	37	9	3
10360	137	38	10
10361	203	55	15
10362	266	73	20
10363	232	64	17
10364	232	64	17
10365	31	8	3
10366	31	8	3
10367	31	8	3
10368	199	54	15
10369	197	54	15
10370	275	75	21
10371	191	52	14
10372	73	19	6
10373	210	57	15
10374	120	33	9
10375	122	34	9
10376	31	8	3
10377	282	76	21
10378	241	66	18
10379	199	54	15
10380	137	38	10
10381	231	63	17
10382	199	54	15
10383	124	34	9
10384	151	42	11
10385	197	54	15
10386	231	63	17
10387	199	54	15
10388	199	54	15
10389	228	63	17
10390	270	74	20
10391	28	7	2
10392	28	7	2
10393	29	7	2
10394	90	24	7
10395	31	8	3
10396	73	19	6
10397	41	11	3
10398	31	8	3
10399	29	7	2
10400	29	7	2
10401	41	11	3
10402	32	8	3
10403	32	8	3
10404	32	8	3
10405	41	11	3
10406	33	8	3
10407	32	8	3
10408	41	11	3
10409	197	54	15
10410	197	54	15
10411	31	8	3
10412	206	56	15
10413	191	52	14
10414	199	54	15
10415	31	8	3
10416	228	63	17
10417	137	38	10
10418	213	58	15
10419	228	63	17
10420	31	8	3
10421	228	63	17
10422	277	75	21
10423	266	73	20
10424	242	66	18
10425	31	8	3
10426	203	55	15
10427	206	56	15
10428	197	54	15
10429	198	54	15
10430	214	58	15
10431	212	57	15
10432	32	8	3
10433	32	8	3
10434	29	7	2
10435	197	54	15
10436	30	7	2
10437	205	56	15
10438	205	56	15
10439	28	7	2
10440	201	55	15
10441	31	8	3
10442	191	52	14
10443	203	55	15
10444	201	55	15
10445	124	34	9
10446	26	6	2
10447	28	7	2
10448	191	52	14
10449	37	9	3
10450	31	8	3
10451	197	54	15
10452	127	35	9
10453	124	34	9
10454	207	56	15
10455	197	54	15
10456	201	55	15
10457	86	23	7
10458	197	54	15
10459	197	54	15
10460	223	61	16
10461	28	7	2
10462	129	36	9
10463	34	8	3
10464	197	54	15
10465	197	54	15
10466	197	54	15
10467	134	37	10
10468	199	54	15
10469	16	3	1
10470	41	11	3
10471	41	11	3
10472	31	8	3
10473	31	8	3
10474	31	8	3
10475	31	8	3
10476	31	8	3
10477	202	55	15
10478	135	38	10
10479	93	25	7
10480	82	22	6
10481	101	28	8
10482	146	40	11
10483	74	19	6
10484	84	22	6
10485	12	2	1
10486	13	3	1
10487	25	6	2
10488	41	11	3
10489	193	53	14
10490	27	7	2
10491	121	34	9
10492	271	74	20
10493	195	53	14
10494	83	22	6
10495	117	32	9
10496	210	57	15
10497	222	60	16
10498	99	27	8
10499	109	30	8
10500	16	3	1
10501	270	74	20
10502	278	75	21
10503	284	77	21
10504	228	63	17
10505	228	63	17
10506	197	54	15
10507	230	63	17
10508	228	63	17
10509	148	41	11
10510	232	64	17
10511	197	54	15
10512	86	23	7
10513	206	56	15
10514	199	54	15
10515	197	54	15
10516	205	56	15
10517	27	7	2
10518	271	74	20
10519	271	74	20
10520	27	7	2
10521	202	55	15
10522	278	75	21
10523	277	75	21
10524	278	75	21
10525	278	75	21
10526	278	75	21
10527	278	75	21
10528	278	75	21
10529	24	6	2
10530	148	41	11
10531	228	63	17
10532	278	75	21
10533	278	75	21
10534	274	75	21
10535	268	73	20
10536	205	56	15
10537	24	6	2
10538	278	75	21
10539	214	58	15
10540	228	63	17
10541	148	41	11
10542	278	75	21
10543	24	6	2
10544	205	56	15
10545	278	75	21
10546	199	54	15
10547	31	8	3
10548	199	54	15
10549	197	54	15
10550	203	55	15
10551	206	56	15
10552	199	54	15
10553	124	34	9
10554	197	54	15
10555	197	54	15
10556	28	7	2
10557	203	55	15
10558	197	54	15
10559	268	73	20
10560	270	74	20
10561	266	73	20
10562	268	73	20
10563	266	73	20
10564	20	4	2
10565	130	36	9
10566	122	34	9
10567	34	8	3
10568	203	55	15
10569	34	8	3
10570	268	73	20
10571	276	75	21
10572	266	73	20
10573	141	39	11
10574	122	34	9
10575	276	75	21
10576	122	34	9
10577	122	34	9
10578	120	33	9
10579	12	2	1
10580	232	64	17
10581	78	21	6
10582	25	6	2
10583	268	73	20
10584	121	34	9
10585	211	57	15
10586	122	34	9
10587	222	60	16
10588	268	73	20
10589	298	81	22
10590	122	34	9
10591	248	68	18
10592	122	34	9
10593	134	37	10
10594	268	73	20
10595	299	81	22
10596	122	34	9
10597	122	34	9
10598	34	8	3
10599	83	22	6
10600	124	34	9
10601	122	34	9
10602	119	33	9
10603	289	78	22
10604	122	34	9
10605	268	73	20
10606	248	68	18
10607	134	37	10
10608	126	35	9
10609	234	64	17
10610	242	66	18
10611	220	60	16
10612	233	64	17
10613	291	79	22
10614	219	60	16
10615	277	75	21
10616	291	79	22
10617	222	60	16
10618	233	64	17
10619	277	75	21
10620	233	64	17
10621	277	75	21
10622	277	75	21
10623	50	12	4
10624	120	33	9
10625	210	57	15
10626	1	1	1
10627	122	34	9
10628	133	37	10
10629	129	36	9
10630	68	17	5
10631	66	17	5
10632	68	17	5
10633	190	52	14
10634	121	34	9
10635	68	17	5
10636	121	34	9
10637	107	29	8
10638	107	29	8
10639	264	72	20
10640	116	32	9
10641	89	24	7
10642	86	23	7
10643	100	27	8
10644	133	37	10
10645	107	29	8
10646	107	29	8
10647	68	17	5
10648	73	19	6
10649	124	34	9
10650	124	34	9
10651	78	21	6
10652	49	12	4
10653	133	37	10
10654	119	33	9
10655	232	64	17
10656	121	34	9
10657	124	34	9
10658	220	60	16
10659	115	31	8
10660	73	19	6
10661	121	34	9
10662	277	75	21
10663	127	35	9
10664	289	78	22
10665	123	34	9
10666	284	77	21
10667	86	23	7
10668	232	64	17
10669	276	75	21
10670	269	74	20
10671	210	57	15
10672	119	33	9
10673	232	64	17
10674	119	33	9
10675	49	12	4
10676	239	65	17
10677	253	69	19
10678	232	64	17
10679	243	66	18
10680	241	66	18
10681	109	30	8
10682	130	36	9
10683	232	64	17
10684	121	34	9
10685	86	23	7
10686	240	66	18
10687	138	38	10
10688	107	29	8
10689	277	75	21
10690	223	61	16
10691	232	64	17
10692	108	30	8
10693	76	20	6
10694	97	26	7
10695	242	66	18
10696	115	31	8
10697	138	38	10
10698	234	64	17
10699	105	29	8
10700	80	21	6
10701	203	55	15
10702	112	31	8
10703	265	73	20
10704	268	73	20
10705	299	81	22
10706	266	73	20
10707	268	73	20
10708	268	73	20
10709	300	81	22
10710	122	34	9
10711	83	22	6
10712	4	1	1
10713	136	38	10
10714	20	4	2
10715	86	23	7
10716	21	5	2
10717	35	8	3
10718	203	55	15
10719	228	63	17
10720	129	36	9
10721	194	53	14
10722	122	34	9
10723	124	34	9
10724	124	34	9
10725	80	21	6
10726	124	34	9
10727	268	73	20
10728	268	73	20
10729	124	34	9
10730	122	34	9
10731	49	12	4
10732	268	73	20
10733	50	12	4
10734	136	38	10
10735	268	73	20
10736	124	34	9
10737	107	29	8
10738	83	22	6
10739	49	12	4
10740	124	34	9
10741	34	8	3
10742	86	23	7
10743	83	22	6
10744	129	36	9
10745	232	64	17
10746	107	29	8
10747	34	8	3
10748	121	34	9
10749	122	34	9
10750	121	34	9
10751	242	66	18
10752	26	6	2
10753	100	27	8
10754	278	75	21
10755	136	38	10
10756	86	23	7
10757	2	1	1
10758	225	61	16
10759	233	64	17
10760	122	34	9
10761	225	61	16
10762	146	40	11
10763	134	37	10
10764	28	7	2
10765	101	28	8
10766	195	53	14
10767	82	22	6
10768	82	22	6
10769	30	7	2
10770	30	7	2
10771	30	7	2
10772	84	22	6
10773	28	7	2
10774	30	7	2
10775	261	72	20
10776	30	7	2
10777	300	81	22
10778	30	7	2
10779	30	7	2
10780	30	7	2
10781	30	7	2
10782	30	7	2
10783	30	7	2
10784	30	7	2
10785	29	7	2
10786	30	7	2
10787	30	7	2
10788	74	19	6
10789	17	3	1
10790	100	27	8
10791	135	38	10
10792	30	7	2
10793	30	7	2
10794	28	7	2
10795	6	1	1
10796	137	38	10
10797	5	1	1
10798	30	7	2
10799	126	35	9
10800	30	7	2
10801	30	7	2
10802	30	7	2
10803	30	7	2
10804	92	25	7
10805	30	7	2
10806	30	7	2
10807	16	3	1
10808	44	11	3
10809	30	7	2
10810	30	7	2
10811	30	7	2
10812	30	7	2
10813	30	7	2
10814	127	35	9
10815	222	60	16
10816	30	7	2
10817	30	7	2
10818	30	7	2
10819	30	7	2
10820	30	7	2
10821	30	7	2
10822	30	7	2
10823	127	35	9
10824	30	7	2
10825	30	7	2
10826	109	30	8
10827	30	7	2
10828	29	7	2
10829	120	33	9
10830	92	25	7
10831	30	7	2
10832	147	41	11
10833	30	7	2
10834	30	7	2
10835	30	7	2
10836	30	7	2
10837	30	7	2
10838	30	7	2
10839	120	33	9
10840	30	7	2
10841	74	19	6
10842	30	7	2
10843	28	7	2
10844	135	38	10
10845	29	7	2
10846	28	7	2
10847	30	7	2
10848	30	7	2
10849	30	7	2
10850	30	7	2
10851	30	7	2
10852	30	7	2
10853	33	8	3
10854	30	7	2
10855	35	8	3
10856	295	80	22
10857	35	8	3
10858	8	2	1
10859	30	7	2
10860	27	7	2
10861	24	6	2
10862	30	7	2
10863	210	57	15
10864	207	56	15
10865	30	7	2
10866	30	7	2
10867	35	8	3
10868	35	8	3
10869	30	7	2
10870	8	2	1
10871	20	4	2
10872	30	7	2
10873	30	7	2
10874	25	6	2
10875	30	7	2
10876	30	7	2
10877	222	60	16
10878	96	26	7
10879	30	7	2
10880	25	6	2
10881	16	3	1
10882	77	20	6
10883	25	6	2
10884	30	7	2
10885	30	7	2
10886	24	6	2
10887	82	22	6
10888	137	38	10
10889	84	22	6
10890	20	4	2
10891	23	5	2
10892	119	33	9
10893	74	19	6
10894	137	38	10
10895	84	22	6
10896	146	40	11
10897	136	38	10
10898	134	37	10
10899	100	27	8
10900	20	4	2
10901	129	36	9
10902	20	4	2
10903	67	17	5
10904	76	20	6
10905	67	17	5
10906	139	38	10
10907	85	23	7
10908	298	81	22
10909	66	17	5
10910	207	56	15
10911	244	66	18
10912	99	27	8
10913	231	63	17
10914	72	19	6
10915	232	64	17
10916	67	17	5
10917	67	17	5
10918	270	74	20
10919	225	61	16
10920	116	32	9
10921	35	8	3
10922	67	17	5
10923	280	76	21
10924	76	20	6
10925	291	79	22
10926	67	17	5
10927	120	33	9
10928	294	79	22
10929	294	79	22
10930	66	17	5
10931	294	79	22
10932	144	40	11
10933	207	56	15
10934	232	64	17
10935	131	36	9
10936	202	55	15
10937	131	36	9
10938	264	72	20
10939	293	79	22
10940	146	40	11
10941	232	64	17
10942	123	34	9
10943	123	34	9
10944	108	30	8
10945	146	40	11
10946	88	23	7
10947	101	28	8
10948	146	40	11
10949	74	19	6
10950	133	37	10
10951	146	40	11
10952	72	19	6
10953	146	40	11
10954	120	33	9
10955	284	77	21
10956	132	36	9
10957	254	69	19
10958	143	40	11
10959	133	37	10
10960	146	40	11
10961	146	40	11
10962	133	37	10
10963	109	30	8
10964	133	37	10
10965	120	33	9
10966	203	55	15
10967	72	19	6
10968	18	4	2
10969	30	7	2
10970	145	40	11
10971	72	19	6
10972	72	19	6
10973	72	19	6
10974	234	64	17
10975	72	19	6
10976	145	40	11
10977	99	27	8
10978	150	42	11
10979	30	7	2
10980	146	40	11
10981	284	77	21
10982	146	40	11
10983	146	40	11
10984	201	55	15
10985	199	54	15
10986	231	63	17
10987	146	40	11
10988	146	40	11
10989	146	40	11
10990	199	54	15
10991	146	40	11
10992	134	37	10
10993	145	40	11
10994	146	40	11
10995	146	40	11
10996	146	40	11
10997	117	32	9
10998	146	40	11
10999	146	40	11
11000	146	40	11
11001	146	40	11
11002	82	22	6
11003	12	2	1
11004	146	40	11
11005	146	40	11
11006	146	40	11
11007	146	40	11
11008	107	29	8
11009	146	40	11
11010	146	40	11
11011	146	40	11
11012	146	40	11
11013	146	40	11
11014	266	73	20
11015	146	40	11
11016	146	40	11
11017	282	76	21
11018	146	40	11
11019	146	40	11
11020	148	41	11
11021	146	40	11
11022	234	64	17
11023	142	39	11
11024	112	31	8
11025	144	40	11
11026	284	77	21
11027	146	40	11
11028	144	40	11
11029	146	40	11
11030	193	53	14
11031	134	37	10
11032	135	38	10
11033	207	56	15
11034	82	22	6
11035	282	76	21
11036	291	79	22
11037	145	40	11
11038	146	40	11
11039	205	56	15
11040	146	40	11
11041	146	40	11
11042	145	40	11
11043	146	40	11
11044	227	62	17
11045	146	40	11
11046	146	40	11
11047	146	40	11
11048	139	38	10
11049	266	73	20
11050	146	40	11
11051	146	40	11
11052	146	40	11
11053	143	40	11
11054	234	64	17
11055	146	40	11
11056	82	22	6
11057	146	40	11
11058	150	42	11
11059	72	19	6
11060	222	60	16
11061	26	6	2
11062	26	6	2
11063	6	1	1
11064	228	63	17
11065	276	75	21
11066	24	6	2
11067	26	6	2
11068	88	23	7
11069	26	6	2
11070	26	6	2
11071	298	81	22
11072	277	75	21
11073	26	6	2
11074	26	6	2
11075	26	6	2
11076	123	34	9
11077	26	6	2
11078	128	35	9
11079	26	6	2
11080	26	6	2
11081	26	6	2
11082	197	54	15
11083	24	6	2
11084	26	6	2
11085	26	6	2
11086	88	23	7
11087	26	6	2
11088	238	65	17
11089	26	6	2
11090	37	9	3
11091	263	72	20
11092	124	34	9
11093	197	54	15
11094	26	6	2
11095	24	6	2
11096	235	65	17
11097	275	75	21
11098	28	7	2
11099	272	74	20
11100	66	17	5
11101	127	35	9
11102	26	6	2
11103	26	6	2
11104	192	53	14
11105	239	65	17
11106	232	64	17
11107	26	6	2
11108	26	6	2
11109	26	6	2
11110	7	2	1
11111	26	6	2
11112	233	64	17
11113	26	6	2
11114	233	64	17
11115	235	65	17
11116	232	64	17
11117	232	64	17
11118	49	12	4
11119	233	64	17
11120	299	81	22
11121	239	65	17
11122	80	21	6
11123	118	32	9
11124	232	64	17
11125	229	63	17
11126	233	64	17
11127	232	64	17
11128	232	64	17
11129	26	6	2
11130	295	80	22
11131	232	64	17
11132	229	63	17
11133	232	64	17
11134	233	64	17
11135	233	64	17
11136	232	64	17
11137	233	64	17
11138	235	65	17
11139	78	21	6
11140	228	63	17
11141	228	63	17
11142	233	64	17
11143	253	69	19
11144	233	64	17
11145	233	64	17
11146	239	65	17
11147	228	63	17
11148	234	64	17
11149	201	55	15
11150	222	60	16
11151	25	6	2
11152	296	80	22
11153	278	75	21
11154	23	5	2
11155	232	64	17
11156	277	75	21
11157	232	64	17
11158	215	58	15
11159	198	54	15
11160	239	65	17
11161	135	38	10
11162	231	63	17
11163	235	65	17
11164	225	61	16
11165	25	6	2
11166	121	34	9
11167	207	56	15
11168	105	29	8
11169	21	5	2
11170	73	19	6
11171	35	8	3
11172	264	72	20
11173	35	8	3
11174	84	22	6
11175	222	60	16
11176	35	8	3
11177	35	8	3
11178	35	8	3
11179	264	72	20
11180	201	55	15
11181	282	76	21
11182	206	56	15
11183	30	7	2
11184	35	8	3
11185	35	8	3
11186	135	38	10
11187	139	38	10
11188	35	8	3
11189	35	8	3
11190	74	19	6
11191	120	33	9
11192	135	38	10
11193	30	7	2
11194	35	8	3
11195	35	8	3
11196	20	4	2
11197	74	19	6
11198	135	38	10
11199	113	31	8
11200	94	25	7
11201	100	27	8
11202	129	36	9
11203	76	20	6
11204	137	38	10
11205	299	81	22
11206	191	52	14
11207	264	72	20
11208	37	9	3
11209	264	72	20
11210	135	38	10
11211	265	73	20
11212	27	7	2
11213	264	72	20
11214	137	38	10
11215	265	73	20
11216	30	7	2
11217	137	38	10
11218	264	72	20
11219	265	73	20
11220	89	24	7
11221	264	72	20
11222	264	72	20
11223	137	38	10
11224	264	72	20
11225	264	72	20
11226	89	24	7
11227	266	73	20
11228	264	72	20
11229	25	6	2
11230	264	72	20
11231	137	38	10
11232	264	72	20
11233	264	72	20
11234	264	72	20
11235	264	72	20
11236	264	72	20
11237	264	72	20
11238	264	72	20
11239	137	38	10
11240	25	6	2
11241	264	72	20
11242	264	72	20
11243	264	72	20
11244	137	38	10
11245	264	72	20
11246	264	72	20
11247	264	72	20
11248	264	72	20
11249	137	38	10
11250	285	77	21
11251	135	38	10
11252	264	72	20
11253	257	71	19
11254	244	66	18
11255	257	71	19
11256	250	69	19
11257	257	71	19
11258	257	71	19
11259	257	71	19
11260	259	71	19
11261	257	71	19
11262	250	69	19
11263	244	66	18
11264	257	71	19
11265	259	71	19
11266	257	71	19
11267	250	69	19
11268	248	68	18
11269	258	71	19
11270	257	71	19
11271	244	66	18
11272	255	70	19
11273	241	66	18
11274	244	66	18
11275	259	71	19
11276	247	68	18
11277	250	69	19
11278	244	66	18
11279	243	66	18
11280	257	71	19
11281	244	66	18
11282	244	66	18
11283	257	71	19
11284	258	71	19
11285	250	69	19
11286	252	69	19
11287	252	69	19
11288	244	66	18
11289	257	71	19
11290	250	69	19
11291	244	66	18
11292	250	69	19
11293	243	66	18
11294	244	66	18
11295	247	68	18
11296	250	69	19
11297	250	69	19
11298	248	68	18
11299	258	71	19
11300	285	77	21
11301	294	79	22
11302	257	71	19
11303	252	69	19
11304	252	69	19
11305	252	69	19
11306	244	66	18
11307	24	6	2
11308	24	6	2
11309	79	21	6
11310	122	34	9
11311	146	40	11
11312	94	25	7
11313	125	35	9
11314	282	76	21
11315	120	33	9
11316	42	11	3
11317	77	20	6
11318	94	25	7
11319	232	64	17
11320	89	24	7
11321	287	77	21
11322	28	7	2
11323	72	19	6
11324	97	26	7
11325	109	30	8
11326	25	6	2
11327	154	42	11
11328	64	16	5
11329	155	43	12
11330	191	52	14
11331	154	42	11
11332	85	23	7
11333	154	42	11
11334	240	66	18
11335	46	12	4
11336	126	35	9
11337	48	12	4
11338	72	19	6
11339	100	27	8
11340	147	41	11
11341	89	24	7
11342	276	75	21
11343	152	42	11
11344	130	36	9
11345	150	42	11
11346	133	37	10
11347	101	28	8
11348	50	12	4
11349	103	28	8
11350	99	27	8
11351	154	42	11
11352	71	18	5
11353	101	28	8
11354	122	34	9
11355	270	74	20
11356	122	34	9
11357	123	34	9
11358	99	27	8
11359	123	34	9
11360	123	34	9
11361	149	41	11
11362	116	32	9
11363	49	12	4
11364	109	30	8
11365	123	34	9
11366	123	34	9
11367	123	34	9
11368	48	12	4
11369	49	12	4
11370	138	38	10
11371	210	57	15
11372	123	34	9
11373	123	34	9
11374	117	32	9
11375	58	15	5
11376	123	34	9
11377	122	34	9
11378	60	15	5
11379	89	24	7
11380	123	34	9
11381	122	34	9
11382	122	34	9
11383	299	81	22
11384	211	57	15
11385	282	76	21
11386	273	75	21
11387	282	76	21
11388	282	76	21
11389	195	53	14
11390	264	72	20
11391	74	19	6
11392	25	6	2
11393	133	37	10
11394	210	57	15
11395	104	29	8
11396	144	40	11
11397	152	42	11
11398	119	33	9
11399	119	33	9
11400	119	33	9
11401	48	12	4
11402	152	42	11
11403	144	40	11
11404	264	72	20
11405	152	42	11
11406	191	52	14
11407	264	72	20
11408	154	42	11
11409	83	22	6
11410	49	12	4
11411	123	34	9
11412	154	42	11
11413	119	33	9
11414	23	5	2
11415	152	42	11
11416	154	42	11
11417	109	30	8
11418	184	50	14
11419	279	76	21
11420	247	68	18
11421	279	76	21
11422	48	12	4
11423	70	18	5
11424	194	53	14
11425	66	17	5
11426	119	33	9
11427	64	16	5
11428	99	27	8
11429	89	24	7
11430	114	31	8
11431	152	42	11
11432	24	6	2
11433	117	32	9
11434	55	14	4
11435	108	30	8
11436	182	50	14
11437	12	2	1
11438	17	3	1
11439	115	31	8
11440	115	31	8
11441	214	58	15
11442	23	5	2
11443	203	55	15
11444	24	6	2
11445	144	40	11
11446	199	54	15
11447	270	74	20
11448	124	34	9
11449	276	75	21
11450	116	32	9
11451	268	73	20
11452	264	72	20
11453	276	75	21
11454	264	72	20
11455	298	81	22
11456	146	40	11
11457	124	34	9
11458	81	22	6
11459	294	79	22
11460	203	55	15
11461	275	75	21
11462	72	19	6
11463	139	38	10
11464	191	52	14
11465	150	42	11
11466	193	53	14
11467	136	38	10
11468	137	38	10
11469	154	42	11
11470	31	8	3
11471	147	41	11
11472	175	47	13
11473	150	42	11
11474	193	53	14
11475	152	42	11
11476	194	53	14
11477	150	42	11
11478	177	48	13
11479	152	42	11
11480	135	38	10
11481	264	72	20
11482	152	42	11
11483	91	24	7
11484	103	28	8
11485	26	6	2
11486	272	74	20
11487	26	6	2
11488	26	6	2
11489	81	22	6
11490	228	63	17
11491	121	34	9
11492	228	63	17
11493	26	6	2
11494	263	72	20
11495	278	75	21
11496	137	38	10
11497	265	73	20
11498	92	25	7
11499	265	73	20
11500	108	30	8
11501	28	7	2
11502	276	75	21
11503	265	73	20
11504	137	38	10
11505	114	31	8
11506	276	75	21
11507	266	73	20
11508	275	75	21
11509	28	7	2
11510	265	73	20
11511	265	73	20
11512	6	1	1
11513	104	29	8
11514	38	9	3
11515	115	31	8
11516	127	35	9
11517	122	34	9
11518	100	27	8
11519	275	75	21
11520	95	26	7
11521	36	9	3
11522	6	1	1
11523	49	12	4
11524	117	32	9
11525	293	79	22
11526	123	34	9
11527	152	42	11
11528	23	5	2
11529	82	22	6
11530	82	22	6
11531	24	6	2
11532	14	3	1
11533	273	75	21
11534	72	19	6
11535	278	75	21
11536	278	75	21
11537	278	75	21
11538	278	75	21
11539	197	54	15
11540	233	64	17
11541	260	71	19
11542	278	75	21
11543	14	3	1
11544	197	54	15
11545	228	63	17
11546	228	63	17
11547	199	54	15
11548	278	75	21
11549	278	75	21
11550	252	69	19
11551	109	30	8
11552	236	65	17
11553	26	6	2
11554	137	38	10
11555	124	34	9
11556	26	6	2
11557	228	63	17
11558	26	6	2
11559	112	31	8
11560	124	34	9
11561	26	6	2
11562	26	6	2
11563	75	20	6
11564	134	37	10
11565	26	6	2
11566	26	6	2
11567	26	6	2
11568	26	6	2
11569	289	78	22
11570	26	6	2
11571	26	6	2
11572	26	6	2
11573	26	6	2
11574	26	6	2
11575	26	6	2
11576	86	23	7
11577	50	12	4
11578	124	34	9
11579	124	34	9
11580	124	34	9
11581	72	19	6
11582	124	34	9
11583	123	34	9
11584	49	12	4
11585	72	19	6
11586	119	33	9
11587	86	23	7
11588	103	28	8
11589	121	34	9
11590	121	34	9
11591	223	61	16
11592	136	38	10
11593	86	23	7
11594	49	12	4
11595	100	27	8
11596	199	54	15
11597	106	29	8
11598	278	75	21
11599	229	63	17
11600	228	63	17
11601	50	12	4
11602	120	33	9
11603	72	19	6
11604	10	2	1
11605	252	69	19
11606	96	26	7
11607	105	29	8
11608	27	7	2
11609	299	81	22
11610	17	3	1
11611	31	8	3
11612	94	25	7
11613	97	26	7
11614	298	81	22
11615	235	65	17
11616	232	64	17
11617	274	75	21
11618	265	73	20
11619	215	58	15
11620	284	77	21
11621	236	65	17
11622	293	79	22
11623	238	65	17
11624	274	75	21
11625	278	75	21
11626	235	65	17
11627	16	3	1
11628	235	65	17
11629	278	75	21
11630	65	17	5
11631	112	31	8
11632	269	74	20
11633	126	35	9
11634	105	29	8
11635	85	23	7
11636	227	62	17
11637	120	33	9
11638	269	74	20
11639	269	74	20
11640	232	64	17
11641	244	66	18
11642	200	55	15
11643	4	1	1
11644	74	19	6
11645	109	30	8
11646	265	73	20
11647	270	74	20
11648	6	1	1
11649	266	73	20
11650	298	81	22
11651	213	58	15
11652	15	3	1
11653	112	31	8
11654	232	64	17
11655	43	11	3
11656	31	8	3
11657	298	81	22
11658	23	5	2
11659	232	64	17
11660	137	38	10
11661	73	19	6
11662	266	73	20
11663	21	5	2
11664	275	75	21
11665	27	7	2
11666	298	81	22
11667	6	1	1
11668	270	74	20
11669	120	33	9
11670	120	33	9
11671	94	25	7
11672	4	1	1
11673	120	33	9
11674	31	8	3
11675	18	4	2
11676	34	8	3
11677	120	33	9
11678	73	19	6
11679	94	25	7
11680	86	23	7
11681	100	27	8
11682	94	25	7
11683	21	5	2
11684	75	20	6
11685	170	46	12
11686	12	2	1
11687	21	5	2
11688	120	33	9
11689	134	37	10
11690	136	38	10
11691	21	5	2
11692	111	30	8
11693	21	5	2
11694	120	33	9
11695	21	5	2
11696	21	5	2
11697	6	1	1
11698	111	30	8
11699	120	33	9
11700	21	5	2
11701	298	81	22
11702	111	30	8
11703	135	38	10
11704	21	5	2
11705	21	5	2
11706	21	5	2
11707	41	11	3
11708	21	5	2
11709	21	5	2
11710	134	37	10
11711	101	28	8
11712	75	20	6
11713	123	34	9
11714	192	53	14
11715	295	80	22
11716	293	79	22
11717	118	32	9
11718	59	15	5
11719	115	31	8
11720	75	20	6
11721	194	53	14
11722	75	20	6
11723	118	32	9
11724	59	15	5
11725	136	38	10
11726	100	27	8
11727	300	81	22
11728	137	38	10
11729	75	20	6
11730	137	38	10
11731	295	80	22
11732	13	3	1
11733	210	57	15
11734	300	81	22
11735	189	52	14
11736	266	73	20
11737	14	3	1
11738	21	5	2
11739	24	6	2
11740	16	3	1
11741	278	75	21
11742	101	28	8
11743	197	54	15
11744	278	75	21
11745	105	29	8
11746	113	31	8
11747	24	6	2
11748	216	58	15
11749	210	57	15
11750	79	21	6
11751	37	9	3
11752	295	80	22
11753	263	72	20
11754	210	57	15
11755	26	6	2
11756	10	2	1
11757	10	2	1
11758	24	6	2
11759	24	6	2
11760	6	1	1
11761	7	2	1
11762	109	30	8
11763	6	1	1
11764	24	6	2
11765	24	6	2
11766	24	6	2
11767	79	21	6
11768	24	6	2
11769	36	9	3
11770	3	1	1
11771	24	6	2
11772	24	6	2
11773	289	78	22
11774	24	6	2
11775	24	6	2
11776	24	6	2
11777	6	1	1
11778	24	6	2
11779	11	2	1
11780	124	34	9
11781	6	1	1
11782	1	1	1
11783	26	6	2
11784	1	1	1
11785	205	56	15
11786	36	9	3
11787	1	1	1
11788	202	55	15
11789	6	1	1
11790	6	1	1
11791	24	6	2
11792	24	6	2
11793	24	6	2
11794	24	6	2
11795	24	6	2
11796	6	1	1
11797	36	9	3
11798	6	1	1
11799	29	7	2
11800	6	1	1
11801	24	6	2
11802	24	6	2
11803	24	6	2
11804	24	6	2
11805	6	1	1
11806	10	2	1
11807	24	6	2
11808	24	6	2
11809	24	6	2
11810	265	73	20
11811	24	6	2
11812	37	9	3
11813	267	73	20
11814	24	6	2
11815	78	21	6
11816	24	6	2
11817	210	57	15
11818	207	56	15
11819	10	2	1
11820	284	77	21
11821	94	25	7
11822	282	76	21
11823	19	4	2
11824	295	80	22
11825	216	58	15
11826	1	1	1
11827	216	58	15
11828	24	6	2
11829	24	6	2
11830	24	6	2
11831	216	58	15
11832	3	1	1
11833	4	1	1
11834	216	58	15
11835	216	58	15
11836	24	6	2
11837	2	1	1
11838	1	1	1
11839	261	72	20
11840	4	1	1
11841	191	52	14
11842	216	58	15
11843	2	1	1
11844	216	58	15
11845	2	1	1
11846	26	6	2
11847	2	1	1
11848	6	1	1
11849	207	56	15
11850	24	6	2
11851	207	56	15
11852	2	1	1
11853	4	1	1
11854	1	1	1
11855	100	27	8
11856	137	38	10
11857	297	81	22
11858	2	1	1
11859	2	1	1
11860	36	9	3
11861	2	1	1
11862	36	9	3
11863	4	1	1
11864	2	1	1
11865	4	1	1
11866	216	58	15
11867	2	1	1
11868	36	9	3
11869	2	1	1
11870	2	1	1
11871	2	1	1
11872	2	1	1
11873	4	1	1
11874	2	1	1
11875	36	9	3
11876	2	1	1
11877	36	9	3
11878	24	6	2
11879	4	1	1
11880	231	63	17
11881	3	1	1
11882	3	1	1
11883	9	2	1
11884	95	26	7
11885	202	55	15
11886	161	44	12
11887	73	19	6
11888	277	75	21
11889	3	1	1
11890	2	1	1
11891	9	2	1
11892	4	1	1
11893	39	10	3
11894	3	1	1
11895	211	57	15
11896	2	1	1
11897	2	1	1
11898	9	2	1
11899	36	9	3
11900	86	23	7
11901	1	1	1
11902	39	10	3
11903	1	1	1
11904	3	1	1
11905	3	1	1
11906	2	1	1
11907	1	1	1
11908	1	1	1
11909	3	1	1
11910	36	9	3
11911	9	2	1
11912	25	6	2
11913	3	1	1
11914	3	1	1
11915	9	2	1
11916	1	1	1
11917	3	1	1
11918	4	1	1
11919	3	1	1
11920	211	57	15
11921	188	51	14
11922	102	28	8
11923	67	17	5
11924	2	1	1
11925	36	9	3
11926	211	57	15
11927	36	9	3
11928	2	1	1
11929	212	57	15
11930	36	9	3
11931	211	57	15
11932	211	57	15
11933	1	1	1
11934	1	1	1
11935	36	9	3
11936	2	1	1
11937	2	1	1
11938	36	9	3
11939	1	1	1
11940	1	1	1
11941	2	1	1
11942	211	57	15
11943	209	57	15
11944	2	1	1
11945	2	1	1
11946	211	57	15
11947	36	9	3
11948	36	9	3
11949	36	9	3
11950	208	57	15
11951	1	1	1
11952	3	1	1
11953	207	56	15
11954	1	1	1
11955	2	1	1
11956	263	72	20
11957	3	1	1
11958	36	9	3
11959	7	2	1
11960	36	9	3
11961	3	1	1
11962	10	2	1
11963	3	1	1
11964	1	1	1
11965	3	1	1
11966	40	10	3
11967	22	5	2
11968	2	1	1
11969	2	1	1
11970	36	9	3
11971	208	57	15
11972	206	56	15
11973	1	1	1
11974	15	3	1
11975	1	1	1
11976	209	57	15
11977	36	9	3
11978	36	9	3
11979	36	9	3
11980	36	9	3
11981	3	1	1
11982	1	1	1
11983	36	9	3
11984	102	28	8
11985	36	9	3
11986	33	8	3
11987	38	9	3
11988	36	9	3
11989	136	38	10
11990	4	1	1
11991	1	1	1
11992	36	9	3
11993	36	9	3
11994	1	1	1
11995	36	9	3
11996	3	1	1
11997	36	9	3
11998	36	9	3
11999	36	9	3
12000	92	25	7
12001	36	9	3
12002	36	9	3
12003	36	9	3
12004	15	3	1
12005	36	9	3
12006	1	1	1
12007	4	1	1
12008	2	1	1
12009	105	29	8
12010	2	1	1
12011	2	1	1
12012	2	1	1
12013	1	1	1
12014	1	1	1
12015	3	1	1
12016	1	1	1
12017	2	1	1
12018	2	1	1
12019	2	1	1
12020	2	1	1
12021	212	57	15
12022	3	1	1
12023	1	1	1
12024	2	1	1
12025	4	1	1
12026	1	1	1
12027	2	1	1
12028	1	1	1
12029	2	1	1
12030	2	1	1
12031	2	1	1
12032	9	2	1
12033	2	1	1
12034	3	1	1
12035	36	9	3
12036	4	1	1
12037	298	81	22
12038	4	1	1
12039	208	57	15
12040	4	1	1
12041	4	1	1
12042	96	26	7
12043	25	6	2
12044	207	56	15
12045	4	1	1
12046	207	56	15
12047	4	1	1
12048	2	1	1
12049	4	1	1
12050	9	2	1
12051	232	64	17
12052	287	77	21
12053	200	55	15
12054	237	65	17
12055	229	63	17
12056	202	55	15
12057	236	65	17
12058	232	64	17
12059	204	56	15
12060	232	64	17
12061	232	64	17
12062	215	58	15
12063	215	58	15
12064	211	57	15
12065	232	64	17
12066	215	58	15
12067	236	65	17
12068	237	65	17
12069	204	56	15
12070	206	56	15
12071	237	65	17
12072	237	65	17
12073	216	58	15
12074	215	58	15
12075	230	63	17
12076	275	75	21
12077	236	65	17
12078	227	62	17
12079	216	58	15
12080	285	77	21
12081	223	61	16
12082	236	65	17
12083	214	58	15
12084	285	77	21
12085	285	77	21
12086	207	56	15
12087	234	64	17
12088	215	58	15
12089	144	40	11
12090	285	77	21
12091	285	77	21
12092	38	9	3
12093	236	65	17
12094	236	65	17
12095	286	77	21
12096	294	79	22
12097	285	77	21
12098	38	9	3
12099	236	65	17
12100	236	65	17
12101	244	66	18
12102	38	9	3
12103	285	77	21
12104	234	64	17
12105	285	77	21
12106	236	65	17
12107	251	69	19
12108	161	44	12
12109	206	56	15
12110	214	58	15
12111	205	56	15
12112	216	58	15
12113	236	65	17
12114	235	65	17
12115	285	77	21
12116	234	64	17
12117	243	66	18
12118	243	66	18
12119	38	9	3
12120	216	58	15
12121	216	58	15
12122	244	66	18
12123	287	77	21
12124	243	66	18
12125	214	58	15
12126	285	77	21
12127	243	66	18
12128	243	66	18
12129	38	9	3
12130	243	66	18
12131	216	58	15
12132	243	66	18
12133	244	66	18
12134	244	66	18
12135	252	69	19
12136	243	66	18
12137	38	9	3
12138	285	77	21
12139	251	69	19
12140	251	69	19
12141	251	69	19
12142	237	65	17
12143	199	54	15
12144	237	65	17
12145	237	65	17
12146	237	65	17
12147	237	65	17
12148	251	69	19
12149	251	69	19
12150	251	69	19
12151	237	65	17
12152	251	69	19
12153	199	54	15
12154	200	55	15
12155	237	65	17
12156	251	69	19
12157	237	65	17
12158	251	69	19
12159	251	69	19
12160	285	77	21
12161	285	77	21
12162	257	71	19
12163	250	69	19
12164	285	77	21
12165	285	77	21
12166	237	65	17
12167	236	65	17
12168	278	75	21
12169	297	81	22
12170	277	75	21
12171	228	63	17
12172	235	65	17
12173	293	79	22
12174	228	63	17
12175	278	75	21
12176	278	75	21
12177	277	75	21
12178	278	75	21
12179	235	65	17
12180	293	79	22
12181	233	64	17
12182	293	79	22
12183	235	65	17
12184	228	63	17
12185	277	75	21
12186	277	75	21
12187	277	75	21
12188	235	65	17
12189	228	63	17
12190	277	75	21
12191	278	75	21
12192	278	75	21
12193	274	75	21
12194	297	81	22
12195	235	65	17
12196	296	80	22
12197	273	75	21
12198	278	75	21
12199	205	56	15
12200	235	65	17
12201	236	65	17
12202	233	64	17
12203	233	64	17
12204	214	58	15
12205	233	64	17
12206	236	65	17
12207	133	37	10
12208	103	28	8
12209	90	24	7
12210	262	72	20
12211	95	26	7
12212	262	72	20
12213	65	17	5
12214	134	37	10
12215	72	19	6
12216	49	12	4
12217	124	34	9
12218	262	72	20
12219	199	54	15
12220	133	37	10
12221	133	37	10
12222	263	72	20
12223	104	29	8
12224	56	14	4
12225	100	27	8
12226	300	81	22
12227	262	72	20
12228	83	22	6
12229	129	36	9
12230	262	72	20
12231	133	37	10
12232	204	56	15
12233	38	9	3
12234	239	65	17
12235	273	75	21
12236	282	76	21
12237	42	11	3
12238	204	56	15
12239	262	72	20
12240	246	67	18
12241	217	59	16
12242	246	67	18
12243	204	56	15
12244	218	59	16
12245	204	56	15
12246	217	59	16
12247	272	74	20
12248	205	56	15
12249	207	56	15
12250	262	72	20
12251	209	57	15
12252	227	62	17
12253	212	57	15
12254	208	57	15
12255	262	72	20
12256	214	58	15
12257	227	62	17
12258	209	57	15
12259	225	61	16
12260	127	35	9
12261	193	53	14
12262	125	35	9
12263	127	35	9
12264	120	33	9
12265	98	26	7
12266	93	25	7
12267	7	2	1
12268	125	35	9
12269	120	33	9
12270	92	25	7
12271	272	74	20
12272	190	52	14
12273	23	5	2
12274	90	24	7
12275	21	5	2
12276	72	19	6
12277	126	35	9
12278	127	35	9
12279	190	52	14
12280	282	76	21
12281	46	12	4
12282	144	40	11
12283	74	19	6
12284	94	25	7
12285	223	61	16
12286	220	60	16
12287	252	69	19
12288	223	61	16
12289	128	35	9
12290	110	30	8
12291	225	61	16
12292	200	55	15
12293	282	76	21
12294	222	60	16
12295	122	34	9
12296	88	23	7
12297	217	59	16
12298	128	35	9
12299	135	38	10
12300	219	60	16
12301	283	77	21
12302	214	58	15
12303	214	58	15
12304	215	58	15
12305	214	58	15
12306	236	65	17
12307	138	38	10
12308	263	72	20
12309	237	65	17
12310	257	71	19
12311	243	66	18
12312	229	63	17
12313	210	57	15
12314	214	58	15
12315	209	57	15
12316	263	72	20
12317	285	77	21
12318	287	77	21
12319	154	42	11
12320	232	64	17
12321	237	65	17
12322	243	66	18
12323	263	72	20
12324	249	68	18
12325	285	77	21
12326	212	57	15
12327	213	58	15
12328	272	74	20
12329	33	8	3
12330	191	52	14
12331	21	5	2
12332	220	60	16
12333	217	59	16
12334	246	67	18
12335	241	66	18
12336	249	68	18
12337	279	76	21
12338	245	67	18
12339	144	40	11
12340	38	9	3
12341	208	57	15
12342	211	57	15
12343	217	59	16
12344	243	66	18
12345	246	67	18
12346	282	76	21
12347	246	67	18
12348	217	59	16
12349	217	59	16
12350	218	59	16
12351	204	56	15
12352	245	67	18
12353	217	59	16
12354	218	59	16
12355	246	67	18
12356	218	59	16
12357	227	62	17
12358	218	59	16
12359	38	9	3
12360	217	59	16
12361	234	64	17
12362	206	56	15
12363	217	59	16
12364	249	68	18
12365	209	57	15
12366	281	76	21
12367	197	54	15
12368	256	70	19
12369	241	66	18
12370	226	62	17
12371	234	64	17
12372	263	72	20
12373	246	67	18
12374	246	67	18
12375	124	34	9
12376	83	22	6
12377	193	53	14
12378	272	74	20
12379	103	28	8
12380	124	34	9
12381	124	34	9
12382	234	64	17
12383	60	15	5
12384	12	2	1
12385	124	34	9
12386	65	17	5
12387	232	64	17
12388	121	34	9
12389	138	38	10
12390	65	17	5
12391	101	28	8
12392	246	67	18
12393	297	81	22
12394	94	25	7
12395	245	67	18
12396	234	64	17
12397	204	56	15
12398	22	5	2
12399	207	56	15
12400	216	58	15
12401	216	58	15
12402	207	56	15
12403	283	77	21
12404	207	56	15
12405	94	25	7
12406	216	58	15
12407	262	72	20
12408	199	54	15
12409	287	77	21
12410	197	54	15
12411	21	5	2
12412	204	56	15
12413	21	5	2
12414	246	67	18
12415	204	56	15
12416	246	67	18
12417	216	58	15
12418	216	58	15
12419	297	81	22
12420	193	53	14
12421	69	18	5
12422	31	8	3
12423	133	37	10
12424	98	26	7
12425	133	37	10
12426	217	59	16
12427	133	37	10
12428	133	37	10
12429	133	37	10
12430	134	37	10
12431	133	37	10
12432	68	17	5
12433	134	37	10
12434	262	72	20
12435	133	37	10
12436	83	22	6
12437	133	37	10
12438	245	67	18
12439	245	67	18
12440	245	67	18
12441	212	57	15
12442	245	67	18
12443	246	67	18
12444	242	66	18
12445	245	67	18
12446	245	67	18
12447	246	67	18
12448	245	67	18
12449	246	67	18
12450	245	67	18
12451	245	67	18
12452	249	68	18
12453	246	67	18
12454	31	8	3
12455	125	35	9
12456	217	59	16
12457	246	67	18
12458	245	67	18
12459	246	67	18
12460	245	67	18
12461	127	35	9
12462	245	67	18
12463	245	67	18
12464	246	67	18
12465	245	67	18
12466	245	67	18
12467	293	79	22
12468	291	79	22
12469	182	50	14
12470	293	79	22
12471	295	80	22
12472	295	80	22
12473	297	81	22
12474	295	80	22
12475	290	78	22
12476	291	79	22
12477	47	12	4
12478	184	50	14
12479	293	79	22
12480	299	81	22
12481	294	79	22
12482	293	79	22
12483	293	79	22
12484	184	50	14
12485	182	50	14
12486	118	32	9
12487	295	80	22
12488	293	79	22
12489	270	74	20
12490	275	75	21
12491	275	75	21
12492	275	75	21
12493	298	81	22
12494	298	81	22
12495	31	8	3
12496	275	75	21
12497	297	81	22
12498	275	75	21
12499	274	75	21
12500	275	75	21
12501	278	75	21
12502	274	75	21
12503	275	75	21
12504	298	81	22
12505	275	75	21
12506	214	58	15
12507	266	73	20
12508	275	75	21
12509	295	80	22
12510	275	75	21
12511	37	9	3
12512	298	81	22
12513	295	80	22
12514	299	81	22
12515	214	58	15
12516	293	79	22
12517	236	65	17
12518	293	79	22
12519	236	65	17
12520	293	79	22
12521	156	43	12
12522	156	43	12
12523	291	79	22
12524	295	80	22
12525	236	65	17
12526	295	80	22
12527	293	79	22
12528	101	28	8
12529	295	80	22
12530	293	79	22
12531	87	23	7
12532	295	80	22
12533	53	14	4
12534	293	79	22
12535	291	79	22
12536	156	43	12
12537	236	65	17
12538	293	79	22
12539	293	79	22
12540	235	65	17
12541	235	65	17
12542	293	79	22
12543	236	65	17
12544	293	79	22
12545	295	80	22
12546	111	30	8
12547	156	43	12
12548	137	38	10
12549	156	43	12
12550	156	43	12
12551	295	80	22
12552	156	43	12
12553	293	79	22
12554	144	40	11
12555	294	79	22
12556	156	43	12
12557	291	79	22
12558	169	46	12
12559	293	79	22
12560	148	41	11
12561	144	40	11
12562	156	43	12
12563	294	79	22
12564	269	74	20
12565	297	81	22
12566	294	79	22
12567	294	79	22
12568	293	79	22
12569	156	43	12
12570	295	80	22
12571	295	80	22
12572	293	79	22
12573	293	79	22
12574	115	31	8
12575	298	81	22
12576	278	75	21
12577	235	65	17
12578	293	79	22
12579	298	81	22
12580	293	79	22
12581	294	79	22
12582	293	79	22
12583	293	79	22
12584	293	79	22
12585	298	81	22
12586	294	79	22
12587	278	75	21
12588	49	12	4
12589	297	81	22
12590	280	76	21
12591	297	81	22
12592	140	39	11
12593	264	72	20
12594	266	73	20
12595	236	65	17
12596	297	81	22
12597	239	65	17
12598	277	75	21
12599	295	80	22
12600	214	58	15
12601	268	73	20
12602	274	75	21
12603	294	79	22
12604	266	73	20
12605	298	81	22
12606	265	73	20
12607	236	65	17
12608	117	32	9
12609	123	34	9
12610	295	80	22
12611	297	81	22
12612	297	81	22
12613	280	76	21
12614	280	76	21
12615	278	75	21
12616	235	65	17
12617	250	69	19
12618	295	80	22
12619	295	80	22
12620	280	76	21
12621	27	7	2
12622	235	65	17
12623	294	79	22
12624	294	79	22
12625	273	75	21
12626	278	75	21
12627	158	43	12
12628	235	65	17
12629	280	76	21
12630	280	76	21
12631	293	79	22
12632	280	76	21
12633	298	81	22
12634	41	11	3
12635	82	22	6
12636	298	81	22
12637	298	81	22
12638	82	22	6
12639	278	75	21
12640	298	81	22
12641	298	81	22
12642	277	75	21
12643	293	79	22
12644	297	81	22
12645	298	81	22
12646	58	15	5
12647	298	81	22
12648	145	40	11
12649	298	81	22
12650	276	75	21
12651	108	30	8
12652	293	79	22
12653	295	80	22
12654	295	80	22
12655	130	36	9
12656	274	75	21
12657	295	80	22
12658	293	79	22
12659	294	79	22
12660	295	80	22
12661	294	79	22
12662	285	77	21
12663	295	80	22
12664	295	80	22
12665	24	6	2
12666	298	81	22
12667	4	1	1
12668	3	1	1
12669	297	81	22
12670	4	1	1
12671	214	58	15
12672	297	81	22
12673	206	56	15
12674	295	80	22
12675	214	58	15
12676	205	56	15
12677	298	81	22
12678	207	56	15
12679	206	56	15
12680	22	5	2
12681	16	3	1
12682	22	5	2
12683	22	5	2
12684	152	42	11
12685	125	35	9
12686	22	5	2
12687	128	35	9
12688	227	62	17
12689	205	56	15
12690	21	5	2
12691	22	5	2
12692	125	35	9
12693	22	5	2
12694	22	5	2
12695	234	64	17
12696	129	36	9
12697	282	76	21
12698	234	64	17
12699	212	57	15
12700	83	22	6
12701	84	22	6
12702	22	5	2
12703	220	60	16
12704	23	5	2
12705	17	3	1
12706	21	5	2
12707	224	61	16
12708	17	3	1
12709	133	37	10
12710	133	37	10
12711	224	61	16
12712	191	52	14
12713	17	3	1
12714	69	18	5
12715	219	60	16
12716	282	76	21
12717	226	62	17
12718	271	74	20
12719	144	40	11
12720	133	37	10
12721	135	38	10
12722	19	4	2
12723	272	74	20
12724	224	61	16
12725	133	37	10
12726	79	21	6
12727	86	23	7
12728	133	37	10
12729	65	17	5
12730	122	34	9
12731	84	22	6
12732	133	37	10
12733	133	37	10
12734	7	2	1
12735	246	67	18
12736	299	81	22
12737	253	69	19
12738	254	69	19
12739	251	69	19
12740	250	69	19
12741	233	64	17
12742	253	69	19
12743	254	69	19
12744	250	69	19
12745	237	65	17
12746	220	60	16
12747	225	61	16
12748	252	69	19
12749	250	69	19
12750	250	69	19
12751	237	65	17
12752	297	81	22
12753	238	65	17
12754	259	71	19
12755	254	69	19
12756	257	71	19
12757	273	75	21
12758	218	59	16
12759	222	60	16
12760	226	62	17
12761	223	61	16
12762	227	62	17
12763	219	60	16
12764	13	3	1
12765	220	60	16
12766	197	54	15
12767	230	63	17
12768	225	61	16
12769	222	60	16
12770	205	56	15
12771	224	61	16
12772	220	60	16
12773	226	62	17
12774	225	61	16
12775	230	63	17
12776	227	62	17
12777	219	60	16
12778	284	77	21
12779	223	61	16
12780	24	6	2
12781	234	64	17
12782	237	65	17
12783	230	63	17
12784	226	62	17
12785	220	60	16
12786	218	59	16
12787	220	60	16
12788	225	61	16
12789	144	40	11
12790	222	60	16
12791	225	61	16
12792	224	61	16
12793	225	61	16
12794	218	59	16
12795	259	71	19
12796	249	68	18
12797	227	62	17
12798	253	69	19
12799	144	40	11
12800	144	40	11
12801	221	60	16
12802	218	59	16
12803	284	77	21
12804	227	62	17
12805	218	59	16
12806	221	60	16
12807	21	5	2
12808	226	62	17
12809	22	5	2
12810	211	57	15
12811	130	36	9
12812	31	8	3
12813	282	76	21
12814	24	6	2
12815	210	57	15
12816	21	5	2
12817	207	56	15
12818	205	56	15
12819	4	1	1
12820	211	57	15
12821	282	76	21
12822	22	5	2
12823	22	5	2
12824	270	74	20
12825	210	57	15
12826	132	36	9
12827	96	26	7
12828	226	62	17
12829	114	31	8
12830	22	5	2
12831	152	42	11
12832	127	35	9
12833	130	36	9
12834	130	36	9
12835	22	5	2
12836	232	64	17
12837	130	36	9
12838	22	5	2
12839	22	5	2
12840	130	36	9
12841	130	36	9
12842	246	67	18
12843	130	36	9
12844	130	36	9
12845	22	5	2
12846	213	58	15
12847	22	5	2
12848	130	36	9
12849	130	36	9
12850	128	35	9
12851	127	35	9
12852	22	5	2
12853	129	36	9
12854	104	29	8
12855	22	5	2
12856	22	5	2
12857	22	5	2
12858	22	5	2
12859	273	75	21
12860	273	75	21
12861	31	8	3
12862	295	80	22
12863	295	80	22
12864	294	79	22
12865	268	73	20
12866	207	56	15
12867	273	75	21
12868	294	79	22
12869	278	75	21
12870	132	36	9
12871	277	75	21
12872	295	80	22
12873	47	12	4
12874	280	76	21
12875	294	79	22
12876	265	73	20
12877	280	76	21
12878	205	56	15
12879	296	80	22
12880	158	43	12
12881	297	81	22
12882	266	73	20
12883	268	73	20
12884	293	79	22
12885	153	42	11
12886	234	64	17
12887	295	80	22
12888	296	80	22
12889	296	80	22
12890	238	65	17
12891	295	80	22
12892	99	27	8
12893	100	27	8
12894	296	80	22
12895	114	31	8
12896	111	30	8
12897	295	80	22
12898	171	47	13
12899	111	30	8
12900	118	32	9
12901	136	38	10
12902	115	31	8
12903	136	38	10
12904	295	80	22
12905	115	31	8
12906	295	80	22
12907	295	80	22
12908	300	81	22
12909	82	22	6
12910	295	80	22
12911	116	32	9
12912	295	80	22
12913	295	80	22
12914	115	31	8
12915	116	32	9
12916	99	27	8
12917	295	80	22
12918	120	33	9
12919	101	28	8
12920	127	35	9
12921	295	80	22
12922	236	65	17
12923	228	63	17
12924	259	71	19
12925	278	75	21
12926	297	81	22
12927	233	64	17
12928	236	65	17
12929	239	65	17
12930	236	65	17
12931	230	63	17
12932	236	65	17
12933	233	64	17
12934	233	64	17
12935	236	65	17
12936	273	75	21
12937	285	77	21
12938	236	65	17
12939	236	65	17
12940	236	65	17
12941	228	63	17
12942	278	75	21
12943	278	75	21
12944	21	5	2
12945	298	81	22
12946	295	80	22
12947	75	20	6
12948	84	22	6
12949	298	81	22
12950	113	31	8
12951	300	81	22
12952	265	73	20
12953	120	33	9
12954	298	81	22
12955	111	30	8
12956	298	81	22
12957	130	36	9
12958	117	32	9
12959	134	37	10
12960	266	73	20
12961	113	31	8
12962	298	81	22
12963	278	75	21
12964	3	1	1
12965	278	75	21
12966	16	3	1
12967	266	73	20
12968	197	54	15
12969	24	6	2
12970	226	62	17
12971	297	81	22
12972	266	73	20
12973	111	30	8
12974	236	65	17
12975	295	80	22
12976	205	56	15
12977	297	81	22
12978	297	81	22
12979	275	75	21
12980	214	58	15
12981	121	34	9
12982	238	65	17
12983	275	75	21
12984	284	77	21
12985	111	30	8
12986	38	9	3
12987	259	71	19
12988	214	58	15
12989	38	9	3
12990	24	6	2
12991	213	58	15
12992	289	78	22
12993	282	76	21
12994	192	53	14
12995	127	35	9
12996	298	81	22
12997	266	73	20
12998	265	73	20
12999	227	62	17
13000	265	73	20
13001	297	81	22
13002	111	30	8
13003	298	81	22
13004	80	21	6
13005	265	73	20
13006	4	1	1
13007	204	56	15
13008	266	73	20
13009	298	81	22
13010	266	73	20
13011	113	31	8
13012	206	56	15
13013	295	80	22
13014	115	31	8
13015	114	31	8
13016	193	53	14
13017	295	80	22
13018	300	81	22
13019	111	30	8
13020	115	31	8
13021	75	20	6
13022	136	38	10
13023	77	20	6
13024	123	34	9
13025	4	1	1
13026	118	32	9
13027	123	34	9
13028	137	38	10
13029	22	5	2
13030	296	80	22
13031	295	80	22
13032	199	54	15
13033	27	7	2
13034	228	63	17
13035	21	5	2
13036	185	51	14
13037	205	56	15
13038	226	62	17
13039	261	72	20
13040	129	36	9
13041	39	10	3
13042	211	57	15
13043	210	57	15
13044	205	56	15
13045	15	3	1
13046	266	73	20
13047	41	11	3
13048	212	57	15
13049	295	80	22
13050	194	53	14
13051	4	1	1
13052	23	5	2
13053	139	38	10
13054	3	1	1
13055	138	38	10
13056	265	73	20
13057	103	28	8
13058	193	53	14
13059	214	58	15
13060	77	20	6
13061	84	22	6
13062	190	52	14
13063	82	22	6
13064	139	38	10
13065	238	65	17
13066	81	22	6
13067	81	22	6
13068	95	26	7
13069	81	22	6
13070	216	58	15
13071	121	34	9
13072	108	30	8
13073	108	30	8
13074	144	40	11
13075	144	40	11
13076	152	42	11
13077	144	40	11
13078	282	76	21
13079	276	75	21
13080	86	23	7
13081	149	41	11
13082	144	40	11
13083	143	40	11
13084	145	40	11
13085	144	40	11
13086	115	31	8
13087	97	26	7
13088	189	52	14
13089	149	41	11
13090	267	73	20
13091	152	42	11
13092	88	23	7
13093	131	36	9
13094	114	31	8
13095	193	53	14
13096	37	9	3
13097	150	42	11
13098	267	73	20
13099	88	23	7
13100	115	31	8
13101	101	28	8
13102	108	30	8
13103	206	56	15
13104	124	34	9
13105	124	34	9
13106	191	52	14
13107	266	73	20
13108	137	38	10
13109	6	1	1
13110	6	1	1
13111	212	57	15
13112	124	34	9
13113	66	17	5
13114	137	38	10
13115	82	22	6
13116	52	13	4
13117	124	34	9
13118	149	41	11
13119	189	52	14
13120	124	34	9
13121	215	58	15
13122	124	34	9
13123	66	17	5
13124	90	24	7
13125	13	3	1
13126	144	40	11
13127	129	36	9
13128	137	38	10
13129	81	22	6
13130	216	58	15
13131	124	34	9
13132	139	38	10
13133	101	28	8
13134	81	22	6
13135	178	48	13
13136	283	77	21
13137	81	22	6
13138	189	52	14
13139	60	15	5
13140	178	48	13
13141	177	48	13
13142	77	20	6
13143	3	1	1
13144	63	16	5
13145	178	48	13
13146	60	15	5
13147	79	21	6
13148	178	48	13
13149	263	72	20
13150	177	48	13
13151	66	17	5
13152	103	28	8
13153	124	34	9
13154	124	34	9
13155	124	34	9
13156	124	34	9
13157	65	17	5
13158	103	28	8
13159	124	34	9
13160	124	34	9
13161	101	28	8
13162	124	34	9
13163	65	17	5
13164	86	23	7
13165	124	34	9
13166	124	34	9
13167	113	31	8
13168	114	31	8
13169	60	15	5
13170	82	22	6
13171	124	34	9
13172	124	34	9
13173	85	23	7
13174	124	34	9
13175	82	22	6
13176	124	34	9
13177	178	48	13
13178	207	56	15
13179	24	6	2
13180	265	73	20
13181	215	58	15
13182	31	8	3
13183	41	11	3
13184	200	55	15
13185	275	75	21
13186	203	55	15
13187	24	6	2
13188	16	3	1
13189	34	8	3
13190	201	55	15
13191	34	8	3
13192	24	6	2
13193	265	73	20
13194	43	11	3
13195	6	1	1
13196	34	8	3
13197	24	6	2
13198	101	28	8
13199	34	8	3
13200	205	56	15
13201	235	65	17
13202	31	8	3
13203	24	6	2
13204	229	63	17
13205	34	8	3
13206	37	9	3
13207	84	22	6
13208	193	53	14
13209	272	74	20
13210	272	74	20
13211	135	38	10
13212	37	9	3
13213	206	56	15
13214	276	75	21
13215	31	8	3
13216	238	65	17
13217	284	77	21
13218	37	9	3
13219	119	33	9
13220	121	34	9
13221	28	7	2
13222	230	63	17
13223	202	55	15
13224	272	74	20
13225	82	22	6
13226	273	75	21
13227	81	22	6
13228	143	40	11
13229	40	10	3
13230	298	81	22
13231	234	64	17
13232	273	75	21
13233	188	51	14
13234	264	72	20
13235	109	30	8
13236	99	27	8
13237	270	74	20
13238	93	25	7
13239	16	3	1
13240	68	17	5
13241	273	75	21
13242	80	21	6
13243	178	48	13
13244	146	40	11
13245	158	43	12
13246	11	2	1
13247	238	65	17
13248	6	1	1
13249	201	55	15
13250	68	17	5
13251	146	40	11
13252	45	12	4
13253	99	27	8
13254	100	27	8
13255	229	63	17
13256	276	75	21
13257	234	64	17
13258	276	75	21
13259	298	81	22
13260	238	65	17
13261	274	75	21
13262	275	75	21
13263	278	75	21
13264	266	73	20
13265	291	79	22
13266	289	78	22
13267	276	75	21
13268	229	63	17
13269	284	77	21
13270	276	75	21
13271	31	8	3
13272	292	79	22
13273	292	79	22
13274	274	75	21
13275	274	75	21
13276	276	75	21
13277	16	3	1
13278	197	54	15
13279	267	73	20
13280	197	54	15
13281	34	8	3
13282	276	75	21
13283	202	55	15
13284	37	9	3
13285	202	55	15
13286	17	3	1
13287	267	73	20
13288	210	57	15
13289	229	63	17
13290	43	11	3
13291	267	73	20
13292	28	7	2
13293	84	22	6
13294	34	8	3
13295	202	55	15
13296	37	9	3
13297	16	3	1
13298	34	8	3
13299	72	19	6
13300	276	75	21
13301	288	78	22
13302	31	8	3
13303	276	75	21
13304	288	78	22
13305	274	75	21
13306	77	20	6
13307	289	78	22
13308	276	75	21
13309	276	75	21
13310	34	8	3
13311	34	8	3
13312	238	65	17
13313	276	75	21
13314	288	78	22
13315	274	75	21
13316	272	74	20
13317	276	75	21
13318	123	34	9
13319	272	74	20
13320	276	75	21
13321	272	74	20
13322	276	75	21
13323	235	65	17
13324	158	43	12
13325	207	56	15
13326	113	31	8
13327	81	22	6
13328	104	29	8
13329	12	2	1
13330	84	22	6
13331	93	25	7
13332	298	81	22
13333	262	72	20
13334	41	11	3
13335	84	22	6
13336	101	28	8
13337	100	27	8
13338	134	37	10
13339	26	6	2
13340	229	63	17
13341	272	74	20
13342	109	30	8
13343	81	22	6
13344	81	22	6
13345	267	73	20
13346	102	28	8
13347	95	26	7
13348	86	23	7
13349	137	38	10
13350	230	63	17
13351	143	40	11
13352	135	38	10
13353	272	74	20
13354	207	56	15
13355	31	8	3
13356	191	52	14
13357	104	29	8
13358	276	75	21
13359	146	40	11
13360	276	75	21
13361	264	72	20
13362	16	3	1
13363	229	63	17
13364	230	63	17
13365	135	38	10
13366	265	73	20
13367	73	19	6
13368	275	75	21
13369	139	38	10
13370	238	65	17
13371	121	34	9
13372	16	3	1
13373	276	75	21
13374	34	8	3
13375	264	72	20
13376	238	65	17
13377	275	75	21
13378	238	65	17
13379	239	65	17
13380	238	65	17
13381	45	12	4
13382	90	24	7
13383	98	26	7
13384	136	38	10
13385	64	16	5
13386	89	24	7
13387	54	14	4
13388	95	26	7
13389	84	22	6
13390	67	17	5
13391	91	24	7
13392	98	26	7
13393	71	18	5
13394	169	46	12
13395	93	25	7
13396	92	25	7
13397	57	15	5
13398	58	15	5
13399	84	22	6
13400	123	34	9
13401	86	23	7
13402	46	12	4
13403	36	9	3
13404	55	14	4
13405	48	12	4
13406	106	29	8
13407	127	35	9
13408	67	17	5
13409	71	18	5
13410	195	53	14
13411	100	27	8
13412	289	78	22
13413	67	17	5
13414	177	48	13
13415	91	24	7
13416	105	29	8
13417	54	14	4
13418	138	38	10
13419	81	22	6
13420	99	27	8
13421	68	17	5
13422	52	13	4
13423	49	12	4
13424	46	12	4
13425	106	29	8
13426	56	14	4
13427	104	29	8
13428	46	12	4
13429	88	23	7
13430	66	17	5
13431	68	17	5
13432	71	18	5
13433	68	17	5
13434	190	52	14
13435	52	13	4
13436	106	29	8
13437	50	12	4
13438	57	15	5
13439	206	56	15
13440	120	33	9
13441	150	42	11
13442	300	81	22
13443	111	30	8
13444	16	3	1
13445	138	38	10
13446	121	34	9
13447	213	58	15
13448	230	63	17
13449	135	38	10
13450	206	56	15
13451	206	56	15
13452	21	5	2
13453	137	38	10
13454	186	51	14
13455	119	33	9
13456	135	38	10
13457	229	63	17
13458	264	72	20
13459	77	20	6
13460	272	74	20
13461	16	3	1
13462	276	75	21
13463	272	74	20
13464	129	36	9
13465	272	74	20
13466	123	34	9
13467	210	57	15
13468	272	74	20
13469	276	75	21
13470	37	9	3
13471	37	9	3
13472	16	3	1
13473	37	9	3
13474	44	11	3
13475	45	12	4
13476	44	11	3
13477	269	74	20
13478	298	81	22
13479	276	75	21
13480	276	75	21
13481	264	72	20
13482	291	79	22
13483	272	74	20
13484	298	81	22
13485	277	75	21
13486	293	79	22
13487	295	80	22
13488	298	81	22
13489	298	81	22
13490	276	75	21
13491	294	79	22
13492	238	65	17
13493	101	28	8
13494	298	81	22
13495	297	81	22
13496	298	81	22
13497	276	75	21
13498	296	80	22
13499	60	15	5
13500	283	77	21
13501	156	43	12
13502	137	38	10
13503	124	34	9
13504	266	73	20
13505	266	73	20
13506	191	52	14
13507	284	77	21
13508	101	28	8
13509	88	23	7
13510	60	15	5
13511	284	77	21
13512	203	55	15
13513	296	80	22
13514	116	32	9
13515	43	11	3
13516	156	43	12
13517	284	77	21
13518	296	80	22
13519	129	36	9
13520	299	81	22
13521	34	8	3
13522	71	18	5
13523	214	58	15
13524	266	73	20
13525	207	56	15
13526	6	1	1
13527	298	81	22
13528	56	14	4
13529	115	31	8
13530	18	4	2
13531	103	28	8
13532	123	34	9
13533	26	6	2
13534	66	17	5
13535	72	19	6
13536	48	12	4
13537	6	1	1
13538	34	8	3
13539	274	75	21
13540	101	28	8
13541	71	18	5
13542	24	6	2
13543	262	72	20
13544	158	43	12
13545	98	26	7
13546	267	73	20
13547	283	77	21
13548	60	15	5
13549	289	78	22
13550	36	9	3
13551	60	15	5
13552	178	48	13
13553	77	20	6
13554	60	15	5
13555	162	44	12
13556	60	15	5
13557	178	48	13
13558	160	44	12
13559	150	42	11
13560	216	58	15
13561	60	15	5
13562	60	15	5
13563	120	33	9
13564	124	34	9
13565	159	44	12
13566	52	13	4
13567	63	16	5
13568	63	16	5
13569	64	16	5
13570	186	51	14
13571	144	40	11
13572	145	40	11
13573	60	15	5
13574	60	15	5
13575	60	15	5
13576	60	15	5
13577	60	15	5
13578	60	15	5
13579	60	15	5
13580	45	12	4
13581	99	27	8
13582	60	15	5
13583	103	28	8
13584	272	74	20
13585	51	13	4
13586	139	38	10
13587	185	51	14
13588	153	42	11
13589	173	47	13
13590	185	51	14
13591	195	53	14
13592	185	51	14
13593	137	38	10
13594	185	51	14
13595	185	51	14
13596	137	38	10
13597	135	38	10
13598	153	42	11
13599	196	53	14
13600	185	51	14
13601	185	51	14
13602	142	39	11
13603	195	53	14
13604	175	47	13
13605	196	53	14
13606	154	42	11
13607	103	28	8
13608	137	38	10
13609	187	51	14
13610	185	51	14
13611	185	51	14
13612	185	51	14
13613	81	22	6
13614	137	38	10
13615	185	51	14
13616	173	47	13
13617	77	20	6
13618	185	51	14
13619	185	51	14
13620	192	53	14
13621	73	19	6
13622	52	13	4
13623	192	53	14
13624	192	53	14
13625	185	51	14
13626	185	51	14
13627	192	53	14
13628	64	16	5
13629	192	53	14
13630	192	53	14
13631	192	53	14
13632	192	53	14
13633	112	31	8
13634	173	47	13
13635	195	53	14
13636	139	38	10
13637	192	53	14
13638	139	38	10
13639	192	53	14
13640	192	53	14
13641	192	53	14
13642	185	51	14
13643	290	78	22
13644	84	22	6
13645	56	14	4
13646	56	14	4
13647	56	14	4
13648	56	14	4
13649	56	14	4
13650	58	15	5
13651	86	23	7
13652	56	14	4
13653	86	23	7
13654	56	14	4
13655	89	24	7
13656	84	22	6
13657	56	14	4
13658	56	14	4
13659	56	14	4
13660	56	14	4
13661	84	22	6
13662	56	14	4
13663	84	22	6
13664	56	14	4
13665	56	14	4
13666	84	22	6
13667	263	72	20
13668	56	14	4
13669	54	14	4
13670	56	14	4
13671	183	50	14
13672	183	50	14
13673	187	51	14
13674	183	50	14
13675	183	50	14
13676	183	50	14
13677	183	50	14
13678	183	50	14
13679	183	50	14
13680	136	38	10
13681	183	50	14
13682	183	50	14
13683	183	50	14
13684	35	8	3
13685	183	50	14
13686	153	42	11
13687	183	50	14
13688	183	50	14
13689	183	50	14
13690	183	50	14
13691	187	51	14
13692	183	50	14
13693	183	50	14
13694	183	50	14
13695	183	50	14
13696	133	37	10
13697	187	51	14
13698	183	50	14
13699	148	41	11
13700	60	15	5
13701	54	14	4
13702	115	31	8
13703	115	31	8
13704	164	45	12
13705	54	14	4
13706	60	15	5
13707	60	15	5
13708	54	14	4
13709	106	29	8
13710	54	14	4
13711	54	14	4
13712	54	14	4
13713	60	15	5
13714	54	14	4
13715	60	15	5
13716	54	14	4
13717	54	14	4
13718	60	15	5
13719	54	14	4
13720	60	15	5
13721	54	14	4
13722	54	14	4
13723	134	37	10
13724	60	15	5
13725	177	48	13
13726	177	48	13
13727	68	17	5
13728	177	48	13
13729	176	47	13
13730	164	45	12
13731	176	47	13
13732	152	42	11
13733	178	48	13
13734	191	52	14
13735	179	49	13
13736	190	52	14
13737	120	33	9
13738	178	48	13
13739	153	42	11
13740	190	52	14
13741	190	52	14
13742	189	52	14
13743	177	48	13
13744	176	47	13
13745	65	17	5
13746	177	48	13
13747	141	39	11
13748	178	48	13
13749	178	48	13
13750	108	30	8
13751	66	17	5
13752	181	49	13
13753	177	48	13
13754	191	52	14
13755	191	52	14
13756	63	16	5
13757	177	48	13
13758	68	17	5
13759	151	42	11
13760	177	48	13
13761	177	48	13
13762	178	48	13
13763	191	52	14
13764	177	48	13
13765	177	48	13
13766	178	48	13
13767	178	48	13
13768	178	48	13
13769	189	52	14
13770	177	48	13
13771	177	48	13
13772	191	52	14
13773	136	38	10
13774	136	38	10
13775	136	38	10
13776	136	38	10
13777	139	38	10
13778	136	38	10
13779	135	38	10
13780	138	38	10
13781	182	50	14
13782	169	46	12
13783	135	38	10
13784	135	38	10
13785	182	50	14
13786	135	38	10
13787	138	38	10
13788	67	17	5
13789	41	11	3
13790	187	51	14
13791	182	50	14
13792	135	38	10
13793	42	11	3
13794	135	38	10
13795	135	38	10
13796	169	46	12
13797	67	17	5
13798	135	38	10
13799	135	38	10
13800	182	50	14
13801	135	38	10
13802	187	51	14
13803	182	50	14
13804	182	50	14
13805	182	50	14
13806	182	50	14
13807	158	43	12
13808	153	42	11
13809	153	42	11
13810	188	51	14
13811	153	42	11
13812	153	42	11
13813	153	42	11
13814	136	38	10
13815	272	74	20
13816	142	39	11
13817	153	42	11
13818	153	42	11
13819	141	39	11
13820	145	40	11
13821	153	42	11
13822	153	42	11
13823	191	52	14
13824	188	51	14
13825	174	47	13
13826	153	42	11
13827	153	42	11
13828	150	42	11
13829	153	42	11
13830	191	52	14
13831	94	25	7
13832	191	52	14
13833	177	48	13
13834	177	48	13
13835	110	30	8
13836	179	49	13
13837	177	48	13
13838	178	48	13
13839	178	48	13
13840	178	48	13
13841	178	48	13
13842	177	48	13
13843	185	51	14
13844	152	42	11
13845	177	48	13
13846	177	48	13
13847	152	42	11
13848	177	48	13
13849	178	48	13
13850	177	48	13
13851	177	48	13
13852	178	48	13
13853	177	48	13
13854	178	48	13
13855	190	52	14
13856	176	47	13
13857	191	52	14
13858	189	52	14
13859	189	52	14
13860	193	53	14
13861	188	51	14
13862	185	51	14
13863	191	52	14
13864	176	47	13
13865	189	52	14
13866	189	52	14
13867	162	44	12
13868	189	52	14
13869	189	52	14
13870	196	53	14
13871	189	52	14
13872	178	48	13
13873	186	51	14
13874	50	12	4
13875	175	47	13
13876	177	48	13
13877	189	52	14
13878	189	52	14
13879	189	52	14
13880	169	46	12
13881	177	48	13
13882	188	51	14
13883	178	48	13
13884	176	47	13
13885	178	48	13
13886	186	51	14
13887	178	48	13
13888	189	52	14
13889	66	17	5
13890	178	48	13
13891	178	48	13
13892	178	48	13
13893	179	49	13
13894	174	47	13
13895	160	44	12
13896	178	48	13
13897	183	50	14
13898	176	47	13
13899	176	47	13
13900	121	34	9
13901	178	48	13
13902	178	48	13
13903	177	48	13
13904	168	46	12
13905	177	48	13
13906	178	48	13
13907	189	52	14
13908	189	52	14
13909	176	47	13
13910	178	48	13
13911	191	52	14
13912	177	48	13
13913	191	52	14
13914	177	48	13
13915	177	48	13
13916	191	52	14
13917	263	72	20
13918	191	52	14
13919	189	52	14
13920	177	48	13
13921	177	48	13
13922	177	48	13
13923	177	48	13
13924	152	42	11
13925	178	48	13
13926	177	48	13
13927	177	48	13
13928	189	52	14
13929	168	46	12
13930	152	42	11
13931	175	47	13
13932	177	48	13
13933	52	13	4
13934	154	42	11
13935	175	47	13
13936	177	48	13
13937	178	48	13
13938	179	49	13
13939	154	42	11
13940	168	46	12
13941	168	46	12
13942	189	52	14
13943	152	42	11
13944	154	42	11
13945	152	42	11
13946	154	42	11
13947	270	74	20
13948	139	38	10
13949	139	38	10
13950	139	38	10
13951	187	51	14
13952	139	38	10
13953	139	38	10
13954	300	81	22
13955	187	51	14
13956	183	50	14
13957	187	51	14
13958	139	38	10
13959	187	51	14
13960	187	51	14
13961	136	38	10
13962	187	51	14
13963	154	42	11
13964	139	38	10
13965	139	38	10
13966	187	51	14
13967	138	38	10
13968	187	51	14
13969	179	49	13
13970	191	52	14
13971	179	49	13
13972	189	52	14
13973	178	48	13
13974	191	52	14
13975	177	48	13
13976	177	48	13
13977	177	48	13
13978	177	48	13
13979	177	48	13
13980	173	47	13
13981	177	48	13
13982	178	48	13
13983	177	48	13
13984	190	52	14
13985	150	42	11
13986	191	52	14
13987	177	48	13
13988	189	52	14
13989	195	53	14
13990	189	52	14
13991	177	48	13
13992	177	48	13
13993	177	48	13
13994	177	48	13
13995	54	14	4
13996	191	52	14
13997	177	48	13
13998	141	39	11
13999	190	52	14
14000	179	49	13
14001	138	38	10
14002	136	38	10
14003	177	48	13
14004	185	51	14
14005	152	42	11
14006	172	47	13
14007	116	32	9
14008	189	52	14
14009	179	49	13
14010	184	50	14
14011	189	52	14
14012	150	42	11
14013	141	39	11
14014	168	46	12
14015	171	47	13
14016	164	45	12
14017	190	52	14
14018	190	52	14
14019	174	47	13
14020	185	51	14
14021	139	38	10
14022	137	38	10
14023	183	50	14
14024	187	51	14
14025	187	51	14
14026	183	50	14
14027	183	50	14
14028	185	51	14
14029	193	53	14
14030	298	81	22
14031	183	50	14
14032	183	50	14
14033	138	38	10
14034	183	50	14
14035	187	51	14
14036	187	51	14
14037	186	51	14
14038	186	51	14
14039	187	51	14
14040	183	50	14
14041	185	51	14
14042	183	50	14
14043	185	51	14
14044	186	51	14
14045	185	51	14
14046	183	50	14
14047	139	38	10
14048	183	50	14
14049	136	38	10
14050	187	51	14
14051	135	38	10
14052	139	38	10
14053	136	38	10
14054	136	38	10
14055	135	38	10
14056	139	38	10
14057	187	51	14
14058	136	38	10
14059	187	51	14
14060	136	38	10
14061	136	38	10
14062	136	38	10
14063	74	19	6
14064	187	51	14
14065	187	51	14
14066	187	51	14
14067	136	38	10
14068	139	38	10
14069	131	36	9
14070	187	51	14
14071	136	38	10
14072	131	36	9
14073	136	38	10
14074	177	48	13
14075	99	27	8
14076	190	52	14
14077	191	52	14
14078	99	27	8
14079	147	41	11
14080	177	48	13
14081	177	48	13
14082	177	48	13
14083	177	48	13
14084	177	48	13
14085	191	52	14
14086	177	48	13
14087	177	48	13
14088	178	48	13
14089	177	48	13
14090	99	27	8
14091	178	48	13
14092	177	48	13
14093	99	27	8
14094	178	48	13
14095	177	48	13
14096	190	52	14
14097	145	40	11
14098	135	38	10
14099	145	40	11
14100	194	53	14
14101	107	29	8
14102	187	51	14
14103	135	38	10
14104	188	51	14
14105	185	51	14
14106	53	14	4
14107	137	38	10
14108	136	38	10
14109	137	38	10
14110	115	31	8
14111	135	38	10
14112	53	14	4
14113	67	17	5
14114	139	38	10
14115	164	45	12
14116	193	53	14
14117	193	53	14
14118	149	41	11
14119	193	53	14
14120	149	41	11
14121	193	53	14
14122	193	53	14
14123	193	53	14
14124	149	41	11
14125	193	53	14
14126	193	53	14
14127	148	41	11
14128	193	53	14
14129	191	52	14
14130	193	53	14
14131	193	53	14
14132	150	42	11
14133	193	53	14
14134	193	53	14
14135	193	53	14
14136	171	47	13
14137	191	52	14
14138	191	52	14
14139	193	53	14
14140	193	53	14
14141	171	47	13
14142	182	50	14
14143	193	53	14
14144	193	53	14
14145	193	53	14
14146	180	49	13
14147	193	53	14
14148	171	47	13
14149	171	47	13
14150	141	39	11
14151	155	43	12
14152	193	53	14
14153	290	78	22
14154	299	81	22
14155	171	47	13
14156	193	53	14
14157	148	41	11
14158	182	50	14
14159	191	52	14
14160	171	47	13
14161	120	33	9
14162	184	50	14
14163	182	50	14
14164	188	51	14
14165	193	53	14
14166	182	50	14
14167	193	53	14
14168	184	50	14
14169	182	50	14
14170	51	13	4
14171	193	53	14
14172	182	50	14
14173	172	47	13
14174	184	50	14
14175	182	50	14
14176	138	38	10
14177	193	53	14
14178	182	50	14
14179	193	53	14
14180	53	14	4
14181	184	50	14
14182	193	53	14
14183	53	14	4
14184	293	79	22
14185	182	50	14
14186	182	50	14
14187	182	50	14
14188	182	50	14
14189	53	14	4
14190	193	53	14
14191	193	53	14
14192	171	47	13
14193	171	47	13
14194	171	47	13
14195	193	53	14
14196	171	47	13
14197	171	47	13
14198	171	47	13
14199	171	47	13
14200	171	47	13
14201	171	47	13
14202	163	45	12
14203	171	47	13
14204	171	47	13
14205	166	45	12
14206	171	47	13
14207	193	53	14
14208	171	47	13
14209	154	42	11
14210	247	68	18
14211	171	47	13
14212	171	47	13
14213	170	46	12
14214	182	50	14
14215	170	46	12
14216	150	42	11
14217	182	50	14
14218	52	13	4
14219	174	47	13
14220	148	41	11
14221	169	46	12
14222	169	46	12
14223	169	46	12
14224	169	46	12
14225	171	47	13
14226	169	46	12
14227	169	46	12
14228	169	46	12
14229	247	68	18
14230	150	42	11
14231	196	53	14
14232	196	53	14
14233	196	53	14
14234	196	53	14
14235	196	53	14
14236	194	53	14
14237	141	39	11
14238	141	39	11
14239	196	53	14
14240	142	39	11
14241	190	52	14
14242	147	41	11
14243	196	53	14
14244	84	22	6
14245	129	36	9
14246	134	37	10
14247	196	53	14
14248	196	53	14
14249	196	53	14
14250	196	53	14
14251	153	42	11
14252	196	53	14
14253	196	53	14
14254	194	53	14
14255	196	53	14
14256	196	53	14
14257	150	42	11
14258	135	38	10
14259	136	38	10
14260	114	31	8
14261	134	37	10
14262	145	40	11
14263	152	42	11
14264	141	39	11
14265	134	37	10
14266	141	39	11
14267	190	52	14
14268	17	3	1
14269	150	42	11
14270	141	39	11
14271	135	38	10
14272	151	42	11
14273	141	39	11
14274	141	39	11
14275	135	38	10
14276	141	39	11
14277	135	38	10
14278	142	39	11
14279	190	52	14
14280	142	39	11
14281	135	38	10
14282	142	39	11
14283	134	37	10
14284	145	40	11
14285	135	38	10
14286	150	42	11
14287	141	39	11
14288	135	38	10
14289	150	42	11
14290	145	40	11
14291	135	38	10
14292	190	52	14
14293	152	42	11
14294	190	52	14
14295	148	41	11
14296	143	40	11
14297	141	39	11
14298	143	40	11
14299	141	39	11
14300	74	19	6
14301	141	39	11
14302	143	40	11
14303	151	42	11
14304	151	42	11
14305	141	39	11
14306	142	39	11
14307	141	39	11
14308	196	53	14
14309	134	37	10
14310	19	4	2
14311	134	37	10
14312	135	38	10
14313	141	39	11
14314	141	39	11
14315	141	39	11
14316	141	39	11
14317	148	41	11
14318	141	39	11
14319	135	38	10
14320	141	39	11
14321	141	39	11
14322	114	31	8
14323	136	38	10
14324	134	37	10
14325	125	35	9
14326	141	39	11
14327	196	53	14
14328	141	39	11
14329	196	53	14
14330	190	52	14
14331	143	40	11
14332	196	53	14
14333	196	53	14
14334	196	53	14
14335	136	38	10
14336	190	52	14
14337	182	50	14
14338	136	38	10
14339	247	68	18
14340	169	46	12
14341	193	53	14
14342	157	43	12
14343	134	37	10
14344	185	51	14
14345	163	45	12
14346	141	39	11
14347	193	53	14
14348	169	46	12
14349	163	45	12
14350	185	51	14
14351	141	39	11
14352	190	52	14
14353	176	47	13
14354	141	39	11
14355	189	52	14
14356	175	47	13
14357	141	39	11
14358	166	45	12
14359	134	37	10
14360	192	53	14
14361	184	50	14
14362	164	45	12
14363	169	46	12
14364	170	46	12
14365	195	53	14
14366	196	53	14
14367	196	53	14
14368	195	53	14
14369	142	39	11
14370	194	53	14
14371	196	53	14
14372	196	53	14
14373	194	53	14
14374	151	42	11
14375	193	53	14
14376	195	53	14
14377	185	51	14
14378	194	53	14
14379	194	53	14
14380	194	53	14
14381	196	53	14
14382	141	39	11
14383	142	39	11
14384	149	41	11
14385	189	52	14
14386	153	42	11
14387	142	39	11
14388	149	41	11
14389	189	52	14
14390	150	42	11
14391	140	39	11
14392	145	40	11
14393	140	39	11
14394	189	52	14
14395	145	40	11
14396	191	52	14
14397	145	40	11
14398	138	38	10
14399	189	52	14
14400	195	53	14
14401	269	74	20
14402	189	52	14
14403	189	52	14
14404	189	52	14
14405	183	50	14
14406	144	40	11
14407	150	42	11
14408	189	52	14
14409	142	39	11
14410	142	39	11
14411	140	39	11
14412	187	51	14
14413	140	39	11
14414	153	42	11
14415	140	39	11
14416	140	39	11
14417	140	39	11
14418	141	39	11
14419	140	39	11
14420	140	39	11
14421	134	37	10
14422	139	38	10
14423	136	38	10
14424	140	39	11
14425	145	40	11
14426	140	39	11
14427	141	39	11
14428	140	39	11
14429	135	38	10
14430	141	39	11
14431	150	42	11
14432	134	37	10
14433	142	39	11
14434	140	39	11
14435	140	39	11
14436	143	40	11
14437	140	39	11
14438	140	39	11
14439	140	39	11
14440	140	39	11
14441	134	37	10
14442	140	39	11
14443	140	39	11
14444	143	40	11
14445	140	39	11
14446	140	39	11
14447	140	39	11
14448	140	39	11
14449	135	38	10
14450	134	37	10
14451	169	46	12
14452	169	46	12
14453	134	37	10
14454	169	46	12
14455	169	46	12
14456	169	46	12
14457	89	24	7
14458	169	46	12
14459	169	46	12
14460	169	46	12
14461	169	46	12
14462	82	22	6
14463	169	46	12
14464	169	46	12
14465	169	46	12
14466	134	37	10
14467	169	46	12
14468	134	37	10
14469	169	46	12
14470	134	37	10
14471	148	41	11
14472	169	46	12
14473	134	37	10
14474	169	46	12
14475	169	46	12
14476	169	46	12
14477	169	46	12
14478	150	42	11
14479	169	46	12
14480	163	45	12
14481	188	51	14
14482	169	46	12
14483	177	48	13
14484	165	45	12
14485	171	47	13
14486	170	46	12
14487	169	46	12
14488	169	46	12
14489	170	46	12
14490	183	50	14
14491	169	46	12
14492	166	45	12
14493	172	47	13
14494	169	46	12
14495	163	45	12
14496	134	37	10
14497	134	37	10
14498	134	37	10
14499	169	46	12
14500	134	37	10
14501	134	37	10
14502	170	46	12
14503	134	37	10
14504	134	37	10
14505	134	37	10
14506	134	37	10
14507	134	37	10
14508	134	37	10
14509	169	46	12
14510	134	37	10
14511	134	37	10
14512	134	37	10
14513	134	37	10
14514	170	46	12
14515	171	47	13
14516	152	42	11
14517	177	48	13
14518	182	50	14
14519	185	51	14
14520	169	46	12
14521	169	46	12
14522	169	46	12
14523	169	46	12
14524	169	46	12
14525	169	46	12
14526	169	46	12
14527	169	46	12
14528	146	40	11
14529	148	41	11
14530	290	78	22
14531	189	52	14
14532	169	46	12
14533	169	46	12
14534	134	37	10
14535	169	46	12
14536	150	42	11
14537	169	46	12
14538	48	12	4
14539	167	46	12
14540	145	40	11
14541	153	42	11
14542	169	46	12
14543	180	49	13
14544	169	46	12
14545	153	42	11
14546	169	46	12
14547	169	46	12
14548	175	47	13
14549	134	37	10
14550	169	46	12
14551	64	16	5
14552	134	37	10
14553	169	46	12
14554	169	46	12
14555	247	68	18
14556	169	46	12
14557	169	46	12
14558	134	37	10
14559	64	16	5
14560	169	46	12
14561	169	46	12
14562	183	50	14
14563	169	46	12
14564	169	46	12
14565	169	46	12
14566	169	46	12
14567	169	46	12
14568	132	36	9
14569	134	37	10
14570	134	37	10
14571	134	37	10
14572	169	46	12
14573	138	38	10
14574	173	47	13
14575	189	52	14
14576	176	47	13
14577	176	47	13
14578	180	49	13
14579	189	52	14
14580	176	47	13
14581	175	47	13
14582	189	52	14
14583	176	47	13
14584	189	52	14
14585	165	45	12
14586	183	50	14
14587	169	46	12
14588	182	50	14
14589	168	46	12
14590	168	46	12
14591	184	50	14
14592	168	46	12
14593	168	46	12
14594	184	50	14
14595	180	49	13
14596	171	47	13
14597	148	41	11
14598	184	50	14
14599	174	47	13
14600	171	47	13
14601	171	47	13
14602	71	18	5
14603	189	52	14
14604	169	46	12
14605	183	50	14
14606	166	45	12
14607	166	45	12
14608	166	45	12
14609	154	42	11
14610	168	46	12
14611	148	41	11
14612	172	47	13
14613	166	45	12
14614	168	46	12
14615	166	45	12
14616	154	42	11
14617	148	41	11
14618	148	41	11
14619	167	46	12
14620	164	45	12
14621	165	45	12
14622	184	50	14
14623	166	45	12
14624	174	47	13
14625	166	45	12
14626	166	45	12
14627	168	46	12
14628	167	46	12
14629	167	46	12
14630	167	46	12
14631	167	46	12
14632	167	46	12
14633	167	46	12
14634	179	49	13
14635	179	49	13
14636	179	49	13
14637	179	49	13
14638	179	49	13
14639	159	44	12
14640	179	49	13
14641	179	49	13
14642	179	49	13
14643	181	49	13
14644	179	49	13
14645	179	49	13
14646	179	49	13
14647	179	49	13
14648	179	49	13
14649	179	49	13
14650	179	49	13
14651	181	49	13
14652	160	44	12
14653	181	49	13
14654	179	49	13
14655	179	49	13
14656	179	49	13
14657	179	49	13
14658	179	49	13
14659	179	49	13
14660	179	49	13
14661	179	49	13
14662	179	49	13
14663	179	49	13
14664	179	49	13
14665	179	49	13
14666	181	49	13
14667	189	52	14
14668	179	49	13
14669	179	49	13
14670	179	49	13
14671	181	49	13
14672	179	49	13
14673	179	49	13
14674	181	49	13
14675	179	49	13
14676	180	49	13
14677	181	49	13
14678	181	49	13
14679	181	49	13
14680	179	49	13
14681	181	49	13
14682	179	49	13
14683	180	49	13
14684	179	49	13
14685	179	49	13
14686	176	47	13
14687	159	44	12
14688	163	45	12
14689	180	49	13
14690	180	49	13
14691	172	47	13
14692	172	47	13
14693	180	49	13
14694	180	49	13
14695	180	49	13
14696	180	49	13
14697	180	49	13
14698	179	49	13
14699	159	44	12
14700	180	49	13
14701	168	46	12
14702	180	49	13
14703	180	49	13
14704	179	49	13
14705	179	49	13
14706	179	49	13
14707	180	49	13
14708	180	49	13
14709	159	44	12
14710	180	49	13
14711	179	49	13
14712	180	49	13
14713	180	49	13
14714	181	49	13
14715	180	49	13
14716	171	47	13
14717	181	49	13
14718	166	45	12
14719	163	45	12
14720	179	49	13
14721	181	49	13
14722	176	47	13
14723	177	48	13
14724	181	49	13
14725	181	49	13
14726	163	45	12
14727	170	46	12
14728	171	47	13
14729	151	42	11
14730	142	39	11
14731	151	42	11
14732	151	42	11
14733	137	38	10
14734	151	42	11
14735	185	51	14
14736	151	42	11
14737	151	42	11
14738	150	42	11
14739	151	42	11
14740	190	52	14
14741	151	42	11
14742	151	42	11
14743	151	42	11
14744	151	42	11
14745	147	41	11
14746	151	42	11
14747	151	42	11
14748	170	46	12
14749	154	42	11
14750	151	42	11
14751	151	42	11
14752	151	42	11
14753	151	42	11
14754	151	42	11
14755	282	76	21
14756	282	76	21
14757	282	76	21
14758	151	42	11
14759	151	42	11
14760	242	66	18
14761	151	42	11
14762	282	76	21
14763	151	42	11
14764	282	76	21
14765	151	42	11
14766	282	76	21
14767	299	81	22
14768	282	76	21
14769	282	76	21
14770	151	42	11
14771	282	76	21
14772	282	76	21
14773	151	42	11
14774	151	42	11
14775	151	42	11
14776	151	42	11
14777	151	42	11
14778	185	51	14
14779	185	51	14
14780	151	42	11
14781	178	48	13
14782	176	47	13
14783	168	46	12
14784	151	42	11
14785	185	51	14
14786	185	51	14
14787	189	52	14
14788	164	45	12
14789	185	51	14
14790	185	51	14
14791	176	47	13
14792	151	42	11
14793	151	42	11
14794	151	42	11
14795	142	39	11
14796	176	47	13
14797	176	47	13
14798	176	47	13
14799	142	39	11
14800	176	47	13
14801	176	47	13
14802	176	47	13
14803	176	47	13
14804	142	39	11
14805	176	47	13
14806	196	53	14
14807	176	47	13
14808	176	47	13
14809	176	47	13
14810	176	47	13
14811	176	47	13
14812	189	52	14
14813	176	47	13
14814	190	52	14
14815	176	47	13
14816	176	47	13
14817	142	39	11
14818	189	52	14
14819	196	53	14
14820	189	52	14
14821	176	47	13
14822	154	42	11
14823	177	48	13
14824	185	51	14
14825	168	46	12
14826	176	47	13
14827	189	52	14
14828	176	47	13
14829	154	42	11
14830	170	46	12
14831	189	52	14
14832	154	42	11
14833	176	47	13
14834	189	52	14
14835	189	52	14
14836	189	52	14
14837	189	52	14
14838	154	42	11
14839	154	42	11
14840	176	47	13
14841	176	47	13
14842	176	47	13
14843	181	49	13
14844	147	41	11
14845	154	42	11
14846	154	42	11
14847	154	42	11
14848	195	53	14
14849	154	42	11
14850	166	45	12
14851	154	42	11
14852	154	42	11
14853	166	45	12
14854	168	46	12
14855	166	45	12
14856	166	45	12
14857	166	45	12
14858	174	47	13
14859	166	45	12
14860	166	45	12
14861	173	47	13
14862	166	45	12
14863	174	47	13
14864	172	47	13
14865	172	47	13
14866	166	45	12
14867	172	47	13
14868	172	47	13
14869	166	45	12
14870	166	45	12
14871	175	47	13
14872	172	47	13
14873	166	45	12
14874	166	45	12
14875	164	45	12
14876	179	49	13
14877	166	45	12
14878	176	47	13
14879	183	50	14
14880	166	45	12
14881	174	47	13
14882	147	41	11
14883	166	45	12
14884	172	47	13
14885	163	45	12
14886	179	49	13
14887	166	45	12
14888	165	45	12
14889	168	46	12
14890	154	42	11
14891	181	49	13
14892	185	51	14
14893	176	47	13
14894	166	45	12
14895	185	51	14
14896	154	42	11
14897	170	46	12
14898	166	45	12
14899	142	39	11
14900	154	42	11
14901	190	52	14
14902	151	42	11
14903	170	46	12
14904	176	47	13
14905	189	52	14
14906	182	50	14
14907	170	46	12
14908	142	39	11
14909	189	52	14
14910	189	52	14
14911	165	45	12
14912	176	47	13
14913	166	45	12
14914	174	47	13
14915	172	47	13
14916	163	45	12
14917	150	42	11
14918	154	42	11
14919	168	46	12
14920	166	45	12
14921	172	47	13
14922	165	45	12
14923	175	47	13
14924	173	47	13
14925	173	47	13
14926	172	47	13
14927	166	45	12
14928	174	47	13
14929	145	40	11
14930	189	52	14
14931	173	47	13
14932	152	42	11
14933	190	52	14
14934	176	47	13
14935	176	47	13
14936	189	52	14
14937	176	47	13
14938	175	47	13
14939	190	52	14
14940	189	52	14
14941	141	39	11
14942	190	52	14
14943	196	53	14
14944	145	40	11
14945	175	47	13
14946	189	52	14
14947	175	47	13
14948	176	47	13
14949	142	39	11
14950	153	42	11
14951	166	45	12
14952	154	42	11
14953	185	51	14
14954	173	47	13
14955	190	52	14
14956	154	42	11
14957	170	46	12
14958	196	53	14
14959	154	42	11
14960	189	52	14
14961	153	42	11
14962	153	42	11
14963	154	42	11
14964	142	39	11
14965	154	42	11
14966	154	42	11
14967	168	46	12
14968	142	39	11
14969	189	52	14
14970	182	50	14
14971	189	52	14
14972	282	76	21
14973	176	47	13
14974	282	76	21
14975	175	47	13
14976	189	52	14
14977	176	47	13
14978	190	52	14
14979	168	46	12
14980	189	52	14
14981	168	46	12
14982	153	42	11
14983	176	47	13
14984	189	52	14
14985	145	40	11
14986	176	47	13
14987	282	76	21
14988	147	41	11
14989	145	40	11
14990	176	47	13
14991	168	46	12
14992	189	52	14
14993	165	45	12
14994	152	42	11
14995	174	47	13
14996	174	47	13
14997	163	45	12
14998	174	47	13
14999	173	47	13
15000	174	47	13
15001	174	47	13
15002	174	47	13
15003	173	47	13
15004	173	47	13
15005	166	45	12
15006	166	45	12
15007	177	48	13
15008	176	47	13
15009	176	47	13
15010	154	42	11
15011	142	39	11
15012	166	45	12
15013	154	42	11
15014	166	45	12
15015	142	39	11
15016	142	39	11
15017	173	47	13
15018	166	45	12
15019	170	46	12
15020	176	47	13
15021	173	47	13
15022	179	49	13
15023	176	47	13
15024	174	47	13
15025	193	53	14
15026	170	46	12
15027	170	46	12
15028	156	43	12
15029	170	46	12
15030	170	46	12
15031	184	50	14
15032	170	46	12
15033	184	50	14
15034	156	43	12
15035	170	46	12
15036	170	46	12
15037	170	46	12
15038	170	46	12
15039	141	39	11
15040	174	47	13
15041	142	39	11
15042	142	39	11
15043	150	42	11
15044	153	42	11
15045	196	53	14
15046	189	52	14
15047	154	42	11
15048	142	39	11
15049	189	52	14
15050	150	42	11
15051	190	52	14
15052	142	39	11
15053	142	39	11
15054	140	39	11
15055	189	52	14
15056	172	47	13
15057	142	39	11
15058	142	39	11
15059	142	39	11
15060	190	52	14
15061	196	53	14
15062	190	52	14
15063	142	39	11
15064	195	53	14
15065	174	47	13
15066	189	52	14
15067	142	39	11
15068	189	52	14
15069	142	39	11
15070	142	39	11
15071	142	39	11
15072	189	52	14
15073	141	39	11
15074	142	39	11
15075	142	39	11
15076	142	39	11
15077	190	52	14
15078	135	38	10
15079	145	40	11
15080	140	39	11
15081	174	47	13
15082	150	42	11
15083	179	49	13
15084	177	48	13
15085	154	42	11
15086	165	45	12
15087	189	52	14
15088	160	44	12
15089	189	52	14
15090	175	47	13
15091	188	51	14
15092	176	47	13
15093	152	42	11
15094	177	48	13
15095	176	47	13
15096	177	48	13
15097	178	48	13
15098	189	52	14
15099	173	47	13
15100	168	46	12
15101	189	52	14
15102	189	52	14
15103	176	47	13
15104	166	45	12
15105	166	45	12
15106	176	47	13
15107	176	47	13
15108	176	47	13
15109	168	46	12
15110	172	47	13
15111	160	44	12
15112	176	47	13
15113	176	47	13
15114	170	46	12
15115	165	45	12
15116	171	47	13
15117	171	47	13
15118	176	47	13
15119	179	49	13
15120	179	49	13
15121	177	48	13
15122	179	49	13
15123	175	47	13
15124	172	47	13
15125	180	49	13
15126	170	46	12
15127	173	47	13
15128	173	47	13
15129	154	42	11
15130	172	47	13
15131	172	47	13
15132	168	46	12
15133	177	48	13
15134	191	52	14
15135	157	43	12
15136	172	47	13
15137	185	51	14
15138	185	51	14
15139	155	43	12
15140	171	47	13
15141	185	51	14
15142	168	46	12
15143	177	48	13
15144	181	49	13
15145	185	51	14
15146	176	47	13
15147	166	45	12
15148	166	45	12
15149	181	49	13
15150	176	47	13
15151	165	45	12
15152	172	47	13
15153	166	45	12
15154	177	48	13
15155	175	47	13
15156	180	49	13
15157	175	47	13
15158	175	47	13
15159	171	47	13
15160	174	47	13
15161	180	49	13
15162	188	51	14
15163	176	47	13
15164	175	47	13
15165	165	45	12
15166	188	51	14
15167	176	47	13
15168	177	48	13
15169	174	47	13
15170	179	49	13
15171	185	51	14
15172	175	47	13
15173	179	49	13
15174	176	47	13
15175	185	51	14
15176	179	49	13
15177	178	48	13
15178	181	49	13
15179	166	45	12
15180	179	49	13
15181	180	49	13
15182	172	47	13
15183	177	48	13
15184	179	49	13
15185	176	47	13
15186	172	47	13
15187	179	49	13
15188	180	49	13
15189	179	49	13
15190	176	47	13
15191	177	48	13
15192	168	46	12
15193	180	49	13
15194	175	47	13
15195	177	48	13
15196	179	49	13
15197	177	48	13
15198	300	81	22
15199	175	47	13
15200	166	45	12
15201	150	42	11
15202	175	47	13
15203	174	47	13
15204	166	45	12
15205	170	46	12
15206	164	45	12
15207	178	48	13
15208	175	47	13
15209	164	45	12
15210	174	47	13
15211	166	45	12
15212	179	49	13
15213	181	49	13
15214	165	45	12
15215	175	47	13
15216	166	45	12
15217	180	49	13
15218	181	49	13
15219	184	50	14
15220	171	47	13
15221	181	49	13
15222	176	47	13
15223	177	48	13
15224	166	45	12
15225	163	45	12
15226	163	45	12
15227	163	45	12
15228	166	45	12
15229	163	45	12
15230	163	45	12
15231	165	45	12
15232	163	45	12
15233	163	45	12
15234	163	45	12
15235	163	45	12
15236	169	46	12
15237	163	45	12
15238	164	45	12
15239	164	45	12
15240	163	45	12
15241	181	49	13
15242	181	49	13
15243	185	51	14
15244	175	47	13
15245	177	48	13
15246	185	51	14
15247	163	45	12
15248	176	47	13
15249	181	49	13
15250	172	47	13
15251	165	45	12
15252	181	49	13
15253	176	47	13
15254	167	46	12
15255	163	45	12
15256	181	49	13
15257	166	45	12
15258	180	49	13
15259	164	45	12
15260	166	45	12
15261	178	48	13
15262	163	45	12
15263	174	47	13
15264	173	47	13
15265	188	51	14
15266	163	45	12
15267	163	45	12
15268	163	45	12
15269	163	45	12
15270	163	45	12
15271	163	45	12
15272	163	45	12
15273	163	45	12
15274	163	45	12
15275	163	45	12
15276	163	45	12
15277	163	45	12
15278	163	45	12
15279	163	45	12
15280	163	45	12
15281	163	45	12
15282	169	46	12
15283	160	44	12
15284	181	49	13
15285	163	45	12
15286	169	46	12
15287	179	49	13
15288	163	45	12
15289	180	49	13
15290	163	45	12
15291	163	45	12
15292	163	45	12
15293	163	45	12
15294	163	45	12
15295	163	45	12
15296	163	45	12
15297	163	45	12
15298	179	49	13
15299	175	47	13
15300	163	45	12
15301	172	47	13
15302	163	45	12
15303	169	46	12
15304	163	45	12
15305	163	45	12
15306	172	47	13
15307	172	47	13
15308	179	49	13
15309	180	49	13
15310	169	46	12
15311	180	49	13
15312	172	47	13
15313	172	47	13
15314	169	46	12
15315	172	47	13
15316	181	49	13
15317	163	45	12
15318	170	46	12
15319	169	46	12
15320	165	45	12
15321	182	50	14
15322	163	45	12
15323	163	45	12
15324	181	49	13
15325	165	45	12
15326	169	46	12
15327	240	66	18
15328	172	47	13
15329	164	45	12
15330	171	47	13
15331	171	47	13
15332	168	46	12
15333	166	45	12
15334	166	45	12
15335	166	45	12
15336	171	47	13
15337	164	45	12
15338	164	45	12
15339	154	42	11
15340	181	49	13
15341	165	45	12
15342	175	47	13
15343	177	48	13
15344	166	45	12
15345	185	51	14
15346	165	45	12
15347	194	53	14
15348	194	53	14
15349	194	53	14
15350	194	53	14
15351	189	52	14
15352	194	53	14
15353	191	52	14
15354	25	6	2
15355	189	52	14
15356	194	53	14
15357	194	53	14
15358	137	38	10
15359	194	53	14
15360	168	46	12
15361	194	53	14
15362	194	53	14
15363	194	53	14
15364	194	53	14
15365	194	53	14
15366	194	53	14
15367	195	53	14
15368	194	53	14
15369	194	53	14
15370	194	53	14
15371	137	38	10
15372	194	53	14
15373	189	52	14
15374	189	52	14
15375	195	53	14
15376	195	53	14
15377	137	38	10
15378	134	37	10
15379	139	38	10
15380	195	53	14
15381	137	38	10
15382	195	53	14
15383	195	53	14
15384	195	53	14
15385	195	53	14
15386	195	53	14
15387	195	53	14
15388	195	53	14
15389	196	53	14
15390	195	53	14
15391	195	53	14
15392	175	47	13
15393	136	38	10
15394	195	53	14
15395	135	38	10
15396	142	39	11
15397	195	53	14
15398	195	53	14
15399	137	38	10
15400	137	38	10
15401	140	39	11
15402	195	53	14
15403	195	53	14
15404	194	53	14
15405	195	53	14
15406	141	39	11
15407	134	37	10
15408	136	38	10
15409	153	42	11
15410	147	41	11
15411	196	53	14
15412	136	38	10
15413	196	53	14
15414	147	41	11
15415	193	53	14
15416	193	53	14
15417	194	53	14
15418	194	53	14
15419	194	53	14
15420	150	42	11
15421	165	45	12
15422	284	77	21
15423	168	46	12
15424	166	45	12
15425	165	45	12
15426	164	45	12
15427	164	45	12
15428	164	45	12
15429	164	45	12
15430	164	45	12
15431	168	46	12
15432	179	49	13
15433	165	45	12
15434	164	45	12
15435	54	14	4
15436	149	41	11
15437	115	31	8
15438	54	14	4
15439	54	14	4
15440	164	45	12
15441	46	12	4
15442	134	37	10
15443	54	14	4
15444	153	42	11
15445	54	14	4
15446	54	14	4
15447	115	31	8
15448	54	14	4
15449	134	37	10
15450	115	31	8
15451	170	46	12
15452	134	37	10
15453	134	37	10
15454	134	37	10
15455	165	45	12
15456	54	14	4
15457	115	31	8
15458	164	45	12
15459	134	37	10
15460	54	14	4
15461	115	31	8
15462	54	14	4
15463	164	45	12
15464	181	49	13
15465	164	45	12
15466	165	45	12
15467	280	76	21
15468	164	45	12
15469	154	42	11
15470	168	46	12
15471	135	38	10
15472	163	45	12
15473	165	45	12
15474	170	46	12
15475	134	37	10
15476	181	49	13
15477	153	42	11
15478	165	45	12
15479	165	45	12
15480	181	49	13
15481	280	76	21
15482	181	49	13
15483	182	50	14
15484	165	45	12
15485	164	45	12
15486	165	45	12
15487	170	46	12
15488	164	45	12
15489	170	46	12
15490	164	45	12
15491	166	45	12
15492	166	45	12
15493	166	45	12
15494	170	46	12
15495	164	45	12
15496	164	45	12
15497	170	46	12
15498	181	49	13
15499	164	45	12
15500	164	45	12
15501	163	45	12
15502	166	45	12
15503	164	45	12
15504	170	46	12
15505	170	46	12
15506	166	45	12
15507	157	43	12
15508	181	49	13
15509	170	46	12
15510	181	49	13
15511	179	49	13
15512	164	45	12
15513	150	42	11
15514	170	46	12
15515	164	45	12
15516	170	46	12
15517	170	46	12
15518	164	45	12
15519	164	45	12
15520	170	46	12
15521	170	46	12
15522	164	45	12
15523	169	46	12
15524	174	47	13
15525	164	45	12
15526	170	46	12
15527	148	41	11
15528	150	42	11
15529	164	45	12
15530	153	42	11
15531	148	41	11
15532	170	46	12
15533	170	46	12
15534	164	45	12
15535	184	50	14
15536	54	14	4
15537	166	45	12
15538	166	45	12
15539	168	46	12
15540	164	45	12
15541	164	45	12
15542	164	45	12
15543	179	49	13
15544	175	47	13
15545	163	45	12
15546	54	14	4
15547	288	78	22
15548	164	45	12
15549	170	46	12
15550	163	45	12
15551	166	45	12
15552	164	45	12
15553	165	45	12
15554	164	45	12
15555	164	45	12
15556	170	46	12
15557	164	45	12
15558	164	45	12
15559	169	46	12
15560	164	45	12
15561	164	45	12
15562	164	45	12
15563	170	46	12
15564	163	45	12
15565	170	46	12
15566	164	45	12
15567	189	52	14
15568	170	46	12
15569	150	42	11
15570	164	45	12
15571	164	45	12
15572	170	46	12
15573	164	45	12
15574	166	45	12
15575	170	46	12
15576	165	45	12
15577	170	46	12
15578	164	45	12
15579	164	45	12
15580	164	45	12
15581	169	46	12
15582	170	46	12
15583	164	45	12
15584	176	47	13
15585	189	52	14
15586	175	47	13
15587	176	47	13
15588	168	46	12
15589	176	47	13
15590	176	47	13
15591	177	48	13
15592	177	48	13
15593	172	47	13
15594	176	47	13
15595	168	46	12
15596	176	47	13
15597	176	47	13
15598	177	48	13
15599	176	47	13
15600	175	47	13
15601	175	47	13
15602	175	47	13
15603	169	46	12
15604	175	47	13
15605	176	47	13
15606	177	48	13
15607	151	42	11
15608	189	52	14
15609	176	47	13
15610	175	47	13
15611	189	52	14
15612	183	50	14
15613	182	50	14
15614	180	49	13
15615	179	49	13
15616	179	49	13
15617	179	49	13
15618	179	49	13
15619	175	47	13
15620	180	49	13
15621	175	47	13
15622	193	53	14
15623	182	50	14
15624	176	47	13
15625	179	49	13
15626	176	47	13
15627	180	49	13
15628	182	50	14
15629	182	50	14
15630	176	47	13
15631	180	49	13
15632	179	49	13
15633	176	47	13
15634	179	49	13
15635	181	49	13
15636	168	46	12
15637	179	49	13
15638	183	50	14
15639	179	49	13
15640	179	49	13
15641	177	48	13
15642	175	47	13
15643	177	48	13
15644	183	50	14
15645	183	50	14
15646	179	49	13
15647	180	49	13
15648	176	47	13
15649	177	48	13
15650	176	47	13
15651	180	49	13
15652	190	52	14
15653	176	47	13
15654	182	50	14
15655	178	48	13
15656	177	48	13
15657	185	51	14
15658	175	47	13
15659	176	47	13
15660	141	39	11
15661	176	47	13
15662	179	49	13
15663	177	48	13
15664	176	47	13
15665	175	47	13
15666	179	49	13
15667	177	48	13
15668	179	49	13
15669	184	50	14
15670	147	41	11
15671	176	47	13
15672	189	52	14
15673	152	42	11
15674	181	49	13
15675	190	52	14
15676	152	42	11
15677	179	49	13
15678	179	49	13
15679	152	42	11
15680	190	52	14
15681	168	46	12
15682	179	49	13
15683	176	47	13
15684	189	52	14
15685	177	48	13
15686	176	47	13
15687	173	47	13
15688	176	47	13
15689	176	47	13
15690	176	47	13
15691	179	49	13
15692	189	52	14
15693	177	48	13
15694	176	47	13
15695	190	52	14
15696	176	47	13
15697	151	42	11
15698	179	49	13
15699	180	49	13
15700	177	48	13
15701	173	47	13
15702	174	47	13
15703	184	50	14
15704	184	50	14
15705	150	42	11
15706	145	40	11
15707	184	50	14
15708	184	50	14
15709	173	47	13
15710	170	46	12
15711	150	42	11
15712	150	42	11
15713	183	50	14
15714	184	50	14
15715	183	50	14
15716	184	50	14
15717	145	40	11
15718	180	49	13
15719	145	40	11
15720	184	50	14
15721	184	50	14
15722	184	50	14
15723	183	50	14
15724	135	38	10
15725	184	50	14
15726	184	50	14
15727	184	50	14
15728	141	39	11
15729	184	50	14
15730	196	53	14
15731	184	50	14
15732	184	50	14
15733	184	50	14
15734	183	50	14
15735	171	47	13
15736	184	50	14
15737	184	50	14
15738	184	50	14
15739	184	50	14
15740	184	50	14
15741	184	50	14
15742	152	42	11
15743	183	50	14
15744	53	14	4
15745	183	50	14
15746	184	50	14
15747	145	40	11
15748	172	47	13
15749	184	50	14
15750	52	13	4
15751	168	46	12
15752	193	53	14
15753	184	50	14
15754	153	42	11
15755	184	50	14
15756	171	47	13
15757	247	68	18
15758	193	53	14
15759	145	40	11
15760	184	50	14
15761	148	41	11
15762	182	50	14
15763	135	38	10
15764	184	50	14
15765	150	42	11
15766	165	45	12
15767	184	50	14
15768	139	38	10
15769	152	42	11
15770	145	40	11
15771	53	14	4
15772	135	38	10
15773	120	33	9
15774	145	40	11
15775	152	42	11
15776	184	50	14
15777	135	38	10
15778	172	47	13
15779	150	42	11
15780	172	47	13
15781	150	42	11
15782	140	39	11
15783	184	50	14
15784	172	47	13
15785	176	47	13
15786	172	47	13
15787	171	47	13
15788	175	47	13
15789	172	47	13
15790	170	46	12
15791	172	47	13
15792	172	47	13
15793	172	47	13
15794	172	47	13
15795	174	47	13
15796	172	47	13
15797	172	47	13
15798	172	47	13
15799	172	47	13
15800	184	50	14
15801	172	47	13
15802	172	47	13
15803	183	50	14
15804	172	47	13
15805	172	47	13
15806	171	47	13
15807	184	50	14
15808	172	47	13
15809	185	51	14
15810	172	47	13
15811	184	50	14
15812	184	50	14
15813	174	47	13
15814	180	49	13
15815	174	47	13
15816	171	47	13
15817	184	50	14
15818	183	50	14
15819	174	47	13
15820	174	47	13
15821	176	47	13
15822	183	50	14
15823	183	50	14
15824	187	51	14
15825	196	53	14
15826	176	47	13
15827	183	50	14
15828	189	52	14
15829	176	47	13
15830	175	47	13
15831	167	46	12
15832	183	50	14
15833	137	38	10
15834	189	52	14
15835	190	52	14
15836	187	51	14
15837	176	47	13
15838	185	51	14
15839	183	50	14
15840	183	50	14
15841	135	38	10
15842	169	46	12
15843	189	52	14
15844	136	38	10
15845	150	42	11
15846	145	40	11
15847	183	50	14
15848	145	40	11
15849	145	40	11
15850	183	50	14
15851	154	42	11
15852	183	50	14
15853	152	42	11
15854	164	45	12
15855	145	40	11
15856	174	47	13
15857	185	51	14
15858	183	50	14
15859	183	50	14
15860	145	40	11
15861	174	47	13
15862	136	38	10
15863	52	13	4
15864	175	47	13
15865	135	38	10
15866	150	42	11
15867	184	50	14
15868	135	38	10
15869	135	38	10
15870	183	50	14
15871	174	47	13
15872	171	47	13
15873	184	50	14
15874	169	46	12
15875	172	47	13
15876	174	47	13
15877	171	47	13
15878	171	47	13
15879	171	47	13
15880	176	47	13
15881	171	47	13
15882	172	47	13
15883	171	47	13
15884	171	47	13
15885	171	47	13
15886	174	47	13
15887	171	47	13
15888	175	47	13
15889	172	47	13
15890	171	47	13
15891	172	47	13
15892	172	47	13
15893	174	47	13
15894	171	47	13
15895	171	47	13
15896	184	50	14
15897	174	47	13
15898	174	47	13
15899	169	46	12
15900	154	42	11
15901	173	47	13
15902	173	47	13
15903	173	47	13
15904	173	47	13
15905	152	42	11
15906	152	42	11
15907	183	50	14
15908	173	47	13
15909	147	41	11
15910	147	41	11
15911	158	43	12
15912	147	41	11
15913	173	47	13
15914	138	38	10
15915	147	41	11
15916	147	41	11
15917	152	42	11
15918	147	41	11
15919	173	47	13
15920	147	41	11
15921	173	47	13
15922	147	41	11
15923	147	41	11
15924	147	41	11
15925	284	77	21
15926	147	41	11
15927	147	41	11
15928	143	40	11
15929	147	41	11
15930	154	42	11
15931	147	41	11
15932	147	41	11
15933	147	41	11
15934	147	41	11
15935	154	42	11
15936	147	41	11
15937	147	41	11
15938	173	47	13
15939	154	42	11
15940	173	47	13
15941	176	47	13
15942	193	53	14
15943	154	42	11
15944	173	47	13
15945	191	52	14
15946	173	47	13
15947	173	47	13
15948	173	47	13
15949	173	47	13
15950	154	42	11
15951	173	47	13
15952	148	41	11
15953	152	42	11
15954	152	42	11
15955	152	42	11
15956	152	42	11
15957	173	47	13
15958	173	47	13
15959	173	47	13
15960	147	41	11
15961	173	47	13
15962	172	47	13
15963	154	42	11
15964	178	48	13
15965	167	46	12
15966	173	47	13
15967	138	38	10
15968	191	52	14
15969	173	47	13
15970	173	47	13
15971	173	47	13
15972	46	12	4
15973	173	47	13
15974	173	47	13
15975	152	42	11
15976	192	53	14
15977	173	47	13
15978	173	47	13
15979	172	47	13
15980	20	4	2
15981	173	47	13
15982	173	47	13
15983	173	47	13
15984	3	1	1
15985	152	42	11
15986	152	42	11
15987	152	42	11
15988	152	42	11
15989	173	47	13
15990	152	42	11
15991	173	47	13
15992	173	47	13
15993	152	42	11
15994	173	47	13
15995	173	47	13
15996	173	47	13
15997	173	47	13
15998	154	42	11
15999	173	47	13
16000	152	42	11
16001	152	42	11
16002	170	46	12
16003	174	47	13
16004	174	47	13
16005	147	41	11
16006	173	47	13
16007	173	47	13
16008	173	47	13
16009	185	51	14
16010	173	47	13
16011	173	47	13
16012	189	52	14
16013	173	47	13
16014	173	47	13
16015	173	47	13
16016	152	42	11
16017	173	47	13
16018	147	41	11
16019	147	41	11
16020	147	41	11
16021	147	41	11
16022	22	5	2
16023	128	35	9
16024	147	41	11
16025	147	41	11
16026	147	41	11
16027	147	41	11
16028	134	37	10
16029	147	41	11
16030	147	41	11
16031	147	41	11
16032	109	30	8
16033	108	30	8
16034	287	77	21
16035	147	41	11
16036	173	47	13
16037	173	47	13
16038	173	47	13
16039	173	47	13
16040	177	48	13
16041	174	47	13
16042	152	42	11
16043	173	47	13
16044	173	47	13
16045	173	47	13
16046	173	47	13
16047	152	42	11
16048	173	47	13
16049	152	42	11
16050	152	42	11
16051	150	42	11
16052	193	53	14
16053	190	52	14
16054	101	28	8
16055	188	51	14
16056	142	39	11
16057	53	14	4
16058	142	39	11
16059	189	52	14
16060	53	14	4
16061	142	39	11
16062	53	14	4
16063	189	52	14
16064	46	12	4
16065	53	14	4
16066	53	14	4
16067	142	39	11
16068	53	14	4
16069	53	14	4
16070	142	39	11
16071	53	14	4
16072	187	51	14
16073	155	43	12
16074	53	14	4
16075	66	17	5
16076	142	39	11
16077	142	39	11
16078	142	39	11
16079	176	47	13
16080	141	39	11
16081	101	28	8
16082	190	52	14
16083	53	14	4
16084	189	52	14
16085	142	39	11
16086	182	50	14
16087	142	39	11
16088	149	41	11
16089	150	42	11
16090	189	52	14
16091	153	42	11
16092	48	12	4
16093	171	47	13
16094	174	47	13
16095	174	47	13
16096	150	42	11
16097	154	42	11
16098	145	40	11
16099	153	42	11
16100	153	42	11
16101	184	50	14
16102	193	53	14
16103	50	12	4
16104	174	47	13
16105	142	39	11
16106	136	38	10
16107	148	41	11
16108	193	53	14
16109	141	39	11
16110	189	52	14
16111	169	46	12
16112	135	38	10
16113	174	47	13
16114	145	40	11
16115	141	39	11
16116	150	42	11
16117	148	41	11
16118	167	46	12
16119	183	50	14
16120	148	41	11
16121	183	50	14
16122	186	51	14
16123	186	51	14
16124	169	46	12
16125	154	42	11
16126	145	40	11
16127	152	42	11
16128	174	47	13
16129	145	40	11
16130	150	42	11
16131	154	42	11
16132	142	39	11
16133	109	30	8
16134	145	40	11
16135	148	41	11
16136	142	39	11
16137	148	41	11
16138	175	47	13
16139	109	30	8
16140	48	12	4
16141	148	41	11
16142	193	53	14
16143	193	53	14
16144	182	50	14
16145	180	49	13
16146	150	42	11
16147	150	42	11
16148	189	52	14
16149	150	42	11
16150	193	53	14
16151	189	52	14
16152	150	42	11
16153	150	42	11
16154	150	42	11
16155	150	42	11
16156	145	40	11
16157	174	47	13
16158	145	40	11
16159	174	47	13
16160	169	46	12
16161	174	47	13
16162	189	52	14
16163	142	39	11
16164	189	52	14
16165	193	53	14
16166	173	47	13
16167	189	52	14
16168	108	30	8
16169	152	42	11
16170	185	51	14
16171	141	39	11
16172	153	42	11
16173	145	40	11
16174	141	39	11
16175	170	46	12
16176	164	45	12
16177	164	45	12
16178	164	45	12
16179	163	45	12
16180	164	45	12
16181	164	45	12
16182	166	45	12
16183	164	45	12
16184	171	47	13
16185	164	45	12
16186	164	45	12
16187	164	45	12
16188	183	50	14
16189	183	50	14
16190	168	46	12
16191	173	47	13
16192	164	45	12
16193	164	45	12
16194	164	45	12
16195	164	45	12
16196	164	45	12
16197	164	45	12
16198	164	45	12
16199	164	45	12
16200	164	45	12
16201	181	49	13
16202	179	49	13
16203	164	45	12
16204	164	45	12
16205	165	45	12
16206	145	40	11
16207	152	42	11
16208	165	45	12
16209	165	45	12
16210	165	45	12
16211	165	45	12
16212	165	45	12
16213	165	45	12
16214	165	45	12
16215	164	45	12
16216	164	45	12
16217	165	45	12
16218	171	47	13
16219	164	45	12
16220	164	45	12
16221	164	45	12
16222	164	45	12
16223	164	45	12
16224	163	45	12
16225	170	46	12
16226	135	38	10
16227	165	45	12
16228	136	38	10
16229	185	51	14
16230	147	41	11
16231	190	52	14
16232	172	47	13
16233	190	52	14
16234	167	46	12
16235	181	49	13
16236	180	49	13
16237	180	49	13
16238	52	13	4
16239	176	47	13
16240	185	51	14
16241	185	51	14
16242	185	51	14
16243	190	52	14
16244	135	38	10
16245	282	76	21
16246	185	51	14
16247	167	46	12
16248	185	51	14
16249	185	51	14
16250	193	53	14
16251	282	76	21
16252	282	76	21
16253	168	46	12
16254	282	76	21
16255	282	76	21
16256	149	41	11
16257	149	41	11
16258	149	41	11
16259	152	42	11
16260	149	41	11
16261	149	41	11
16262	149	41	11
16263	149	41	11
16264	282	76	21
16265	149	41	11
16266	149	41	11
16267	149	41	11
16268	149	41	11
16269	149	41	11
16270	169	46	12
16271	17	3	1
16272	190	52	14
16273	190	52	14
16274	190	52	14
16275	190	52	14
16276	190	52	14
16277	142	39	11
16278	189	52	14
16279	189	52	14
16280	189	52	14
16281	128	35	9
16282	190	52	14
16283	190	52	14
16284	135	38	10
16285	189	52	14
16286	190	52	14
16287	138	38	10
16288	190	52	14
16289	190	52	14
16290	190	52	14
16291	190	52	14
16292	190	52	14
16293	195	53	14
16294	190	52	14
16295	282	76	21
16296	190	52	14
16297	190	52	14
16298	139	38	10
16299	192	53	14
16300	136	38	10
16301	137	38	10
16302	133	37	10
16303	190	52	14
16304	194	53	14
16305	190	52	14
16306	190	52	14
16307	141	39	11
16308	141	39	11
16309	190	52	14
16310	137	38	10
16311	53	14	4
16312	137	38	10
16313	193	53	14
16314	135	38	10
16315	194	53	14
16316	194	53	14
16317	194	53	14
16318	172	47	13
16319	136	38	10
16320	64	16	5
16321	184	50	14
16322	193	53	14
16323	194	53	14
16324	194	53	14
16325	194	53	14
16326	136	38	10
16327	172	47	13
16328	184	50	14
16329	194	53	14
16330	194	53	14
16331	194	53	14
16332	194	53	14
16333	194	53	14
16334	53	14	4
16335	194	53	14
16336	194	53	14
16337	194	53	14
16338	196	53	14
16339	194	53	14
16340	194	53	14
16341	194	53	14
16342	267	73	20
16343	272	74	20
16344	135	38	10
16345	188	51	14
16346	149	41	11
16347	194	53	14
16348	145	40	11
16349	188	51	14
16350	168	46	12
16351	267	73	20
16352	196	53	14
16353	273	75	21
16354	152	42	11
16355	150	42	11
16356	193	53	14
16357	136	38	10
16358	195	53	14
16359	140	39	11
16360	134	37	10
16361	193	53	14
16362	146	40	11
16363	193	53	14
16364	142	39	11
16365	145	40	11
16366	142	39	11
16367	134	37	10
16368	151	42	11
16369	145	40	11
16370	145	40	11
16371	146	40	11
16372	193	53	14
16373	196	53	14
16374	170	46	12
16375	193	53	14
16376	145	40	11
16377	190	52	14
16378	146	40	11
16379	145	40	11
16380	142	39	11
16381	191	52	14
16382	137	38	10
16383	139	38	10
16384	190	52	14
16385	145	40	11
16386	189	52	14
16387	139	38	10
16388	137	38	10
16389	103	28	8
16390	142	39	11
16391	191	52	14
16392	193	53	14
16393	191	52	14
16394	191	52	14
16395	141	39	11
16396	191	52	14
16397	115	31	8
16398	193	53	14
16399	196	53	14
16400	84	22	6
16401	141	39	11
16402	136	38	10
16403	30	7	2
16404	194	53	14
16405	139	38	10
16406	194	53	14
16407	129	36	9
16408	148	41	11
16409	196	53	14
16410	196	53	14
16411	136	38	10
16412	134	37	10
16413	194	53	14
16414	195	53	14
16415	119	33	9
16416	106	29	8
16417	52	13	4
16418	150	42	11
16419	194	53	14
16420	114	31	8
16421	194	53	14
16422	192	53	14
16423	114	31	8
16424	194	53	14
16425	194	53	14
16426	114	31	8
16427	137	38	10
16428	138	38	10
16429	54	14	4
16430	52	13	4
16431	137	38	10
16432	194	53	14
16433	51	13	4
16434	195	53	14
16435	189	52	14
16436	189	52	14
16437	175	47	13
16438	173	47	13
16439	168	46	12
16440	170	46	12
16441	170	46	12
16442	152	42	11
16443	147	41	11
16444	182	50	14
16445	168	46	12
16446	183	50	14
16447	172	47	13
16448	176	47	13
16449	148	41	11
16450	184	50	14
16451	145	40	11
16452	140	39	11
16453	183	50	14
16454	193	53	14
16455	163	45	12
16456	169	46	12
16457	175	47	13
16458	165	45	12
16459	169	46	12
16460	283	77	21
16461	179	49	13
16462	169	46	12
16463	181	49	13
16464	154	42	11
16465	180	49	13
16466	179	49	13
16467	179	49	13
16468	168	46	12
16469	179	49	13
16470	179	49	13
16471	179	49	13
16472	168	46	12
16473	179	49	13
16474	179	49	13
16475	178	48	13
16476	160	44	12
16477	160	44	12
16478	179	49	13
16479	179	49	13
16480	167	46	12
16481	178	48	13
16482	168	46	12
16483	152	42	11
16484	180	49	13
16485	70	18	5
16486	185	51	14
16487	185	51	14
16488	196	53	14
16489	68	17	5
16490	66	17	5
16491	68	17	5
16492	165	45	12
16493	179	49	13
16494	185	51	14
16495	67	17	5
16496	185	51	14
16497	185	51	14
16498	196	53	14
16499	66	17	5
16500	181	49	13
16501	178	48	13
16502	178	48	13
16503	183	50	14
16504	185	51	14
16505	183	50	14
16506	185	51	14
16507	174	47	13
16508	185	51	14
16509	193	53	14
16510	299	81	22
16511	195	53	14
16512	53	14	4
16513	173	47	13
16514	185	51	14
16515	188	51	14
16516	108	30	8
16517	175	47	13
16518	142	39	11
16519	190	52	14
16520	185	51	14
16521	142	39	11
16522	193	53	14
16523	136	38	10
16524	150	42	11
16525	142	39	11
16526	145	40	11
16527	194	53	14
16528	138	38	10
16529	190	52	14
16530	84	22	6
16531	194	53	14
16532	264	72	20
16533	145	40	11
16534	190	52	14
16535	74	19	6
16536	189	52	14
16537	196	53	14
16538	52	13	4
16539	142	39	11
16540	195	53	14
16541	187	51	14
16542	185	51	14
16543	156	43	12
16544	192	53	14
16545	52	13	4
16546	54	14	4
16547	51	13	4
16548	51	13	4
16549	56	14	4
16550	52	13	4
16551	52	13	4
16552	192	53	14
16553	185	51	14
16554	54	14	4
16555	195	53	14
16556	175	47	13
16557	182	50	14
16558	52	13	4
16559	51	13	4
16560	52	13	4
16561	51	13	4
16562	68	17	5
16563	63	16	5
16564	195	53	14
16565	133	37	10
16566	52	13	4
16567	23	5	2
16568	193	53	14
16569	185	51	14
16570	185	51	14
16571	189	52	14
16572	136	38	10
16573	189	52	14
16574	136	38	10
16575	195	53	14
16576	264	72	20
16577	135	38	10
16578	126	35	9
16579	175	47	13
16580	133	37	10
16581	135	38	10
16582	141	39	11
16583	182	50	14
16584	145	40	11
16585	191	52	14
16586	154	42	11
16587	142	39	11
16588	195	53	14
16589	150	42	11
16590	133	37	10
16591	150	42	11
16592	177	48	13
16593	195	53	14
16594	142	39	11
16595	115	31	8
16596	195	53	14
16597	194	53	14
16598	52	13	4
16599	137	38	10
16600	139	38	10
16601	106	29	8
16602	139	38	10
16603	48	12	4
16604	190	52	14
16605	185	51	14
16606	192	53	14
16607	135	38	10
16608	139	38	10
16609	194	53	14
16610	139	38	10
16611	174	47	13
16612	194	53	14
16613	51	13	4
16614	139	38	10
16615	206	56	15
16616	203	55	15
16617	203	55	15
16618	203	55	15
16619	207	56	15
16620	227	62	17
16621	228	63	17
16622	227	62	17
16623	278	75	21
16624	202	55	15
16625	203	55	15
16626	229	63	17
16627	237	65	17
16628	203	55	15
16629	207	56	15
16630	203	55	15
16631	216	58	15
16632	203	55	15
16633	202	55	15
16634	203	55	15
16635	207	56	15
16636	252	69	19
16637	263	72	20
16638	203	55	15
16639	203	55	15
16640	203	55	15
16641	228	63	17
16642	203	55	15
16643	203	55	15
16644	200	55	15
16645	207	56	15
16646	207	56	15
16647	206	56	15
16648	206	56	15
16649	200	55	15
16650	203	55	15
16651	294	79	22
16652	294	79	22
16653	200	55	15
16654	207	56	15
16655	207	56	15
16656	202	55	15
16657	263	72	20
16658	203	55	15
16659	203	55	15
16660	204	56	15
16661	203	55	15
16662	216	58	15
16663	204	56	15
16664	204	56	15
16665	278	75	21
16666	206	56	15
16667	216	58	15
16668	203	55	15
16669	206	56	15
16670	232	64	17
16671	216	58	15
16672	216	58	15
16673	207	56	15
16674	206	56	15
16675	138	38	10
16676	216	58	15
16677	237	65	17
16678	207	56	15
16679	214	58	15
16680	203	55	15
16681	203	55	15
16682	26	6	2
16683	204	56	15
16684	207	56	15
16685	278	75	21
16686	200	55	15
16687	205	56	15
16688	207	56	15
16689	271	74	20
16690	207	56	15
16691	234	64	17
16692	206	56	15
16693	207	56	15
16694	297	81	22
16695	200	55	15
16696	207	56	15
16697	205	56	15
16698	233	64	17
16699	200	55	15
16700	205	56	15
16701	205	56	15
16702	232	64	17
16703	229	63	17
16704	200	55	15
16705	215	58	15
16706	206	56	15
16707	207	56	15
16708	204	56	15
16709	296	80	22
16710	263	72	20
16711	263	72	20
16712	23	5	2
16713	232	64	17
16714	102	28	8
16715	123	34	9
16716	207	56	15
16717	263	72	20
16718	204	56	15
16719	232	64	17
16720	76	20	6
16721	207	56	15
16722	211	57	15
16723	78	21	6
16724	232	64	17
16725	206	56	15
16726	46	12	4
16727	123	34	9
16728	144	40	11
16729	203	55	15
16730	227	62	17
16731	14	3	1
16732	264	72	20
16733	14	3	1
16734	207	56	15
16735	202	55	15
16736	215	58	15
16737	228	63	17
16738	207	56	15
16739	251	69	19
16740	202	55	15
16741	206	56	15
16742	228	63	17
16743	203	55	15
16744	288	78	22
16745	207	56	15
16746	273	75	21
16747	203	55	15
16748	202	55	15
16749	206	56	15
16750	202	55	15
16751	202	55	15
16752	204	56	15
16753	257	71	19
16754	207	56	15
16755	207	56	15
16756	197	54	15
16757	200	55	15
16758	287	77	21
16759	202	55	15
16760	257	71	19
16761	215	58	15
16762	237	65	17
16763	197	54	15
16764	287	77	21
16765	200	55	15
16766	229	63	17
16767	203	55	15
16768	205	56	15
16769	294	79	22
16770	197	54	15
16771	232	64	17
16772	200	55	15
16773	232	64	17
16774	236	65	17
16775	243	66	18
16776	197	54	15
16777	294	79	22
16778	232	64	17
16779	197	54	15
16780	207	56	15
16781	237	65	17
16782	205	56	15
16783	206	56	15
16784	206	56	15
16785	207	56	15
16786	237	65	17
16787	200	55	15
16788	203	55	15
16789	200	55	15
16790	200	55	15
16791	228	63	17
16792	200	55	15
16793	228	63	17
16794	229	63	17
16795	200	55	15
16796	237	65	17
16797	201	55	15
16798	211	57	15
16799	203	55	15
16800	206	56	15
16801	197	54	15
16802	205	56	15
16803	197	54	15
16804	203	55	15
16805	203	55	15
16806	205	56	15
16807	200	55	15
16808	205	56	15
16809	234	64	17
16810	207	56	15
16811	206	56	15
16812	263	72	20
16813	35	8	3
16814	203	55	15
16815	35	8	3
16816	200	55	15
16817	200	55	15
16818	284	77	21
16819	232	64	17
16820	203	55	15
16821	207	56	15
16822	82	22	6
16823	97	26	7
16824	197	54	15
16825	197	54	15
16826	82	22	6
16827	35	8	3
16828	299	81	22
16829	35	8	3
16830	251	69	19
16831	232	64	17
16832	233	64	17
16833	287	77	21
16834	287	77	21
16835	287	77	21
16836	281	76	21
16837	232	64	17
16838	287	77	21
16839	263	72	20
16840	243	66	18
16841	284	77	21
16842	232	64	17
16843	284	77	21
16844	287	77	21
16845	241	66	18
16846	237	65	17
16847	287	77	21
16848	263	72	20
16849	237	65	17
16850	26	6	2
16851	287	77	21
16852	251	69	19
16853	237	65	17
16854	207	56	15
16855	215	58	15
16856	200	55	15
16857	14	3	1
16858	206	56	15
16859	4	1	1
16860	263	72	20
16861	265	73	20
16862	208	57	15
16863	207	56	15
16864	202	55	15
16865	6	1	1
16866	82	22	6
16867	203	55	15
16868	243	66	18
16869	202	55	15
16870	243	66	18
16871	232	64	17
16872	236	65	17
16873	232	64	17
16874	228	63	17
16875	243	66	18
16876	243	66	18
16877	243	66	18
16878	243	66	18
16879	243	66	18
16880	204	56	15
16881	243	66	18
16882	243	66	18
16883	243	66	18
16884	243	66	18
16885	243	66	18
16886	244	66	18
16887	197	54	15
16888	35	8	3
16889	243	66	18
16890	243	66	18
16891	204	56	15
16892	216	58	15
16893	46	12	4
16894	216	58	15
16895	263	72	20
16896	46	12	4
16897	216	58	15
16898	209	57	15
16899	45	12	4
16900	213	58	15
16901	216	58	15
16902	236	65	17
16903	214	58	15
16904	214	58	15
16905	216	58	15
16906	229	63	17
16907	286	77	21
16908	236	65	17
16909	209	57	15
16910	206	56	15
16911	283	77	21
16912	199	54	15
16913	206	56	15
16914	216	58	15
16915	204	56	15
16916	216	58	15
16917	216	58	15
16918	204	56	15
16919	216	58	15
16920	282	76	21
16921	229	63	17
16922	206	56	15
16923	216	58	15
16924	216	58	15
16925	216	58	15
16926	214	58	15
16927	263	72	20
16928	237	65	17
16929	206	56	15
16930	205	56	15
16931	214	58	15
16932	206	56	15
16933	209	57	15
16934	216	58	15
16935	207	56	15
16936	207	56	15
16937	216	58	15
16938	285	77	21
16939	228	63	17
16940	229	63	17
16941	206	56	15
16942	232	64	17
16943	203	55	15
16944	271	74	20
16945	215	58	15
16946	147	41	11
16947	207	56	15
16948	300	81	22
16949	206	56	15
16950	40	10	3
16951	206	56	15
16952	44	11	3
16953	229	63	17
16954	203	55	15
16955	227	62	17
16956	44	11	3
16957	197	54	15
16958	216	58	15
16959	207	56	15
16960	231	63	17
16961	227	62	17
16962	227	62	17
16963	214	58	15
16964	214	58	15
16965	138	38	10
16966	207	56	15
16967	100	27	8
16968	283	77	21
16969	236	65	17
16970	204	56	15
16971	214	58	15
16972	237	65	17
16973	232	64	17
16974	243	66	18
16975	205	56	15
16976	229	63	17
16977	207	56	15
16978	200	55	15
16979	207	56	15
16980	207	56	15
16981	205	56	15
16982	276	75	21
16983	287	77	21
16984	237	65	17
16985	208	57	15
16986	203	55	15
16987	287	77	21
16988	204	56	15
16989	234	64	17
16990	32	8	3
16991	204	56	15
16992	205	56	15
16993	197	54	15
16994	207	56	15
16995	204	56	15
16996	227	62	17
16997	204	56	15
16998	216	58	15
16999	197	54	15
17000	215	58	15
17001	229	63	17
17002	200	55	15
17003	207	56	15
17004	200	55	15
17005	229	63	17
17006	243	66	18
17007	216	58	15
17008	287	77	21
17009	249	68	18
17010	287	77	21
17011	197	54	15
17012	229	63	17
17013	285	77	21
17014	273	75	21
17015	200	55	15
17016	203	55	15
17017	285	77	21
17018	197	54	15
17019	205	56	15
17020	197	54	15
17021	205	56	15
17022	197	54	15
17023	200	55	15
17024	200	55	15
17025	205	56	15
17026	35	8	3
17027	95	26	7
17028	95	26	7
17029	95	26	7
17030	95	26	7
17031	132	36	9
17032	95	26	7
17033	115	31	8
17034	95	26	7
17035	95	26	7
17036	34	8	3
17037	95	26	7
17038	95	26	7
17039	95	26	7
17040	95	26	7
17041	95	26	7
17042	263	72	20
17043	81	22	6
17044	81	22	6
17045	21	5	2
17046	95	26	7
17047	95	26	7
17048	95	26	7
17049	95	26	7
17050	69	18	5
17051	209	57	15
17052	263	72	20
17053	5	1	1
17054	72	19	6
17055	226	62	17
17056	7	2	1
17057	4	1	1
17058	40	10	3
17059	30	7	2
17060	4	1	1
17061	5	1	1
17062	30	7	2
17063	44	11	3
17064	5	1	1
17065	9	2	1
17066	191	52	14
17067	5	1	1
17068	31	8	3
17069	30	7	2
17070	9	2	1
17071	5	1	1
17072	5	1	1
17073	5	1	1
17074	9	2	1
17075	75	20	6
17076	5	1	1
17077	5	1	1
17078	5	1	1
17079	73	19	6
17080	40	10	3
17081	42	11	3
17082	261	72	20
17083	39	10	3
17084	38	9	3
17085	40	10	3
17086	40	10	3
17087	40	10	3
17088	209	57	15
17089	243	66	18
17090	40	10	3
17091	40	10	3
17092	38	9	3
17093	38	9	3
17094	209	57	15
17095	38	9	3
17096	209	57	15
17097	38	9	3
17098	40	10	3
17099	245	67	18
17100	209	57	15
17101	40	10	3
17102	40	10	3
17103	218	59	16
17104	38	9	3
17105	1	1	1
17106	40	10	3
17107	1	1	1
17108	209	57	15
17110	1	1	1
17111	209	57	15
17112	209	57	15
17113	211	57	15
17114	211	57	15
17115	262	72	20
17116	33	8	3
17117	33	8	3
17118	209	57	15
17119	5	1	1
17120	209	57	15
17121	209	57	15
17122	209	57	15
17123	209	57	15
17124	1	1	1
17125	1	1	1
17126	209	57	15
17127	196	53	14
17128	209	57	15
17129	284	77	21
17130	1	1	1
17131	40	10	3
17132	261	72	20
17133	284	77	21
17134	209	57	15
17135	209	57	15
17136	245	67	18
17137	40	10	3
17138	40	10	3
17139	209	57	15
17140	209	57	15
17141	9	2	1
17142	286	77	21
17143	286	77	21
17144	242	66	18
17145	1	1	1
17146	209	57	15
17147	3	1	1
17148	9	2	1
17149	261	72	20
17150	209	57	15
17151	209	57	15
17152	209	57	15
17153	209	57	15
17154	263	72	20
17155	95	26	7
17156	9	2	1
17157	230	63	17
17158	40	10	3
17159	264	72	20
17160	40	10	3
17161	196	53	14
17162	100	27	8
17163	285	77	21
17164	5	1	1
17165	264	72	20
17166	39	10	3
17167	284	77	21
17168	150	42	11
17169	10	2	1
17170	44	11	3
17171	119	33	9
17172	2	1	1
17173	100	27	8
17174	9	2	1
17175	100	27	8
17176	40	10	3
17177	261	72	20
17178	121	34	9
17179	12	2	1
17180	100	27	8
17181	9	2	1
17182	9	2	1
17183	40	10	3
17184	40	10	3
17185	43	11	3
17186	17	3	1
17187	9	2	1
17188	40	10	3
17189	261	72	20
17190	66	17	5
17191	5	1	1
17192	279	76	21
17193	72	19	6
17194	1	1	1
17195	36	9	3
17196	143	40	11
17197	37	9	3
17198	36	9	3
17199	131	36	9
17200	6	1	1
17201	188	51	14
17202	113	31	8
17203	129	36	9
17204	129	36	9
17205	38	9	3
17206	37	9	3
17207	38	9	3
17208	188	51	14
17209	38	9	3
17210	263	72	20
17211	263	72	20
17212	146	40	11
17213	26	6	2
17214	40	10	3
17215	40	10	3
17216	146	40	11
17217	40	10	3
17218	73	19	6
17219	40	10	3
17220	40	10	3
17221	40	10	3
17222	40	10	3
17223	40	10	3
17224	40	10	3
17225	209	57	15
17226	132	36	9
17227	7	2	1
17228	40	10	3
17229	40	10	3
17230	39	10	3
17231	44	11	3
17232	39	10	3
17233	39	10	3
17234	265	73	20
17235	39	10	3
17236	40	10	3
17237	40	10	3
17238	266	73	20
17239	43	11	3
17240	39	10	3
17241	37	9	3
17242	39	10	3
17243	39	10	3
17244	40	10	3
17245	24	6	2
17246	39	10	3
17247	44	11	3
17248	209	57	15
17249	39	10	3
17250	209	57	15
17251	39	10	3
17252	40	10	3
17253	39	10	3
17254	44	11	3
17255	22	5	2
17256	44	11	3
17257	44	11	3
17258	10	2	1
17259	44	11	3
17260	33	8	3
17261	44	11	3
17262	211	57	15
17263	31	8	3
17264	44	11	3
17265	286	77	21
17266	214	58	15
17267	265	73	20
17268	44	11	3
17269	209	57	15
17270	209	57	15
17271	278	75	21
17272	33	8	3
17273	44	11	3
17274	208	57	15
17275	31	8	3
17276	31	8	3
17277	42	11	3
17278	34	8	3
17279	1	1	1
17280	30	7	2
17281	37	9	3
17282	1	1	1
17283	1	1	1
17284	1	1	1
17285	215	58	15
17286	1	1	1
17287	25	6	2
17288	1	1	1
17289	30	7	2
17290	1	1	1
17291	42	11	3
17292	40	10	3
17293	215	58	15
17294	25	6	2
17295	1	1	1
17296	1	1	1
17297	65	17	5
17298	1	1	1
17299	25	6	2
17300	1	1	1
17301	215	58	15
17302	1	1	1
17303	1	1	1
17304	1	1	1
17305	1	1	1
17306	262	72	20
17307	25	6	2
17308	36	9	3
17309	232	64	17
17310	6	1	1
17311	91	24	7
17312	195	53	14
17313	5	1	1
17314	5	1	1
17315	91	24	7
17316	95	26	7
17317	6	1	1
17318	12	2	1
17319	36	9	3
17320	44	11	3
17321	72	19	6
17322	225	61	16
17323	77	20	6
17324	72	19	6
17325	44	11	3
17326	6	1	1
17327	1	1	1
17328	209	57	15
17329	283	77	21
17330	284	77	21
17331	286	77	21
17332	209	57	15
17333	286	77	21
17334	38	9	3
17335	161	44	12
17336	207	56	15
17337	128	35	9
17338	286	77	21
17339	38	9	3
17340	215	58	15
17341	286	77	21
17342	226	62	17
17343	214	58	15
17344	40	10	3
17345	36	9	3
17346	38	9	3
17347	40	10	3
17348	226	62	17
17349	209	57	15
17350	243	66	18
17351	283	77	21
17352	38	9	3
17353	286	77	21
17354	17	3	1
17355	196	53	14
17356	208	57	15
17357	161	44	12
17358	287	77	21
17359	44	11	3
17360	44	11	3
17361	208	57	15
17362	208	57	15
17363	44	11	3
17364	44	11	3
17365	44	11	3
17366	44	11	3
17367	211	57	15
17368	44	11	3
17369	44	11	3
17370	208	57	15
17371	17	3	1
17372	44	11	3
17373	44	11	3
17374	265	73	20
17375	37	9	3
17376	37	9	3
17377	5	1	1
17378	37	9	3
17379	215	58	15
17380	37	9	3
17381	43	11	3
17382	40	10	3
17383	37	9	3
17384	1	1	1
17385	44	11	3
17386	44	11	3
17387	298	81	22
17388	44	11	3
17389	238	65	17
17390	269	74	20
17391	37	9	3
17392	215	58	15
17393	43	11	3
17394	36	9	3
17395	23	5	2
17396	26	6	2
17397	73	19	6
17398	26	6	2
17399	92	25	7
17400	26	6	2
17401	244	66	18
17402	226	62	17
17403	261	72	20
17404	262	72	20
17405	243	66	18
17406	204	56	15
17407	5	1	1
17408	17	3	1
17409	14	3	1
17410	286	77	21
17411	123	34	9
17412	7	2	1
17413	24	6	2
17414	264	72	20
17415	208	57	15
17416	39	10	3
17417	261	72	20
17418	43	11	3
17419	43	11	3
17420	43	11	3
17421	261	72	20
17422	261	72	20
17423	43	11	3
17424	43	11	3
17425	43	11	3
17426	9	2	1
17427	43	11	3
17428	261	72	20
17429	261	72	20
17430	43	11	3
17431	43	11	3
17432	43	11	3
17433	261	72	20
17434	204	56	15
17435	209	57	15
17436	197	54	15
17437	204	56	15
17438	204	56	15
17439	204	56	15
17440	197	54	15
17441	204	56	15
17442	204	56	15
17443	204	56	15
17444	204	56	15
17445	204	56	15
17446	207	56	15
17447	204	56	15
17448	204	56	15
17449	205	56	15
17450	204	56	15
17451	243	66	18
17452	204	56	15
17453	204	56	15
17454	207	56	15
17455	214	58	15
17456	204	56	15
17457	204	56	15
17458	204	56	15
17459	204	56	15
17460	204	56	15
17461	209	57	15
17462	216	58	15
17463	40	10	3
17464	284	77	21
17465	40	10	3
17466	38	9	3
17467	208	57	15
17468	208	57	15
17469	261	72	20
17470	40	10	3
17471	38	9	3
17472	208	57	15
17473	214	58	15
17474	209	57	15
17475	209	57	15
17476	285	77	21
17477	208	57	15
17478	286	77	21
17479	40	10	3
17480	40	10	3
17481	286	77	21
17482	209	57	15
17483	209	57	15
17484	284	77	21
17485	286	77	21
17486	38	9	3
17487	299	81	22
17488	38	9	3
17489	209	57	15
17490	209	57	15
17491	31	8	3
17492	44	11	3
17493	209	57	15
17494	209	57	15
17495	44	11	3
17496	261	72	20
17497	266	73	20
17498	40	10	3
17499	268	73	20
17500	43	11	3
17501	268	73	20
17502	262	72	20
17503	5	1	1
17504	264	72	20
17505	12	2	1
17506	7	2	1
17507	5	1	1
17508	233	64	17
17509	115	31	8
17510	5	1	1
17511	44	11	3
17512	182	50	14
17513	40	10	3
17514	5	1	1
17515	13	3	1
17516	40	10	3
17517	50	12	4
17518	292	79	22
17519	50	12	4
17520	5	1	1
17521	270	74	20
17522	40	10	3
17523	44	11	3
17524	43	11	3
17525	281	76	21
17526	209	57	15
17527	262	72	20
17528	43	11	3
17529	270	74	20
17530	284	77	21
17531	211	57	15
17532	1	1	1
17533	9	2	1
17534	297	81	22
17535	9	2	1
17536	5	1	1
17537	5	1	1
17538	216	58	15
17539	40	10	3
17540	9	2	1
17541	28	7	2
17542	44	11	3
17543	25	6	2
17544	44	11	3
17545	286	77	21
17546	44	11	3
17547	44	11	3
17548	44	11	3
17549	44	11	3
17550	192	53	14
17551	286	77	21
17552	25	6	2
17553	5	1	1
17554	40	10	3
17555	42	11	3
17556	286	77	21
17557	16	3	1
17558	8	2	1
17559	40	10	3
17560	5	1	1
17561	40	10	3
17562	40	10	3
17563	281	76	21
17564	3	1	1
17565	215	58	15
17566	3	1	1
17567	132	36	9
17568	40	10	3
17569	40	10	3
17570	25	6	2
17571	3	1	1
17572	300	81	22
17573	3	1	1
17574	40	10	3
17575	40	10	3
17576	78	21	6
17577	40	10	3
17578	21	5	2
17579	263	72	20
17580	261	72	20
17581	69	18	5
17582	135	38	10
17583	44	11	3
17584	9	2	1
17585	188	51	14
17586	261	72	20
17587	66	17	5
17588	10	2	1
17589	72	19	6
17590	209	57	15
17591	72	19	6
17592	36	9	3
17593	38	9	3
17594	36	9	3
17595	37	9	3
17596	38	9	3
17597	37	9	3
17598	77	20	6
17599	37	9	3
17600	37	9	3
17601	38	9	3
17602	37	9	3
17603	72	19	6
17604	72	19	6
17605	37	9	3
17606	84	22	6
17607	208	57	15
17608	1	1	1
17609	1	1	1
17610	84	22	6
17611	1	1	1
17612	5	1	1
17613	136	38	10
17614	6	1	1
17615	209	57	15
17616	226	62	17
17617	1	1	1
17618	39	10	3
17619	44	11	3
17620	286	77	21
17621	209	57	15
17622	230	63	17
17623	231	63	17
17624	291	79	22
17625	285	77	21
17626	236	65	17
17627	231	63	17
17628	230	63	17
17629	231	63	17
17630	230	63	17
17631	231	63	17
17632	197	54	15
17633	231	63	17
17634	231	63	17
17635	284	77	21
17636	29	7	2
17637	231	63	17
17638	231	63	17
17639	231	63	17
17640	231	63	17
17641	233	64	17
17642	227	62	17
17643	231	63	17
17644	231	63	17
17645	231	63	17
17646	285	77	21
17647	285	77	21
17648	285	77	21
17649	251	69	19
17650	17	3	1
17651	285	77	21
17652	236	65	17
17653	231	63	17
17654	285	77	21
17655	227	62	17
17656	206	56	15
17657	236	65	17
17658	285	77	21
17659	285	77	21
17660	227	62	17
17661	197	54	15
17662	285	77	21
17663	285	77	21
17664	285	77	21
17665	285	77	21
17666	228	63	17
17667	285	77	21
17668	231	63	17
17669	230	63	17
17670	285	77	21
17671	227	62	17
17672	231	63	17
17673	251	69	19
17674	285	77	21
17675	285	77	21
17676	283	77	21
17677	15	3	1
17678	237	65	17
17679	227	62	17
17680	227	62	17
17681	230	63	17
17682	227	62	17
17683	231	63	17
17684	284	77	21
17685	287	77	21
17686	227	62	17
17687	227	62	17
17688	231	63	17
17689	227	62	17
17690	15	3	1
17691	231	63	17
17692	227	62	17
17693	284	77	21
17694	227	62	17
17695	287	77	21
17696	227	62	17
17697	206	56	15
17698	284	77	21
17699	278	75	21
17700	237	65	17
17701	237	65	17
17702	237	65	17
17703	208	57	15
17704	229	63	17
17705	227	62	17
17706	287	77	21
17707	229	63	17
17708	215	58	15
17709	230	63	17
17710	208	57	15
17711	237	65	17
17712	284	77	21
17713	287	77	21
17714	13	3	1
17715	115	31	8
17716	231	63	17
17717	129	36	9
17718	231	63	17
17719	284	77	21
17720	193	53	14
17721	251	69	19
17722	263	72	20
17723	206	56	15
17724	231	63	17
17725	208	57	15
17726	208	57	15
17727	253	69	19
17728	283	77	21
17729	13	3	1
17730	285	77	21
17731	285	77	21
17732	227	62	17
17733	231	63	17
17734	231	63	17
17735	231	63	17
17736	231	63	17
17737	285	77	21
17738	231	63	17
17739	231	63	17
17740	231	63	17
17741	285	77	21
17742	285	77	21
17743	285	77	21
17744	201	55	15
17745	239	65	17
17746	231	63	17
17747	227	62	17
17748	239	65	17
17749	285	77	21
17750	227	62	17
17751	227	62	17
17752	230	63	17
17753	230	63	17
17754	227	62	17
17755	229	63	17
17756	231	63	17
17757	230	63	17
17758	17	3	1
17759	206	56	15
17760	237	65	17
17761	236	65	17
17762	236	65	17
17763	236	65	17
17764	251	69	19
17765	287	77	21
17766	251	69	19
17767	285	77	21
17768	251	69	19
17769	236	65	17
17770	251	69	19
17771	281	76	21
17772	230	63	17
17773	236	65	17
17774	227	62	17
17775	251	69	19
17776	227	62	17
17777	227	62	17
17778	24	6	2
17779	227	62	17
17780	214	58	15
17781	278	75	21
17782	213	58	15
17783	231	63	17
17784	231	63	17
17785	31	8	3
17786	236	65	17
17787	283	77	21
17788	138	38	10
17789	208	57	15
17790	208	57	15
17791	208	57	15
17792	231	63	17
17793	229	63	17
17794	281	76	21
17795	212	57	15
17796	32	8	3
17797	212	57	15
17798	212	57	15
17799	212	57	15
17800	213	58	15
17801	246	67	18
17802	208	57	15
17803	212	57	15
17804	33	8	3
17805	246	67	18
17806	212	57	15
17807	213	58	15
17808	287	77	21
17809	212	57	15
17810	213	58	15
17811	212	57	15
17812	212	57	15
17813	281	76	21
17814	212	57	15
17815	212	57	15
17816	213	58	15
17817	281	76	21
17818	212	57	15
17819	212	57	15
17820	212	57	15
17821	212	57	15
17822	212	57	15
17823	213	58	15
17824	232	64	17
17825	212	57	15
17826	232	64	17
17827	281	76	21
17828	283	77	21
17829	213	58	15
17830	284	77	21
17831	232	64	17
17832	287	77	21
17833	211	57	15
17834	283	77	21
17835	242	66	18
17836	123	34	9
17837	286	77	21
17838	2	1	1
17839	284	77	21
17840	33	8	3
17841	272	74	20
17842	52	13	4
17843	281	76	21
17844	211	57	15
17845	15	3	1
17846	78	21	6
17847	14	3	1
17848	52	13	4
17849	72	19	6
17850	213	58	15
17851	281	76	21
17852	212	57	15
17853	34	8	3
17854	223	61	16
17855	208	57	15
17856	213	58	15
17857	213	58	15
17858	212	57	15
17859	212	57	15
17860	296	80	22
17861	212	57	15
17862	256	70	19
17863	206	56	15
17864	256	70	19
17865	212	57	15
17866	206	56	15
17867	34	8	3
17868	211	57	15
17869	211	57	15
17870	213	58	15
17871	208	57	15
17872	281	76	21
17873	33	8	3
17874	212	57	15
17875	212	57	15
17876	212	57	15
17877	232	64	17
17878	33	8	3
17879	212	57	15
17880	212	57	15
17881	212	57	15
17882	213	58	15
17883	212	57	15
17884	232	64	17
17885	284	77	21
17886	211	57	15
17887	208	57	15
17888	212	57	15
17889	282	76	21
17890	34	8	3
17891	273	75	21
17892	212	57	15
17893	34	8	3
17894	35	8	3
17895	278	75	21
17896	213	58	15
17897	232	64	17
17898	212	57	15
17899	212	57	15
17900	212	57	15
17901	212	57	15
17902	284	77	21
17903	34	8	3
17904	242	66	18
17905	34	8	3
17906	34	8	3
17907	211	57	15
17908	34	8	3
17909	212	57	15
17910	34	8	3
17911	266	73	20
17912	34	8	3
17913	34	8	3
17914	34	8	3
17915	212	57	15
17916	34	8	3
17917	213	58	15
17918	281	76	21
17919	211	57	15
17920	281	76	21
17921	299	81	22
17922	20	4	2
17923	212	57	15
17924	232	64	17
17925	213	58	15
17926	213	58	15
17927	26	6	2
17928	282	76	21
17929	213	58	15
17930	213	58	15
17931	212	57	15
17932	74	19	6
17933	25	6	2
17934	33	8	3
17935	211	57	15
17936	25	6	2
17937	212	57	15
17938	6	1	1
17939	78	21	6
17940	213	58	15
17941	232	64	17
17942	35	8	3
17943	78	21	6
17944	212	57	15
17945	25	6	2
17946	23	5	2
17947	26	6	2
17948	212	57	15
17949	25	6	2
17950	15	3	1
17951	211	57	15
17952	211	57	15
17953	211	57	15
17954	15	3	1
17955	34	8	3
17956	281	76	21
17957	212	57	15
17958	212	57	15
17959	213	58	15
17960	213	58	15
17961	212	57	15
17962	212	57	15
17963	74	19	6
17964	213	58	15
17965	284	77	21
17966	213	58	15
17967	213	58	15
17968	212	57	15
17969	281	76	21
17970	223	61	16
17971	281	76	21
17972	212	57	15
17973	199	54	15
17974	199	54	15
17975	199	54	15
17976	199	54	15
17977	199	54	15
17978	199	54	15
17979	263	72	20
17980	199	54	15
17981	243	66	18
17982	199	54	15
17983	199	54	15
17984	199	54	15
17985	234	64	17
17986	243	66	18
17987	263	72	20
17988	199	54	15
17989	199	54	15
17990	251	69	19
17991	199	54	15
17992	236	65	17
17993	199	54	15
17994	199	54	15
17995	243	66	18
17996	199	54	15
17997	199	54	15
17998	199	54	15
17999	199	54	15
18000	199	54	15
18001	199	54	15
18002	199	54	15
18003	199	54	15
18004	199	54	15
18005	199	54	15
18006	199	54	15
18007	199	54	15
18008	38	9	3
18009	244	66	18
18010	257	71	19
18011	199	54	15
18012	237	65	17
18013	250	69	19
18014	214	58	15
18015	251	69	19
18016	251	69	19
18017	243	66	18
18018	257	71	19
18019	237	65	17
18020	256	70	19
18021	213	58	15
18022	232	64	17
18023	251	69	19
18024	243	66	18
18025	243	66	18
18026	214	58	15
18027	287	77	21
18028	285	77	21
18029	205	56	15
18030	232	64	17
18031	216	58	15
18032	263	72	20
18033	207	56	15
18034	72	19	6
18035	263	72	20
18036	216	58	15
18037	229	63	17
18038	205	56	15
18039	214	58	15
18040	214	58	15
18041	216	58	15
18042	206	56	15
18043	204	56	15
18044	216	58	15
18045	229	63	17
18046	263	72	20
18047	263	72	20
18048	263	72	20
18049	263	72	20
18050	214	58	15
18051	214	58	15
18052	243	66	18
18053	263	72	20
18054	251	69	19
18055	243	66	18
18056	49	12	4
18057	232	64	17
18058	162	44	12
18059	236	65	17
18060	263	72	20
18061	263	72	20
18062	263	72	20
18063	251	69	19
18064	232	64	17
18065	278	75	21
18066	197	54	15
18067	197	54	15
18068	283	77	21
18069	197	54	15
18070	232	64	17
18071	287	77	21
18072	139	38	10
18073	265	73	20
18074	227	62	17
18075	215	58	15
18076	283	77	21
18077	38	9	3
18078	232	64	17
18079	216	58	15
18080	216	58	15
18081	38	9	3
18082	60	15	5
18083	215	58	15
18084	279	76	21
18085	81	22	6
18086	38	9	3
18087	236	65	17
18088	216	58	15
18089	283	77	21
18090	215	58	15
18091	216	58	15
18092	263	72	20
18093	283	77	21
18094	214	58	15
18095	283	77	21
18096	263	72	20
18097	207	56	15
18098	204	56	15
18099	204	56	15
18100	232	64	17
18101	2	1	1
18102	204	56	15
18103	204	56	15
18104	205	56	15
18105	204	56	15
18106	204	56	15
18107	204	56	15
18108	204	56	15
18109	215	58	15
18110	216	58	15
18111	204	56	15
18112	204	56	15
18113	204	56	15
18114	294	79	22
18115	207	56	15
18116	215	58	15
18117	207	56	15
18118	216	58	15
18119	228	63	17
18120	216	58	15
18121	216	58	15
18122	277	75	21
18123	229	63	17
18124	293	79	22
18125	216	58	15
18126	231	63	17
18127	216	58	15
18128	216	58	15
18129	207	56	15
18130	216	58	15
18131	205	56	15
18132	207	56	15
18133	216	58	15
18134	216	58	15
18135	232	64	17
18136	216	58	15
18137	204	56	15
18138	216	58	15
18139	207	56	15
18140	138	38	10
18141	215	58	15
18142	215	58	15
18143	285	77	21
18144	72	19	6
18145	203	55	15
18146	207	56	15
18147	235	65	17
18148	214	58	15
18149	237	65	17
18150	216	58	15
18151	40	10	3
18152	203	55	15
18153	207	56	15
18154	216	58	15
18155	227	62	17
18156	215	58	15
18157	231	63	17
18158	263	72	20
18159	214	58	15
18160	227	62	17
18161	227	62	17
18162	265	73	20
18163	243	66	18
18164	214	58	15
18165	214	58	15
18166	232	64	17
18167	286	77	21
18168	283	77	21
18169	39	10	3
18170	105	29	8
18171	214	58	15
18172	214	58	15
18173	214	58	15
18174	64	16	5
18175	30	7	2
18176	76	20	6
18177	127	35	9
18178	73	19	6
18179	73	19	6
18180	13	3	1
18181	115	31	8
18182	82	22	6
18183	112	31	8
18184	127	35	9
18185	74	19	6
18186	115	31	8
18187	82	22	6
18188	127	35	9
18189	114	31	8
18190	128	35	9
18191	73	19	6
18192	74	19	6
18193	139	38	10
18194	20	4	2
18195	113	31	8
18196	114	31	8
18197	73	19	6
18198	127	35	9
18199	73	19	6
18200	73	19	6
18201	139	38	10
18202	74	19	6
18203	101	28	8
18204	73	19	6
18205	127	35	9
18206	74	19	6
18207	127	35	9
18208	73	19	6
18209	120	33	9
18210	74	19	6
18211	74	19	6
18212	74	19	6
18213	74	19	6
18214	74	19	6
18215	74	19	6
18216	127	35	9
18217	73	19	6
18218	119	33	9
18219	74	19	6
18220	74	19	6
18221	74	19	6
18222	127	35	9
18223	74	19	6
18224	74	19	6
18225	119	33	9
18226	74	19	6
18227	139	38	10
18228	83	22	6
18229	74	19	6
18230	76	20	6
18231	73	19	6
18232	121	34	9
18233	30	7	2
18234	82	22	6
18235	73	19	6
18236	222	60	16
18237	73	19	6
18238	30	7	2
18239	20	4	2
18240	77	20	6
18241	82	22	6
18242	115	31	8
18243	270	74	20
18244	82	22	6
18245	119	33	9
18246	293	79	22
18247	81	22	6
18248	135	38	10
18249	119	33	9
18250	82	22	6
18251	101	28	8
18252	120	33	9
18253	97	26	7
18254	134	37	10
18255	72	19	6
18256	112	31	8
18257	82	22	6
18258	58	15	5
18259	115	31	8
18260	82	22	6
18261	100	27	8
18262	119	33	9
18263	109	30	8
18264	115	31	8
18265	99	27	8
18266	100	27	8
18267	99	27	8
18268	76	20	6
18269	84	22	6
18270	107	29	8
18271	130	36	9
18272	99	27	8
18273	226	62	17
18274	99	27	8
18275	99	27	8
18276	115	31	8
18277	127	35	9
18278	99	27	8
18279	99	27	8
18280	99	27	8
18281	82	22	6
18282	20	4	2
18283	99	27	8
18284	74	19	6
18285	265	73	20
18286	105	29	8
18287	203	55	15
18288	99	27	8
18289	115	31	8
18290	96	26	7
18291	99	27	8
18292	96	26	7
18293	104	29	8
18294	115	31	8
18295	132	36	9
18296	75	20	6
18297	78	21	6
18298	132	36	9
18299	35	8	3
18300	33	8	3
18301	33	8	3
18302	33	8	3
18303	29	7	2
18304	33	8	3
18305	32	8	3
18306	86	23	7
18307	214	58	15
18308	17	3	1
18309	31	8	3
18310	214	58	15
18311	214	58	15
18312	5	1	1
18313	202	55	15
18314	32	8	3
18315	226	62	17
18316	43	11	3
18317	33	8	3
18318	40	10	3
18319	31	8	3
18320	33	8	3
18321	206	56	15
18322	32	8	3
18323	16	3	1
18324	32	8	3
18325	41	11	3
18326	32	8	3
18327	41	11	3
18328	29	7	2
18329	29	7	2
18330	32	8	3
18331	30	7	2
18332	23	5	2
18333	32	8	3
18334	32	8	3
18335	32	8	3
18336	32	8	3
18337	32	8	3
18338	32	8	3
18339	32	8	3
18340	32	8	3
18341	41	11	3
18342	33	8	3
18343	21	5	2
18344	29	7	2
18345	29	7	2
18346	29	7	2
18347	33	8	3
18348	32	8	3
18349	33	8	3
18350	29	7	2
18351	32	8	3
18352	29	7	2
18353	32	8	3
18354	29	7	2
18355	20	4	2
18356	32	8	3
18357	74	19	6
18358	207	56	15
18359	32	8	3
18360	32	8	3
18361	32	8	3
18362	32	8	3
18363	29	7	2
18364	29	7	2
18365	280	76	21
18366	17	3	1
18367	17	3	1
18368	112	31	8
18369	17	3	1
18370	280	76	21
18371	85	23	7
18372	120	33	9
18373	110	30	8
18374	110	30	8
18375	120	33	9
18376	17	3	1
18377	30	7	2
18378	114	31	8
18379	120	33	9
18380	130	36	9
18381	96	26	7
18382	127	35	9
18383	115	31	8
18384	139	38	10
18385	17	3	1
18386	120	33	9
18387	122	34	9
18388	126	35	9
18389	126	35	9
18390	27	7	2
18391	17	3	1
18392	112	31	8
18393	91	24	7
18394	132	36	9
18395	18	4	2
18396	134	37	10
18397	96	26	7
18398	110	30	8
18399	19	4	2
18400	127	35	9
18401	19	4	2
18402	234	64	17
18403	127	35	9
18404	241	66	18
18405	127	35	9
18406	246	67	18
18407	127	35	9
18408	127	35	9
18409	128	35	9
18410	127	35	9
18411	126	35	9
18412	213	58	15
18413	246	67	18
18414	42	11	3
18415	127	35	9
18416	127	35	9
18417	127	35	9
18418	17	3	1
18419	127	35	9
18420	127	35	9
18421	127	35	9
18422	127	35	9
18423	34	8	3
18424	132	36	9
18425	19	4	2
18426	126	35	9
18427	17	3	1
18428	231	63	17
18429	19	4	2
18430	17	3	1
18431	17	3	1
18432	73	19	6
18433	97	26	7
18434	9	2	1
18435	30	7	2
18436	202	55	15
18437	292	79	22
18438	17	3	1
18439	20	4	2
18440	17	3	1
18441	296	80	22
18442	127	35	9
18443	127	35	9
18444	19	4	2
18445	19	4	2
18446	19	4	2
18447	19	4	2
18448	19	4	2
18449	19	4	2
18450	246	67	18
18451	19	4	2
18452	19	4	2
18453	196	53	14
18454	19	4	2
18455	19	4	2
18456	19	4	2
18457	19	4	2
18458	19	4	2
18459	130	36	9
18460	300	81	22
18461	19	4	2
18462	19	4	2
18463	19	4	2
18464	19	4	2
18465	19	4	2
18466	132	36	9
18467	289	78	22
18468	19	4	2
18469	29	7	2
18470	16	3	1
18471	126	35	9
18472	17	3	1
18473	19	4	2
18474	19	4	2
18475	126	35	9
18476	19	4	2
18477	127	35	9
18478	253	69	19
18479	270	74	20
18480	16	3	1
18481	19	4	2
18482	282	76	21
18483	19	4	2
18484	16	3	1
18485	29	7	2
18486	19	4	2
18487	300	81	22
18488	92	25	7
18489	300	81	22
18490	29	7	2
18491	29	7	2
18492	29	7	2
18493	110	30	8
18494	95	26	7
18495	19	4	2
18496	29	7	2
18497	132	36	9
18498	16	3	1
18499	130	36	9
18500	202	55	15
18501	29	7	2
18502	17	3	1
18503	94	25	7
18504	127	35	9
18505	16	3	1
18506	96	26	7
18507	42	11	3
18508	16	3	1
18509	42	11	3
18510	23	5	2
18511	29	7	2
18512	16	3	1
18513	29	7	2
18514	16	3	1
18515	29	7	2
18516	17	3	1
18517	29	7	2
18518	17	3	1
18519	196	53	14
18520	29	7	2
18521	82	22	6
18522	28	7	2
18523	130	36	9
18524	29	7	2
18525	95	26	7
18526	129	36	9
18527	29	7	2
18528	118	32	9
18529	269	74	20
18530	96	26	7
18531	111	30	8
18532	29	7	2
18533	110	30	8
18534	120	33	9
18535	252	69	19
18536	101	28	8
18537	101	28	8
18538	19	4	2
18539	137	38	10
18540	34	8	3
18541	19	4	2
18542	19	4	2
18543	126	35	9
18544	23	5	2
18545	205	56	15
18546	19	4	2
18547	28	7	2
18548	29	7	2
18549	41	11	3
18550	32	8	3
18551	32	8	3
18552	29	7	2
18553	19	4	2
18554	28	7	2
18555	202	55	15
18556	127	35	9
18557	120	33	9
18558	192	53	14
18559	126	35	9
18560	21	5	2
18561	190	52	14
18562	130	36	9
18563	300	81	22
18564	142	39	11
18565	134	37	10
18566	112	31	8
18567	127	35	9
18568	74	19	6
18569	86	23	7
18570	119	33	9
18571	28	7	2
18572	127	35	9
18573	82	22	6
18574	103	28	8
18575	133	37	10
18576	118	32	9
18577	282	76	21
18578	139	38	10
18579	120	33	9
18580	116	32	9
18581	246	67	18
18582	242	66	18
18583	86	23	7
18584	120	33	9
18585	29	7	2
18586	295	80	22
18587	282	76	21
18588	41	11	3
18589	24	6	2
18590	33	8	3
18591	196	53	14
18592	42	11	3
18593	250	69	19
18594	87	23	7
18595	126	35	9
18596	25	6	2
18597	25	6	2
18598	25	6	2
18599	129	36	9
18600	122	34	9
18601	25	6	2
18602	122	34	9
18603	25	6	2
18604	231	63	17
18605	231	63	17
18606	25	6	2
18607	126	35	9
18608	234	64	17
18609	234	64	17
18610	223	61	16
18611	217	59	16
18612	234	64	17
18613	234	64	17
18614	222	60	16
18615	297	81	22
18616	217	59	16
18617	244	66	18
18618	217	59	16
18619	223	61	16
18620	234	64	17
18621	234	64	17
18622	234	64	17
18623	202	55	15
18624	203	55	15
18625	241	66	18
18626	222	60	16
18627	223	61	16
18628	222	60	16
18629	244	66	18
18630	234	64	17
18631	222	60	16
18632	234	64	17
18633	222	60	16
18634	234	64	17
18635	42	11	3
18636	28	7	2
18637	115	31	8
18638	266	73	20
18639	264	72	20
18640	137	38	10
18641	35	8	3
18642	20	4	2
18643	18	4	2
18644	120	33	9
18645	143	40	11
18646	126	35	9
18647	137	38	10
18648	37	9	3
18649	31	8	3
18650	120	33	9
18651	203	55	15
18652	21	5	2
18653	122	34	9
18654	128	35	9
18655	149	41	11
18656	234	64	17
18657	42	11	3
18658	34	8	3
18659	35	8	3
18660	126	35	9
18661	35	8	3
18662	86	23	7
18663	42	11	3
18664	101	28	8
18665	27	7	2
18666	27	7	2
18667	126	35	9
18668	44	11	3
18669	20	4	2
18670	201	55	15
18671	42	11	3
18672	94	25	7
18673	42	11	3
18674	23	5	2
18675	42	11	3
18676	223	61	16
18677	21	5	2
18678	42	11	3
18679	42	11	3
18680	42	11	3
18681	93	25	7
18682	42	11	3
18683	100	27	8
18684	42	11	3
18685	42	11	3
18686	42	11	3
18687	110	30	8
18688	110	30	8
18689	13	3	1
18690	143	40	11
18691	85	23	7
18692	120	33	9
18693	143	40	11
18694	34	8	3
18695	134	37	10
18696	82	22	6
18697	126	35	9
18698	120	33	9
18699	119	33	9
18700	28	7	2
18701	28	7	2
18702	17	3	1
18703	17	3	1
18704	17	3	1
18705	113	31	8
18706	28	7	2
18707	29	7	2
18708	16	3	1
18709	93	25	7
18710	135	38	10
18711	125	35	9
18712	28	7	2
18713	93	25	7
18714	15	3	1
18715	93	25	7
18716	29	7	2
18717	28	7	2
18718	93	25	7
18719	28	7	2
18720	93	25	7
18721	29	7	2
18722	27	7	2
18723	28	7	2
18724	28	7	2
18725	43	11	3
18726	119	33	9
18727	101	28	8
18728	75	20	6
18729	222	60	16
18730	128	35	9
18731	212	57	15
18732	85	23	7
18733	28	7	2
18734	19	4	2
18735	28	7	2
18736	28	7	2
18737	19	4	2
18738	119	33	9
18739	126	35	9
18740	199	54	15
18741	28	7	2
18742	122	34	9
18743	109	30	8
18744	28	7	2
18745	137	38	10
18746	28	7	2
18747	28	7	2
18748	101	28	8
18749	127	35	9
18750	190	52	14
18751	29	7	2
18752	31	8	3
18753	31	8	3
18754	31	8	3
18755	31	8	3
18756	31	8	3
18757	31	8	3
18758	101	28	8
18759	31	8	3
18760	141	39	11
18761	120	33	9
18762	31	8	3
18763	29	7	2
18764	230	63	17
18765	26	6	2
18766	128	35	9
18767	24	6	2
18768	143	40	11
18769	25	6	2
18770	26	6	2
18771	212	57	15
18772	141	39	11
18773	137	38	10
18774	26	6	2
18775	26	6	2
18776	88	23	7
18777	110	30	8
18778	26	6	2
18779	26	6	2
18780	143	40	11
18781	138	38	10
18782	43	11	3
18783	120	33	9
18784	231	63	17
18785	26	6	2
18786	113	31	8
18787	149	41	11
18788	26	6	2
18789	26	6	2
18790	28	7	2
18791	202	55	15
18792	116	32	9
18793	35	8	3
18794	19	4	2
18795	74	19	6
18796	19	4	2
18797	112	31	8
18798	230	63	17
18799	16	3	1
18800	6	1	1
18801	29	7	2
18802	132	36	9
18803	85	23	7
18804	29	7	2
18805	29	7	2
18806	127	35	9
18807	84	22	6
18808	126	35	9
18809	78	21	6
18810	29	7	2
18811	29	7	2
18812	127	35	9
18813	29	7	2
18814	12	2	1
18815	6	1	1
18816	115	31	8
18817	78	21	6
18818	13	3	1
18819	119	33	9
18820	128	35	9
18821	13	3	1
18822	141	39	11
18823	86	23	7
18824	150	42	11
18825	17	3	1
18826	127	35	9
18827	270	74	20
18828	116	32	9
18829	150	42	11
18830	270	74	20
18831	34	8	3
18832	124	34	9
18833	86	23	7
18834	122	34	9
18835	123	34	9
18836	115	31	8
18837	86	23	7
18838	86	23	7
18839	119	33	9
18840	84	22	6
18841	105	29	8
18842	143	40	11
18843	17	3	1
18844	109	30	8
18845	92	25	7
18846	30	7	2
18847	231	63	17
18848	100	27	8
18849	19	4	2
18850	19	4	2
18851	18	4	2
18852	72	19	6
18853	113	31	8
18854	143	40	11
18855	13	3	1
18856	118	32	9
18857	117	32	9
18858	123	34	9
18859	115	31	8
18860	115	31	8
18861	232	64	17
18862	128	35	9
18863	215	58	15
18864	128	35	9
18865	17	3	1
18866	105	29	8
18867	118	32	9
18868	7	2	1
18869	114	31	8
18870	18	4	2
18871	30	7	2
18872	30	7	2
18873	97	26	7
18874	119	33	9
18875	111	30	8
18876	101	28	8
18877	143	40	11
18878	82	22	6
18879	104	29	8
18880	115	31	8
18881	75	20	6
18882	135	38	10
18883	18	4	2
18884	111	30	8
18885	97	26	7
18886	18	4	2
18887	135	38	10
18888	17	3	1
18889	299	81	22
18890	30	7	2
18891	148	41	11
18892	146	40	11
18893	111	30	8
18894	123	34	9
18895	134	37	10
18896	129	36	9
18897	146	40	11
18898	120	33	9
18899	134	37	10
18900	18	4	2
18901	72	19	6
18902	103	28	8
18903	146	40	11
18904	146	40	11
18905	146	40	11
18906	109	30	8
18907	144	40	11
18908	123	34	9
18909	117	32	9
18910	115	31	8
18911	132	36	9
18912	99	27	8
18913	82	22	6
18914	234	64	17
18915	132	36	9
18916	133	37	10
18917	109	30	8
18918	112	31	8
18919	148	41	11
18920	113	31	8
18921	101	28	8
18922	129	36	9
18923	84	22	6
18924	17	3	1
18925	114	31	8
18926	91	24	7
18927	269	74	20
18928	115	31	8
18929	86	23	7
18930	118	32	9
18931	97	26	7
18932	144	40	11
18933	126	35	9
18934	193	53	14
18935	74	19	6
18936	196	53	14
18937	135	38	10
18938	97	26	7
18939	146	40	11
18940	123	34	9
18941	127	35	9
18942	101	28	8
18943	144	40	11
18944	143	40	11
18945	89	24	7
18946	150	42	11
18947	270	74	20
18948	97	26	7
18949	101	28	8
18950	97	26	7
18951	117	32	9
18952	110	30	8
18953	128	35	9
18954	95	26	7
18955	17	3	1
18956	83	22	6
18957	74	19	6
18958	82	22	6
18959	17	3	1
18960	101	28	8
18961	118	32	9
18962	17	3	1
18963	17	3	1
18964	17	3	1
18965	17	3	1
18966	17	3	1
18967	118	32	9
18968	82	22	6
18969	123	34	9
18970	116	32	9
18971	74	19	6
18972	295	80	22
18973	86	23	7
18974	17	3	1
18975	5	1	1
18976	92	25	7
18977	107	29	8
18978	17	3	1
18979	296	80	22
18980	115	31	8
18981	194	53	14
18982	83	22	6
18983	29	7	2
18984	17	3	1
18985	137	38	10
18986	109	30	8
18987	120	33	9
18988	121	34	9
18989	119	33	9
18990	119	33	9
18991	144	40	11
18992	74	19	6
18993	119	33	9
18994	119	33	9
18995	120	33	9
18996	119	33	9
18997	116	32	9
18998	196	53	14
18999	119	33	9
19000	109	30	8
19001	118	32	9
19002	116	32	9
19003	196	53	14
19004	119	33	9
19005	17	3	1
19006	30	7	2
19007	268	73	20
19008	122	34	9
19009	82	22	6
19010	119	33	9
19011	85	23	7
19012	119	33	9
19013	123	34	9
19014	282	76	21
19015	121	34	9
19016	116	32	9
19017	146	40	11
19018	26	6	2
19019	222	60	16
19020	146	40	11
19021	109	30	8
19022	146	40	11
19023	108	30	8
19024	296	80	22
19025	293	79	22
19026	133	37	10
19027	86	23	7
19028	115	31	8
19029	120	33	9
19030	148	41	11
19031	296	80	22
19032	20	4	2
19033	20	4	2
19034	109	30	8
19035	113	31	8
19036	270	74	20
19037	135	38	10
19038	37	9	3
19039	20	4	2
19040	299	81	22
19041	128	35	9
19042	100	27	8
19043	298	81	22
19044	137	38	10
19045	148	41	11
19046	104	29	8
19047	227	62	17
19048	298	81	22
19049	44	11	3
19050	18	4	2
19051	26	6	2
19052	134	37	10
19053	194	53	14
19054	212	57	15
19055	296	80	22
19056	73	19	6
19057	23	5	2
19058	140	39	11
19059	20	4	2
19060	222	60	16
19061	146	40	11
19062	140	39	11
19063	140	39	11
19064	21	5	2
19065	300	81	22
19066	85	23	7
19067	140	39	11
19068	119	33	9
19069	123	34	9
19070	123	34	9
19071	48	12	4
19072	136	38	10
19073	75	20	6
19074	123	34	9
19075	140	39	11
19076	140	39	11
19077	140	39	11
19078	77	20	6
19079	100	27	8
19080	17	3	1
19081	267	73	20
19082	75	20	6
19083	267	73	20
19084	145	40	11
19085	75	20	6
19086	17	3	1
19087	189	52	14
19088	133	37	10
19089	296	80	22
19090	17	3	1
19091	20	4	2
19092	82	22	6
19093	246	67	18
19094	203	55	15
19095	13	3	1
19096	75	20	6
19097	141	39	11
19098	75	20	6
19099	21	5	2
19100	141	39	11
19101	21	5	2
19102	30	7	2
19103	18	4	2
19104	30	7	2
19105	20	4	2
19106	88	23	7
19107	149	41	11
19108	20	4	2
19109	42	11	3
19110	21	5	2
19111	21	5	2
19112	17	3	1
19113	140	39	11
19114	20	4	2
19115	20	4	2
19116	23	5	2
19117	268	73	20
19118	126	35	9
19119	299	81	22
19120	122	34	9
19121	231	63	17
19122	20	4	2
19123	11	2	1
19124	20	4	2
19125	20	4	2
19126	20	4	2
19127	20	4	2
19128	120	33	9
19129	20	4	2
19130	5	1	1
19131	140	39	11
19132	28	7	2
19133	141	39	11
19134	141	39	11
19135	111	30	8
19136	140	39	11
19137	231	63	17
19138	140	39	11
19139	231	63	17
19140	289	78	22
19141	266	73	20
19142	140	39	11
19143	20	4	2
19144	141	39	11
19145	146	40	11
19146	264	72	20
19147	20	4	2
19148	19	4	2
19149	270	74	20
19150	18	4	2
19151	20	4	2
19152	20	4	2
19153	88	23	7
19154	141	39	11
19155	140	39	11
19156	18	4	2
19157	141	39	11
19158	140	39	11
19159	123	34	9
19160	75	20	6
19161	211	57	15
19162	120	33	9
19163	23	5	2
19164	75	20	6
19165	84	22	6
19166	75	20	6
19167	115	31	8
19168	134	37	10
19169	131	36	9
19170	134	37	10
19171	75	20	6
19172	134	37	10
19173	75	20	6
19174	75	20	6
19175	75	20	6
19176	75	20	6
19177	211	57	15
19178	264	72	20
19179	129	36	9
19180	75	20	6
19181	128	35	9
19182	75	20	6
19183	105	29	8
19184	74	19	6
19185	74	19	6
19186	294	79	22
19187	20	4	2
19188	75	20	6
19189	91	24	7
19190	20	4	2
19191	206	56	15
19192	207	56	15
19193	20	4	2
19194	20	4	2
19195	123	34	9
19196	75	20	6
19197	137	38	10
19198	100	27	8
19199	20	4	2
19200	100	27	8
19201	123	34	9
19202	140	39	11
19203	132	36	9
19204	20	4	2
19205	75	20	6
19206	20	4	2
19207	20	4	2
19208	129	36	9
19209	129	36	9
19210	129	36	9
19211	112	31	8
19212	108	30	8
19213	129	36	9
19214	20	4	2
19215	211	57	15
19216	140	39	11
19217	20	4	2
19218	20	4	2
19219	21	5	2
19220	140	39	11
19221	21	5	2
19222	20	4	2
19223	268	73	20
19224	268	73	20
19225	20	4	2
19226	20	4	2
19227	20	4	2
19228	44	11	3
19229	44	11	3
19230	17	3	1
19231	20	4	2
19232	215	58	15
19233	20	4	2
19234	140	39	11
19235	88	23	7
19236	296	80	22
19237	117	32	9
19238	132	36	9
19239	117	32	9
19240	100	27	8
19241	84	22	6
19242	75	20	6
19243	88	23	7
19244	132	36	9
19245	111	30	8
19246	132	36	9
19247	300	81	22
19248	296	80	22
19249	13	3	1
19250	118	32	9
19251	300	81	22
19252	300	81	22
19253	94	25	7
19254	128	35	9
19255	82	22	6
19256	95	26	7
19257	94	25	7
19258	88	23	7
19259	97	26	7
19260	86	23	7
19261	296	80	22
19262	88	23	7
19263	94	25	7
19264	82	22	6
19265	94	25	7
19266	296	80	22
19267	300	81	22
19268	297	81	22
19269	296	80	22
19270	296	80	22
19271	132	36	9
19272	296	80	22
19273	300	81	22
19274	300	81	22
19275	132	36	9
19276	297	81	22
19277	108	30	8
19278	119	33	9
19279	112	31	8
19280	141	39	11
19281	13	3	1
19282	132	36	9
19283	100	27	8
19284	114	31	8
19285	132	36	9
19286	97	26	7
19287	100	27	8
19288	115	31	8
19289	112	31	8
19290	101	28	8
19291	82	22	6
19292	97	26	7
19293	120	33	9
19294	115	31	8
19295	94	25	7
19296	85	23	7
19297	88	23	7
19298	88	23	7
19299	19	4	2
19300	88	23	7
19301	113	31	8
19302	100	27	8
19303	82	22	6
19304	88	23	7
19305	247	68	18
19306	16	3	1
19307	95	26	7
19308	118	32	9
19309	88	23	7
19310	296	80	22
19311	97	26	7
19312	97	26	7
19313	88	23	7
19314	90	24	7
19315	88	23	7
19316	132	36	9
19317	132	36	9
19318	132	36	9
19319	5	1	1
19320	296	80	22
19321	132	36	9
19322	265	73	20
19323	118	32	9
19324	132	36	9
19325	113	31	8
19326	118	32	9
19327	202	55	15
19328	132	36	9
19329	296	80	22
19330	115	31	8
19331	19	4	2
19332	113	31	8
19333	131	36	9
19334	296	80	22
19335	132	36	9
19336	118	32	9
19337	295	80	22
19338	81	22	6
19339	121	34	9
19340	88	23	7
19341	111	30	8
19342	300	81	22
19343	300	81	22
19344	91	24	7
19345	114	31	8
19346	100	27	8
19347	13	3	1
19348	296	80	22
19349	115	31	8
19350	131	36	9
19351	87	23	7
19352	299	81	22
19353	211	57	15
19354	12	2	1
19355	298	81	22
19356	76	20	6
19357	211	57	15
19358	132	36	9
19359	113	31	8
19360	234	64	17
19361	147	41	11
19362	296	80	22
19363	296	80	22
19364	115	31	8
19365	300	81	22
19366	88	23	7
19367	132	36	9
19368	88	23	7
19369	88	23	7
19370	110	30	8
19371	296	80	22
19372	84	22	6
19373	296	80	22
19374	84	22	6
19375	296	80	22
19376	300	81	22
19377	296	80	22
19378	132	36	9
19379	295	80	22
19380	296	80	22
19381	85	23	7
19382	295	80	22
19383	84	22	6
19384	296	80	22
19385	194	53	14
19386	300	81	22
19387	113	31	8
19388	132	36	9
19389	296	80	22
19390	132	36	9
19391	132	36	9
19392	23	5	2
19393	132	36	9
19394	132	36	9
19395	132	36	9
19396	100	27	8
19397	132	36	9
19398	132	36	9
19399	132	36	9
19400	132	36	9
19401	122	34	9
19402	30	7	2
19403	132	36	9
19404	296	80	22
19405	132	36	9
19406	86	23	7
19407	132	36	9
19408	112	31	8
19409	132	36	9
19410	132	36	9
19411	274	75	21
19412	296	80	22
19413	99	27	8
19414	132	36	9
19415	132	36	9
19416	126	35	9
19417	72	19	6
19418	118	32	9
19419	115	31	8
19420	146	40	11
19421	114	31	8
19422	102	28	8
19423	123	34	9
19424	81	22	6
19425	122	34	9
19426	24	6	2
19427	81	22	6
19428	282	76	21
19429	132	36	9
19430	132	36	9
19431	122	34	9
19432	88	23	7
19433	113	31	8
19434	115	31	8
19435	88	23	7
19436	114	31	8
19437	132	36	9
19438	86	23	7
19439	122	34	9
19440	122	34	9
19441	132	36	9
19442	132	36	9
19443	142	39	11
19444	132	36	9
19445	132	36	9
19446	84	22	6
19447	132	36	9
19448	82	22	6
19449	132	36	9
19450	123	34	9
19451	116	32	9
19452	128	35	9
19453	15	3	1
19454	132	36	9
19455	123	34	9
19456	93	25	7
19457	142	39	11
19458	112	31	8
19459	299	81	22
19460	132	36	9
19461	132	36	9
19462	114	31	8
19463	132	36	9
19464	123	34	9
19465	132	36	9
19466	117	32	9
19467	115	31	8
19468	111	30	8
19469	296	80	22
19470	132	36	9
19471	113	31	8
19472	290	78	22
19473	121	34	9
19474	115	31	8
19475	115	31	8
19476	121	34	9
19477	132	36	9
19478	119	33	9
19479	300	81	22
19480	115	31	8
19481	101	28	8
19482	123	34	9
19483	74	19	6
19484	132	36	9
19485	132	36	9
19486	132	36	9
19487	128	35	9
19488	132	36	9
19489	132	36	9
19490	100	27	8
19491	122	34	9
19492	132	36	9
19493	296	80	22
19494	132	36	9
19495	132	36	9
19496	94	25	7
19497	101	28	8
19498	212	57	15
19499	128	35	9
19500	113	31	8
19501	132	36	9
19502	116	32	9
19503	132	36	9
19504	132	36	9
19505	295	80	22
19506	132	36	9
19507	296	80	22
19508	296	80	22
19509	296	80	22
19510	129	36	9
19511	295	80	22
19512	132	36	9
19513	132	36	9
19514	132	36	9
19515	296	80	22
19516	132	36	9
19517	101	28	8
19518	296	80	22
19519	112	31	8
19520	132	36	9
19521	295	80	22
19522	111	30	8
19523	132	36	9
19524	295	80	22
19525	104	29	8
19526	113	31	8
19527	132	36	9
19528	132	36	9
19529	132	36	9
19530	77	20	6
19531	132	36	9
19532	132	36	9
19533	296	80	22
19534	42	11	3
19535	132	36	9
19536	126	35	9
19537	18	4	2
19538	19	4	2
19539	42	11	3
19540	42	11	3
19541	41	11	3
19542	120	33	9
19543	132	36	9
19544	18	4	2
19545	120	33	9
19546	132	36	9
19547	42	11	3
19548	244	66	18
19549	42	11	3
19550	42	11	3
19551	42	11	3
19552	42	11	3
19553	28	7	2
19554	42	11	3
19555	28	7	2
19556	16	3	1
19557	16	3	1
19558	41	11	3
19559	41	11	3
19560	299	81	22
19561	196	53	14
19562	41	11	3
19563	29	7	2
19564	222	60	16
19565	135	38	10
19566	35	8	3
19567	30	7	2
19568	114	31	8
19569	132	36	9
19570	150	42	11
19571	132	36	9
19572	131	36	9
19573	119	33	9
19574	221	60	16
19575	114	31	8
19576	132	36	9
19577	132	36	9
19578	131	36	9
19579	84	22	6
19580	131	36	9
19581	107	29	8
19582	298	81	22
19583	131	36	9
19584	87	23	7
19585	132	36	9
19586	131	36	9
19587	132	36	9
19588	104	29	8
19589	111	30	8
19590	108	30	8
19591	87	23	7
19592	132	36	9
19593	132	36	9
19594	131	36	9
19595	100	27	8
19596	28	7	2
19597	132	36	9
19598	18	4	2
19599	100	27	8
19600	131	36	9
19601	18	4	2
19602	234	64	17
19603	131	36	9
19604	34	8	3
19605	34	8	3
19606	126	35	9
19607	18	4	2
19608	18	4	2
19609	123	34	9
19610	18	4	2
19611	18	4	2
19612	18	4	2
19613	123	34	9
19614	18	4	2
19615	132	36	9
19616	18	4	2
19617	266	73	20
19618	131	36	9
19619	88	23	7
19620	131	36	9
19621	132	36	9
19622	100	27	8
19623	132	36	9
19624	132	36	9
19625	131	36	9
19626	131	36	9
19627	104	29	8
19628	132	36	9
19629	120	33	9
19630	118	32	9
19631	137	38	10
19632	132	36	9
19633	131	36	9
19634	131	36	9
19635	74	19	6
19636	74	19	6
19637	296	80	22
19638	129	36	9
19639	139	38	10
19640	19	4	2
19641	19	4	2
19642	74	19	6
19643	19	4	2
19644	137	38	10
19645	19	4	2
19646	16	3	1
19647	114	31	8
19648	142	39	11
19649	270	74	20
19650	126	35	9
19651	20	4	2
19652	132	36	9
19653	18	4	2
19654	18	4	2
19655	19	4	2
19656	270	74	20
19657	123	34	9
19658	19	4	2
19659	127	35	9
19660	132	36	9
19661	19	4	2
19662	135	38	10
19663	141	39	11
19664	131	36	9
19665	19	4	2
19666	141	39	11
19667	131	36	9
19668	25	6	2
19669	104	29	8
19670	294	79	22
19671	132	36	9
19672	84	22	6
19673	114	31	8
19674	23	5	2
19675	132	36	9
19676	132	36	9
19677	81	22	6
19678	290	78	22
19679	118	32	9
19680	132	36	9
19681	16	3	1
19682	81	22	6
19683	115	31	8
19684	101	28	8
19685	132	36	9
19686	132	36	9
19687	132	36	9
19688	120	33	9
19689	28	7	2
19690	19	4	2
19691	25	6	2
19692	118	32	9
19693	132	36	9
19694	147	41	11
19695	135	38	10
19696	132	36	9
19697	132	36	9
19698	19	4	2
19699	132	36	9
19700	42	11	3
19701	42	11	3
19702	42	11	3
19703	42	11	3
19704	41	11	3
19705	133	37	10
19706	42	11	3
19707	42	11	3
19708	42	11	3
19709	133	37	10
19710	42	11	3
19711	246	67	18
19712	28	7	2
19713	42	11	3
19714	246	67	18
19715	133	37	10
19716	42	11	3
19717	42	11	3
19718	42	11	3
19719	42	11	3
19720	42	11	3
19721	282	76	21
19722	42	11	3
19723	133	37	10
19724	246	67	18
19725	224	61	16
19726	131	36	9
19727	28	7	2
19728	126	35	9
19729	28	7	2
19730	41	11	3
19731	28	7	2
19732	224	61	16
19733	28	7	2
19734	28	7	2
19735	126	35	9
19736	42	11	3
19737	131	36	9
19738	19	4	2
19739	144	40	11
19740	262	72	20
19741	23	5	2
19742	134	37	10
19743	132	36	9
19744	141	39	11
19745	30	7	2
19746	296	80	22
19747	134	37	10
19748	118	32	9
19749	122	34	9
19750	115	31	8
19751	128	35	9
19752	295	80	22
19753	115	31	8
19754	18	4	2
19755	123	34	9
19756	128	35	9
19757	18	4	2
19758	77	20	6
19759	13	3	1
19760	88	23	7
19761	132	36	9
19762	123	34	9
19763	123	34	9
19764	128	35	9
19765	94	25	7
19766	100	27	8
19767	136	38	10
19768	108	30	8
19769	195	53	14
19770	28	7	2
19771	48	12	4
19772	191	52	14
19773	84	22	6
19774	135	38	10
19775	77	20	6
19776	120	33	9
19777	77	20	6
19778	78	21	6
19779	132	36	9
19780	101	28	8
19781	29	7	2
19782	100	27	8
19783	101	28	8
19784	128	35	9
19785	127	35	9
19786	117	32	9
19787	231	63	17
19788	114	31	8
19789	282	76	21
19790	126	35	9
19791	128	35	9
19792	100	27	8
19793	74	19	6
19794	98	26	7
19795	42	11	3
19796	116	32	9
19797	121	34	9
19798	152	42	11
19799	147	41	11
19800	120	33	9
19801	29	7	2
19802	234	64	17
19803	147	41	11
19804	81	22	6
19805	147	41	11
19806	147	41	11
19807	147	41	11
19808	115	31	8
19809	147	41	11
19810	241	66	18
19811	270	74	20
19812	147	41	11
19813	30	7	2
19814	234	64	17
19815	147	41	11
19816	227	62	17
19817	222	60	16
19818	227	62	17
19819	259	71	19
19820	226	62	17
19821	227	62	17
19822	227	62	17
19823	227	62	17
19824	226	62	17
19825	223	61	16
19826	222	60	16
19827	227	62	17
19828	227	62	17
19829	226	62	17
19830	227	62	17
19831	237	65	17
19832	227	62	17
19833	237	65	17
19834	227	62	17
19835	227	62	17
19836	227	62	17
19837	223	61	16
19838	227	62	17
19839	223	61	16
19840	237	65	17
19841	237	65	17
19842	226	62	17
19843	237	65	17
19844	237	65	17
19845	226	62	17
19846	223	61	16
19847	237	65	17
19848	227	62	17
19849	227	62	17
19850	223	61	16
19851	227	62	17
19852	251	69	19
19853	252	69	19
19854	231	63	17
19855	223	61	16
19856	223	61	16
19857	237	65	17
19858	227	62	17
19859	253	69	19
19860	226	62	17
19861	227	62	17
19862	227	62	17
19863	223	61	16
19864	24	6	2
19865	227	62	17
19866	227	62	17
19867	227	62	17
19868	227	62	17
19869	223	61	16
19870	227	62	17
19871	219	60	16
19872	227	62	17
19873	232	64	17
19874	230	63	17
19875	227	62	17
19876	226	62	17
19877	78	21	6
19878	81	22	6
19879	227	62	17
19880	227	62	17
19881	227	62	17
19882	219	60	16
19883	283	77	21
19884	227	62	17
19885	227	62	17
19886	227	62	17
19887	227	62	17
19888	227	62	17
19889	222	60	16
19890	227	62	17
19891	224	61	16
19892	227	62	17
19893	223	61	16
19894	223	61	16
19895	220	60	16
19896	224	61	16
19897	237	65	17
19898	260	71	19
19899	252	69	19
19900	224	61	16
19901	250	69	19
19902	252	69	19
19903	224	61	16
19904	224	61	16
19905	225	61	16
19906	239	65	17
19907	241	66	18
19908	253	69	19
19909	233	64	17
19910	222	60	16
19911	222	60	16
19912	225	61	16
19913	224	61	16
19914	223	61	16
19915	220	60	16
19916	223	61	16
19917	219	60	16
19918	253	69	19
19919	225	61	16
19920	224	61	16
19921	221	60	16
19922	220	60	16
19923	224	61	16
19924	252	69	19
19925	225	61	16
19926	259	71	19
19927	252	69	19
19928	254	69	19
19929	254	69	19
19930	254	69	19
19931	259	71	19
19932	252	69	19
19933	224	61	16
19934	252	69	19
19935	252	69	19
19936	223	61	16
19937	224	61	16
19938	252	69	19
19939	225	61	16
19940	224	61	16
19941	252	69	19
19942	254	69	19
19943	250	69	19
19944	254	69	19
19945	227	62	17
19946	252	69	19
19947	250	69	19
19948	219	60	16
19949	225	61	16
19950	250	69	19
19951	225	61	16
19952	225	61	16
19953	259	71	19
19954	251	69	19
19955	252	69	19
19956	260	71	19
19957	252	69	19
19958	219	60	16
19959	233	64	17
19960	252	69	19
19961	219	60	16
19962	219	60	16
19963	252	69	19
19964	252	69	19
19965	252	69	19
19966	218	59	16
19967	252	69	19
19968	252	69	19
19969	250	69	19
19970	252	69	19
19971	252	69	19
19972	252	69	19
19973	252	69	19
19974	222	60	16
19975	252	69	19
19976	252	69	19
19977	251	69	19
19978	252	69	19
19979	252	69	19
19980	250	69	19
19981	252	69	19
19982	252	69	19
19983	252	69	19
19984	218	59	16
19985	222	60	16
19986	252	69	19
19987	252	69	19
19988	227	62	17
19989	227	62	17
19990	251	69	19
19991	228	63	17
19992	223	61	16
19993	259	71	19
19994	227	62	17
19995	226	62	17
19996	223	61	16
19997	157	43	12
19998	252	69	19
19999	259	71	19
20000	259	71	19
20001	223	61	16
20002	227	62	17
20003	227	62	17
20004	227	62	17
20005	223	61	16
20006	223	61	16
20007	219	60	16
20008	218	59	16
20009	227	62	17
20010	227	62	17
20011	223	61	16
20012	236	65	17
20013	259	71	19
20014	227	62	17
20015	259	71	19
20016	257	71	19
20017	222	60	16
20018	234	64	17
20019	221	60	16
20020	254	69	19
20021	254	69	19
20022	224	61	16
20023	258	71	19
20024	252	69	19
20025	223	61	16
20026	234	64	17
20027	254	69	19
20028	254	69	19
20029	223	61	16
20030	222	60	16
20031	224	61	16
20032	224	61	16
20033	139	38	10
20034	254	69	19
20035	234	64	17
20036	234	64	17
20037	254	69	19
20038	221	60	16
20039	224	61	16
20040	224	61	16
20041	254	69	19
20042	254	69	19
20043	224	61	16
20044	222	60	16
20045	222	60	16
20046	223	61	16
20047	252	69	19
20048	223	61	16
20049	253	69	19
20050	221	60	16
20051	223	61	16
20052	219	60	16
20053	223	61	16
20054	223	61	16
20055	225	61	16
20056	237	65	17
20057	223	61	16
20058	223	61	16
20059	223	61	16
20060	223	61	16
20061	251	69	19
20062	223	61	16
20063	223	61	16
20064	223	61	16
20065	223	61	16
20066	223	61	16
20067	260	71	19
20068	259	71	19
20069	260	71	19
20070	223	61	16
20071	247	68	18
20072	223	61	16
20073	223	61	16
20074	223	61	16
20075	223	61	16
20076	284	77	21
20077	223	61	16
20078	223	61	16
20079	223	61	16
20080	223	61	16
20081	284	77	21
20082	223	61	16
20083	223	61	16
20084	225	61	16
20085	253	69	19
20086	225	61	16
20087	254	69	19
20088	225	61	16
20089	225	61	16
20090	225	61	16
20091	224	61	16
20092	254	69	19
20093	225	61	16
20094	235	65	17
20095	235	65	17
20096	233	64	17
20097	277	75	21
20098	235	65	17
20099	250	69	19
20100	278	75	21
20101	235	65	17
20102	235	65	17
20103	199	54	15
20104	235	65	17
20105	235	65	17
20106	235	65	17
20107	235	65	17
20108	236	65	17
20109	291	79	22
20110	252	69	19
20111	235	65	17
20112	233	64	17
20113	235	65	17
20114	233	64	17
20115	233	64	17
20116	235	65	17
20117	235	65	17
20118	235	65	17
20119	252	69	19
20120	235	65	17
20121	233	64	17
20122	235	65	17
20123	235	65	17
20124	233	64	17
20125	220	60	16
20126	233	64	17
20127	219	60	16
20128	233	64	17
20129	235	65	17
20130	235	65	17
20131	233	64	17
20132	235	65	17
20133	233	64	17
20134	235	65	17
20135	233	64	17
20136	231	63	17
20137	255	70	19
20138	235	65	17
20139	235	65	17
20140	235	65	17
20141	235	65	17
20142	235	65	17
20143	205	56	15
20144	225	61	16
20145	235	65	17
20146	235	65	17
20147	235	65	17
20148	235	65	17
20149	235	65	17
20150	235	65	17
20151	225	61	16
20152	235	65	17
20153	235	65	17
20154	236	65	17
20155	236	65	17
20156	236	65	17
20157	236	65	17
20158	236	65	17
20159	235	65	17
20160	221	60	16
20161	221	60	16
20162	188	51	14
20163	222	60	16
20164	221	60	16
20165	221	60	16
20166	223	61	16
20167	221	60	16
20168	222	60	16
20169	221	60	16
20170	223	61	16
20171	225	61	16
20172	221	60	16
20173	219	60	16
20174	221	60	16
20175	219	60	16
20176	221	60	16
20177	219	60	16
20178	222	60	16
20179	221	60	16
20180	221	60	16
20181	222	60	16
20182	219	60	16
20183	220	60	16
20184	222	60	16
20185	221	60	16
20186	221	60	16
20187	223	61	16
20188	223	61	16
20189	222	60	16
20190	223	61	16
20191	219	60	16
20192	237	65	17
20193	222	60	16
20194	223	61	16
20195	223	61	16
20196	223	61	16
20197	222	60	16
20198	222	60	16
20199	222	60	16
20200	222	60	16
20201	223	61	16
20202	227	62	17
20203	222	60	16
20204	223	61	16
20205	222	60	16
20206	222	60	16
20207	219	60	16
20208	221	60	16
20209	222	60	16
20210	223	61	16
20211	223	61	16
20212	252	69	19
20213	222	60	16
20214	252	69	19
20215	222	60	16
20216	222	60	16
20217	222	60	16
20218	224	61	16
20219	222	60	16
20220	222	60	16
20221	221	60	16
20222	222	60	16
20223	250	69	19
20224	221	60	16
20225	222	60	16
20226	222	60	16
20227	252	69	19
20228	220	60	16
20229	222	60	16
20230	222	60	16
20231	252	69	19
20232	219	60	16
20233	222	60	16
20234	222	60	16
20235	222	60	16
20236	222	60	16
20237	251	69	19
20238	222	60	16
20239	222	60	16
20240	252	69	19
20241	222	60	16
20242	219	60	16
20243	220	60	16
20244	225	61	16
20245	223	61	16
20246	219	60	16
20247	220	60	16
20248	220	60	16
20249	233	64	17
20250	220	60	16
20251	220	60	16
20252	252	69	19
20253	220	60	16
20254	220	60	16
20255	220	60	16
20256	220	60	16
20257	220	60	16
20258	223	61	16
20259	220	60	16
20260	220	60	16
20261	220	60	16
20262	225	61	16
20263	224	61	16
20264	219	60	16
20265	250	69	19
20266	225	61	16
20267	250	69	19
20268	225	61	16
20269	223	61	16
20270	28	7	2
20271	222	60	16
20272	225	61	16
20273	250	69	19
20274	223	61	16
20275	260	71	19
20276	259	71	19
20277	225	61	16
20278	219	60	16
20279	220	60	16
20280	223	61	16
20281	219	60	16
20282	250	69	19
20283	224	61	16
20284	219	60	16
20285	222	60	16
20286	220	60	16
20287	252	69	19
20288	222	60	16
20289	225	61	16
20290	222	60	16
20291	222	60	16
20292	219	60	16
20293	250	69	19
20294	221	60	16
20295	254	69	19
20296	222	60	16
20297	223	61	16
20298	222	60	16
20299	259	71	19
20300	223	61	16
20301	222	60	16
20302	223	61	16
20303	219	60	16
20304	250	69	19
20305	253	69	19
20306	221	60	16
20307	221	60	16
20308	223	61	16
20309	252	69	19
20310	253	69	19
20311	252	69	19
20312	225	61	16
20313	221	60	16
20314	221	60	16
20315	222	60	16
20316	222	60	16
20317	220	60	16
20318	220	60	16
20319	222	60	16
20320	221	60	16
20321	221	60	16
20322	221	60	16
20323	221	60	16
20324	224	61	16
20325	225	61	16
20326	222	60	16
20327	221	60	16
20328	221	60	16
20329	225	61	16
20330	221	60	16
20331	220	60	16
20332	223	61	16
20333	221	60	16
20334	221	60	16
20335	221	60	16
20336	222	60	16
20337	221	60	16
20338	221	60	16
20339	221	60	16
20340	252	69	19
20341	250	69	19
20342	221	60	16
20343	225	61	16
20344	220	60	16
20345	221	60	16
20346	220	60	16
20347	260	71	19
20348	220	60	16
20349	254	69	19
20350	238	65	17
20351	221	60	16
20352	219	60	16
20353	219	60	16
20354	220	60	16
20355	220	60	16
20356	220	60	16
20357	221	60	16
20358	220	60	16
20359	225	61	16
20360	225	61	16
20361	221	60	16
20362	223	61	16
20363	157	43	12
20364	254	69	19
20365	221	60	16
20366	250	69	19
20367	157	43	12
20368	221	60	16
20369	251	69	19
20370	251	69	19
20371	251	69	19
20372	251	69	19
20373	251	69	19
20374	251	69	19
20375	251	69	19
20376	251	69	19
20377	251	69	19
20378	251	69	19
20379	227	62	17
20380	251	69	19
20381	251	69	19
20382	251	69	19
20383	251	69	19
20384	251	69	19
20385	251	69	19
20386	251	69	19
20387	251	69	19
20388	251	69	19
20389	251	69	19
20390	251	69	19
20391	251	69	19
20392	251	69	19
20393	227	62	17
20394	251	69	19
20395	251	69	19
20396	251	69	19
20397	237	65	17
20398	237	65	17
20399	237	65	17
20400	237	65	17
20401	237	65	17
20402	222	60	16
20403	237	65	17
20404	237	65	17
20405	237	65	17
20406	237	65	17
20407	237	65	17
20408	237	65	17
20409	237	65	17
20410	237	65	17
20411	237	65	17
20412	237	65	17
20413	237	65	17
20414	237	65	17
20415	237	65	17
20416	237	65	17
20417	237	65	17
20418	237	65	17
20419	237	65	17
20420	237	65	17
20421	237	65	17
20422	237	65	17
20423	223	61	16
20424	227	62	17
20425	227	62	17
20426	223	61	16
20427	223	61	16
20428	237	65	17
20429	223	61	16
20430	237	65	17
20431	234	64	17
20432	225	61	16
20433	220	60	16
20434	234	64	17
20435	254	69	19
20436	252	69	19
20437	227	62	17
20438	254	69	19
20439	234	64	17
20440	234	64	17
20441	252	69	19
20442	254	69	19
20443	254	69	19
20444	254	69	19
20445	234	64	17
20446	234	64	17
20447	254	69	19
20448	225	61	16
20449	253	69	19
20450	225	61	16
20451	234	64	17
20452	254	69	19
20453	234	64	17
20454	234	64	17
20455	234	64	17
20456	254	69	19
20457	234	64	17
20458	234	64	17
20459	251	69	19
20460	234	64	17
20461	234	64	17
20462	234	64	17
20463	234	64	17
20464	234	64	17
20465	234	64	17
20466	252	69	19
20467	234	64	17
20468	223	61	16
20469	233	64	17
20470	234	64	17
20471	234	64	17
20472	222	60	16
20473	234	64	17
20474	254	69	19
20475	254	69	19
20476	234	64	17
20477	234	64	17
20478	234	64	17
20479	225	61	16
20480	224	61	16
20481	234	64	17
20482	254	69	19
20483	254	69	19
20484	234	64	17
20485	234	64	17
20486	234	64	17
20487	234	64	17
20488	234	64	17
20489	234	64	17
20490	225	61	16
20491	234	64	17
20492	234	64	17
20493	234	64	17
20494	234	64	17
20495	234	64	17
20496	234	64	17
20497	234	64	17
20498	234	64	17
20499	241	66	18
20500	234	64	17
20501	252	69	19
20502	234	64	17
20503	234	64	17
20504	234	64	17
20505	234	64	17
20506	234	64	17
20507	252	69	19
20508	234	64	17
20509	252	69	19
20510	234	64	17
20511	225	61	16
20512	250	69	19
20513	234	64	17
20514	217	59	16
20515	254	69	19
20516	254	69	19
20517	234	64	17
20518	219	60	16
20519	225	61	16
20520	254	69	19
20521	233	64	17
20522	235	65	17
20523	235	65	17
20524	225	61	16
20525	223	61	16
20526	235	65	17
20527	225	61	16
20528	235	65	17
20529	221	60	16
20530	235	65	17
20531	235	65	17
20532	225	61	16
20533	225	61	16
20534	225	61	16
20535	235	65	17
20536	233	64	17
20537	237	65	17
20538	233	64	17
20539	233	64	17
20540	231	63	17
20541	235	65	17
20542	227	62	17
20543	225	61	16
20544	233	64	17
20545	234	64	17
20546	252	69	19
20547	219	60	16
20548	233	64	17
20549	226	62	17
20550	237	65	17
20551	222	60	16
20552	226	62	17
20553	234	64	17
20554	252	69	19
20555	226	62	17
20556	221	60	16
20557	226	62	17
20558	221	60	16
20559	221	60	16
20560	221	60	16
20561	17	3	1
20562	221	60	16
20563	222	60	16
20564	222	60	16
20565	222	60	16
20566	253	69	19
20567	222	60	16
20568	222	60	16
20569	222	60	16
20570	226	62	17
20571	225	61	16
20572	199	54	15
20573	222	60	16
20574	221	60	16
20575	222	60	16
20576	222	60	16
20577	226	62	17
20578	221	60	16
20579	222	60	16
20580	19	4	2
20581	221	60	16
20582	299	81	22
20583	222	60	16
20584	234	64	17
20585	220	60	16
20586	221	60	16
20587	260	71	19
20588	260	71	19
20589	217	59	16
20590	260	71	19
20591	260	71	19
20592	260	71	19
20593	260	71	19
20594	260	71	19
20595	220	60	16
20596	260	71	19
20597	260	71	19
20598	223	61	16
20599	260	71	19
20600	260	71	19
20601	260	71	19
20602	220	60	16
20603	260	71	19
20604	220	60	16
20605	220	60	16
20606	291	79	22
20607	220	60	16
20608	220	60	16
20609	259	71	19
20610	220	60	16
20611	224	61	16
20612	220	60	16
20613	253	69	19
20614	220	60	16
20615	219	60	16
20616	220	60	16
20617	219	60	16
20618	259	71	19
20619	219	60	16
20620	219	60	16
20621	219	60	16
20622	260	71	19
20623	260	71	19
20624	260	71	19
20625	260	71	19
20626	220	60	16
20627	219	60	16
20628	220	60	16
20629	253	69	19
20630	219	60	16
20631	220	60	16
20632	220	60	16
20633	221	60	16
20634	260	71	19
20635	221	60	16
20636	221	60	16
20637	221	60	16
20638	220	60	16
20639	225	61	16
20640	260	71	19
20641	253	69	19
20642	256	70	19
20643	222	60	16
20644	222	60	16
20645	250	69	19
20646	238	65	17
20647	239	65	17
20648	222	60	16
20649	223	61	16
20650	260	71	19
20651	217	59	16
20652	260	71	19
20653	222	60	16
20654	247	68	18
20655	260	71	19
20656	222	60	16
20657	220	60	16
20658	253	69	19
20659	222	60	16
20660	253	69	19
20661	225	61	16
20662	253	69	19
20663	225	61	16
20664	253	69	19
20665	253	69	19
20666	260	71	19
20667	224	61	16
20668	253	69	19
20669	221	60	16
20670	260	71	19
20671	260	71	19
20672	220	60	16
20673	237	65	17
20674	253	69	19
20675	225	61	16
20676	219	60	16
20677	253	69	19
20678	225	61	16
20679	220	60	16
20680	260	71	19
20681	220	60	16
20682	220	60	16
20683	250	69	19
20684	250	69	19
20685	254	69	19
20686	252	69	19
20687	237	65	17
20688	250	69	19
20689	252	69	19
20690	225	61	16
20691	250	69	19
20692	254	69	19
20693	220	60	16
20694	250	69	19
20695	250	69	19
20696	250	69	19
20697	221	60	16
20698	218	59	16
20699	260	71	19
20700	218	59	16
20701	260	71	19
20702	220	60	16
20703	253	69	19
20704	238	65	17
20705	225	61	16
20706	238	65	17
20707	252	69	19
20708	222	60	16
20709	223	61	16
20710	278	75	21
20711	239	65	17
20712	251	69	19
20713	252	69	19
20714	238	65	17
20715	277	75	21
20716	238	65	17
20717	252	69	19
20718	251	69	19
20719	252	69	19
20720	239	65	17
20721	223	61	16
20722	238	65	17
20723	217	59	16
20724	221	60	16
20725	223	61	16
20726	225	61	16
20727	238	65	17
20728	223	61	16
20729	222	60	16
20730	217	59	16
20731	217	59	16
20732	227	62	17
20733	222	60	16
20734	252	69	19
20735	227	62	17
20736	254	69	19
20737	254	69	19
20738	254	69	19
20739	227	62	17
20740	222	60	16
20741	252	69	19
20742	254	69	19
20743	254	69	19
20744	222	60	16
20745	254	69	19
20746	254	69	19
20747	254	69	19
20748	259	71	19
20749	254	69	19
20750	222	60	16
20751	222	60	16
20752	252	69	19
20753	259	71	19
20754	254	69	19
20755	217	59	16
20756	259	71	19
20757	252	69	19
20758	223	61	16
20759	259	71	19
20760	253	69	19
20761	237	65	17
20762	253	69	19
20763	238	65	17
20764	224	61	16
20765	254	69	19
20766	254	69	19
20767	237	65	17
20768	253	69	19
20769	259	71	19
20770	252	69	19
20771	250	69	19
20772	224	61	16
20773	252	69	19
20774	288	78	22
20775	254	69	19
20776	252	69	19
20777	254	69	19
20778	241	66	18
20779	250	69	19
20780	224	61	16
20781	254	69	19
20782	222	60	16
20783	254	69	19
20784	254	69	19
20785	221	60	16
20786	254	69	19
20787	234	64	17
20788	252	69	19
20789	252	69	19
20790	220	60	16
20791	221	60	16
20792	252	69	19
20793	221	60	16
20794	254	69	19
20795	253	69	19
20796	254	69	19
20797	250	69	19
20798	260	71	19
20799	251	69	19
20800	251	69	19
20801	254	69	19
20802	260	71	19
20803	258	71	19
20804	220	60	16
20805	260	71	19
20806	258	71	19
20807	260	71	19
20808	238	65	17
20809	258	71	19
20810	250	69	19
20811	251	69	19
20812	250	69	19
20813	250	69	19
20814	243	66	18
20815	251	69	19
20816	251	69	19
20817	254	69	19
20818	258	71	19
20819	238	65	17
20820	225	61	16
20821	225	61	16
20822	259	71	19
20823	260	71	19
20824	224	61	16
20825	222	60	16
20826	260	71	19
20827	251	69	19
20828	223	61	16
20829	227	62	17
20830	225	61	16
20831	225	61	16
20832	252	69	19
20833	225	61	16
20834	233	64	17
20835	252	69	19
20836	260	71	19
20837	252	69	19
20838	252	69	19
20839	227	62	17
20840	259	71	19
20841	237	65	17
20842	224	61	16
20843	248	68	18
20844	259	71	19
20845	260	71	19
20846	223	61	16
20847	260	71	19
20848	250	69	19
20849	239	65	17
20850	218	59	16
20851	217	59	16
20852	217	59	16
20853	218	59	16
20854	250	69	19
20855	253	69	19
20856	218	59	16
20857	239	65	17
20858	260	71	19
20859	227	62	17
20860	248	68	18
20861	239	65	17
20862	224	61	16
20863	248	68	18
20864	248	68	18
20865	225	61	16
20866	248	68	18
20867	252	69	19
20868	238	65	17
20869	258	71	19
20870	218	59	16
20871	259	71	19
20872	218	59	16
20873	223	61	16
20874	250	69	19
20875	250	69	19
20876	259	71	19
20877	225	61	16
20878	259	71	19
20879	239	65	17
20880	259	71	19
20881	224	61	16
20882	218	59	16
20883	218	59	16
20884	260	71	19
20885	220	60	16
20886	252	69	19
20887	248	68	18
20888	217	59	16
20889	253	69	19
20890	221	60	16
20891	260	71	19
20892	218	59	16
20893	224	61	16
20894	217	59	16
20895	260	71	19
20896	260	71	19
20897	247	68	18
20898	217	59	16
20899	220	60	16
20900	258	71	19
20901	221	60	16
20902	253	69	19
20903	251	69	19
20904	221	60	16
20905	221	60	16
20906	221	60	16
20907	221	60	16
20908	222	60	16
20909	260	71	19
20910	250	69	19
20911	124	34	9
20912	284	77	21
20913	82	22	6
20914	34	8	3
20915	197	54	15
20916	235	65	17
20917	150	42	11
20918	19	4	2
20919	238	65	17
20920	197	54	15
20921	278	75	21
20922	270	74	20
20923	235	65	17
20924	278	75	21
20925	284	77	21
20926	230	63	17
20927	234	64	17
20928	274	75	21
20929	264	72	20
20930	264	72	20
20931	144	40	11
20932	277	75	21
20933	232	64	17
20934	230	63	17
20935	197	54	15
20936	34	8	3
20937	5	1	1
20938	270	74	20
20939	234	64	17
20940	271	74	20
20941	120	33	9
20942	232	64	17
20943	223	61	16
20944	227	62	17
20945	49	12	4
20946	205	56	15
20947	124	34	9
20948	48	12	4
20949	35	8	3
20950	17	3	1
20951	251	69	19
20952	282	76	21
20953	232	64	17
20954	124	34	9
20955	86	23	7
20956	82	22	6
20957	192	53	14
20958	77	20	6
20959	192	53	14
20960	266	73	20
20961	37	9	3
20962	233	64	17
20963	298	81	22
20964	238	65	17
20965	277	75	21
20966	154	42	11
20967	263	72	20
20968	41	11	3
20969	197	54	15
20970	298	81	22
20971	78	21	6
20972	276	75	21
20973	225	61	16
20974	84	22	6
20975	123	34	9
20976	269	74	20
20977	124	34	9
20978	269	74	20
20979	100	27	8
20980	267	73	20
20981	267	73	20
20982	268	73	20
20983	268	73	20
20984	267	73	20
20985	125	35	9
20986	268	73	20
20987	101	28	8
20988	298	81	22
20989	207	56	15
20990	41	11	3
20991	214	58	15
20992	135	38	10
20993	275	75	21
20994	24	6	2
20995	17	3	1
20996	31	8	3
20997	265	73	20
20998	41	11	3
20999	200	55	15
21000	41	11	3
21001	214	58	15
21002	41	11	3
21003	275	75	21
21004	38	9	3
21005	41	11	3
21006	94	25	7
21007	17	3	1
21008	82	22	6
21009	223	61	16
21010	299	81	22
21011	21	5	2
21012	82	22	6
21013	231	63	17
21014	230	63	17
21015	276	75	21
21016	120	33	9
21017	41	11	3
21018	20	4	2
21019	122	34	9
21020	227	62	17
21021	84	22	6
21022	203	55	15
21023	23	5	2
21024	21	5	2
21025	232	64	17
21026	231	63	17
21027	273	75	21
21028	123	34	9
21029	114	31	8
21030	268	73	20
21031	284	77	21
21032	99	27	8
21033	28	7	2
21034	30	7	2
21035	238	65	17
21036	210	57	15
21037	136	38	10
21038	28	7	2
21039	211	57	15
21040	276	75	21
21041	284	77	21
21042	77	20	6
21043	201	55	15
21044	152	42	11
21045	270	74	20
21046	272	74	20
21047	153	42	11
21048	246	67	18
21049	170	46	12
21050	272	74	20
21051	139	38	10
21052	235	65	17
21053	271	74	20
21054	141	39	11
21055	170	46	12
21056	124	34	9
21057	272	74	20
21058	194	53	14
21059	81	22	6
21060	271	74	20
21061	16	3	1
21062	13	3	1
21063	271	74	20
21064	81	22	6
21065	264	72	20
21066	129	36	9
21067	98	26	7
21068	271	74	20
21069	81	22	6
21070	191	52	14
21071	281	76	21
21072	238	65	17
21073	282	76	21
21074	239	65	17
21075	282	76	21
21076	282	76	21
21077	282	76	21
21078	282	76	21
21079	279	76	21
21080	151	42	11
21081	223	61	16
21082	167	46	12
21083	283	77	21
21084	282	76	21
21085	168	46	12
21086	167	46	12
21087	281	76	21
21088	238	65	17
21089	241	66	18
21090	260	71	19
21091	230	63	17
21092	272	74	20
21093	194	53	14
21094	276	75	21
21095	19	4	2
21096	84	22	6
21097	132	36	9
21098	230	63	17
21099	139	38	10
21100	284	77	21
21101	201	55	15
21102	37	9	3
21103	119	33	9
21104	121	34	9
21105	277	75	21
21106	113	31	8
21107	284	77	21
21108	78	21	6
21109	284	77	21
21110	127	35	9
21111	127	35	9
21112	28	7	2
21113	207	56	15
21114	265	73	20
21115	268	73	20
21116	265	73	20
21117	270	74	20
21118	268	73	20
21119	299	81	22
21120	265	73	20
21121	228	63	17
21122	268	73	20
21123	73	19	6
21124	278	75	21
21125	278	75	21
21126	277	75	21
21127	275	75	21
21128	26	6	2
21129	296	80	22
21130	268	73	20
21131	278	75	21
21132	235	65	17
21133	278	75	21
21134	223	61	16
21135	273	75	21
21136	205	56	15
21137	278	75	21
21138	278	75	21
21139	197	54	15
21140	273	75	21
21141	235	65	17
21142	278	75	21
21143	278	75	21
21144	197	54	15
21145	271	74	20
21146	228	63	17
21147	235	65	17
21148	278	75	21
21149	114	31	8
21150	88	23	7
21151	125	35	9
21152	263	72	20
21153	234	64	17
21154	262	72	20
21155	125	35	9
21156	207	56	15
21157	77	20	6
21158	120	33	9
21159	129	36	9
21160	98	26	7
21161	94	25	7
21162	208	57	15
21163	72	19	6
21164	285	77	21
21165	97	26	7
21166	104	29	8
21167	241	66	18
21168	206	56	15
21169	72	19	6
21170	209	57	15
21171	281	76	21
21172	262	72	20
21173	216	58	15
21174	94	25	7
21175	243	66	18
21176	17	3	1
21177	17	3	1
21178	282	76	21
21179	276	75	21
21180	210	57	15
21181	211	57	15
21182	27	7	2
21183	24	6	2
21184	89	24	7
21185	141	39	11
21186	276	75	21
21187	17	3	1
21188	100	27	8
21189	288	78	22
21190	205	56	15
21191	262	72	20
21192	262	72	20
21193	262	72	20
21194	276	75	21
21195	41	11	3
21196	203	55	15
21197	72	19	6
21198	98	26	7
21199	26	6	2
21200	24	6	2
21201	222	60	16
21202	124	34	9
21203	262	72	20
21204	56	14	4
21205	184	50	14
21206	172	47	13
21207	172	47	13
21208	170	46	12
21209	172	47	13
21210	166	45	12
21211	172	47	13
21212	173	47	13
21213	174	47	13
21214	185	51	14
21215	157	43	12
21216	157	43	12
21217	165	45	12
21218	177	48	13
21219	170	46	12
21220	170	46	12
21221	153	42	11
21222	179	49	13
21223	153	42	11
21224	289	78	22
21225	180	49	13
21226	279	76	21
21227	164	45	12
21228	157	43	12
21229	56	14	4
21230	158	43	12
21231	172	47	13
21232	161	44	12
21233	170	46	12
21234	184	50	14
21235	170	46	12
21236	179	49	13
21237	170	46	12
21238	162	44	12
21239	170	46	12
21240	170	46	12
21241	296	80	22
21242	170	46	12
21243	271	74	20
21244	173	47	13
21245	170	46	12
21246	170	46	12
21247	183	50	14
21248	184	50	14
21249	156	43	12
21250	111	30	8
21251	175	47	13
21252	162	44	12
21253	156	43	12
21254	159	44	12
21255	279	76	21
21256	170	46	12
21257	164	45	12
21258	169	46	12
21259	170	46	12
21260	177	48	13
21261	151	42	11
21262	170	46	12
21263	170	46	12
21264	170	46	12
21265	166	45	12
21266	170	46	12
21267	154	42	11
21268	170	46	12
21269	170	46	12
21270	170	46	12
21271	170	46	12
21272	170	46	12
21273	170	46	12
21274	169	46	12
21275	170	46	12
21276	163	45	12
21277	170	46	12
21278	170	46	12
21279	170	46	12
21280	183	50	14
21281	170	46	12
21282	156	43	12
21283	169	46	12
21284	154	42	11
21285	145	40	11
21286	185	51	14
21287	148	41	11
21288	140	39	11
21289	169	46	12
21290	52	13	4
21291	153	42	11
21292	170	46	12
21293	189	52	14
21294	148	41	11
21295	52	13	4
21296	184	50	14
21297	154	42	11
21298	178	48	13
21299	184	50	14
21300	170	46	12
21301	148	41	11
21302	153	42	11
21303	173	47	13
21304	170	46	12
21305	153	42	11
21306	174	47	13
21307	183	50	14
21308	140	39	11
21309	174	47	13
21310	171	47	13
21311	174	47	13
21312	174	47	13
21313	185	51	14
21314	187	51	14
21315	175	47	13
21316	157	43	12
21317	185	51	14
21318	173	47	13
21319	185	51	14
21320	157	43	12
21321	259	71	19
21322	157	43	12
21323	153	42	11
21324	172	47	13
21325	177	48	13
21326	170	46	12
21327	170	46	12
21328	153	42	11
21329	169	46	12
21330	172	47	13
21331	172	47	13
21332	172	47	13
21333	170	46	12
21334	171	47	13
21335	172	47	13
21336	182	50	14
21337	172	47	13
21338	172	47	13
21339	169	46	12
21340	172	47	13
21341	182	50	14
21342	172	47	13
21343	172	47	13
21344	163	45	12
21345	24	6	2
21346	36	9	3
21347	210	57	15
21348	37	9	3
21349	266	73	20
21350	44	11	3
21351	40	10	3
21352	214	58	15
21353	276	75	21
21354	40	10	3
21355	37	9	3
21356	36	9	3
21357	28	7	2
21358	248	68	18
21359	210	57	15
21360	210	57	15
21361	28	7	2
21362	36	9	3
21363	24	6	2
21364	210	57	15
21365	210	57	15
21366	25	6	2
21367	24	6	2
21368	45	12	4
21369	193	53	14
21370	276	75	21
21371	186	51	14
21372	213	58	15
21373	157	43	12
21374	136	38	10
21375	186	51	14
21376	156	43	12
21377	164	45	12
21378	158	43	12
21379	157	43	12
21380	123	34	9
21381	160	44	12
21382	240	66	18
21383	161	44	12
21384	262	72	20
21385	185	51	14
21386	14	3	1
21387	172	47	13
21388	158	43	12
21389	176	47	13
21390	157	43	12
21391	45	12	4
21392	185	51	14
21393	186	51	14
21394	50	12	4
21395	184	50	14
21396	164	45	12
21397	61	16	5
21398	70	18	5
21399	61	16	5
21400	157	43	12
21401	61	16	5
21402	156	43	12
21403	61	16	5
21404	271	74	20
21405	275	75	21
21406	272	74	20
21407	225	61	16
21408	262	72	20
21409	271	74	20
21410	123	34	9
21411	296	80	22
21412	262	72	20
21413	262	72	20
21414	123	34	9
21415	120	33	9
21416	262	72	20
21417	205	56	15
21418	205	56	15
21419	127	35	9
21420	272	74	20
21421	14	3	1
21422	137	38	10
21423	94	25	7
21424	103	28	8
21425	110	30	8
21426	231	63	17
21427	5	1	1
21428	50	12	4
21429	56	14	4
21430	147	41	11
21431	98	26	7
21432	86	23	7
21433	95	26	7
21434	96	26	7
21435	133	37	10
21436	89	24	7
21437	272	74	20
21438	72	19	6
21439	170	46	12
21440	162	44	12
21441	159	44	12
21442	46	12	4
21443	132	36	9
21444	272	74	20
21445	177	48	13
21446	220	60	16
21447	286	77	21
21448	272	74	20
21449	272	74	20
21450	159	44	12
21451	254	69	19
21452	94	25	7
21453	178	48	13
21454	156	43	12
21455	133	37	10
21456	133	37	10
21457	55	14	4
21458	155	43	12
21459	182	50	14
21460	275	75	21
21461	275	75	21
21462	157	43	12
21463	167	46	12
21464	157	43	12
21465	286	77	21
21466	45	12	4
21467	258	71	19
21468	157	43	12
21469	45	12	4
21470	64	16	5
21471	153	42	11
21472	276	75	21
21473	55	14	4
21474	51	13	4
21475	262	72	20
21476	72	19	6
21477	162	44	12
21478	272	74	20
21479	62	16	5
21480	271	74	20
21481	286	77	21
21482	286	77	21
21483	55	14	4
21484	176	47	13
21485	175	47	13
21486	177	48	13
21487	182	50	14
21488	281	76	21
21489	49	12	4
21490	149	41	11
21491	272	74	20
21492	292	79	22
21493	160	44	12
21494	157	43	12
21495	72	19	6
21496	109	30	8
21497	88	23	7
21498	17	3	1
21499	72	19	6
21500	112	31	8
21501	50	12	4
21502	82	22	6
21503	272	74	20
21504	112	31	8
21505	87	23	7
21506	271	74	20
21507	271	74	20
21508	120	33	9
21509	12	2	1
21510	272	74	20
21511	101	28	8
21512	271	74	20
21513	281	76	21
21514	283	77	21
21515	217	59	16
21516	161	44	12
21517	216	58	15
21518	38	9	3
21519	217	59	16
21520	88	23	7
21521	232	64	17
21522	157	43	12
21523	214	58	15
21524	161	44	12
21525	21	5	2
21526	214	58	15
21527	217	59	16
21528	19	4	2
21529	281	76	21
21530	58	15	5
21531	238	65	17
21532	61	16	5
21533	256	70	19
21534	271	74	20
21535	272	74	20
21536	276	75	21
21537	66	17	5
21538	45	12	4
21539	229	63	17
21540	54	14	4
21541	161	44	12
21542	158	43	12
21543	61	16	5
21544	149	41	11
21545	157	43	12
21546	272	74	20
21547	99	27	8
21548	83	22	6
21549	271	74	20
21550	271	74	20
21551	125	35	9
21552	272	74	20
21553	115	31	8
21554	272	74	20
21555	272	74	20
21556	120	33	9
21557	223	61	16
21558	73	19	6
21559	52	13	4
21560	161	44	12
21561	162	44	12
21562	155	43	12
21563	262	72	20
21564	183	50	14
21565	162	44	12
21566	271	74	20
21567	272	74	20
21568	161	44	12
21569	215	58	15
21570	162	44	12
21571	271	74	20
21572	214	58	15
21573	286	77	21
21574	24	6	2
21575	271	74	20
21576	167	46	12
21577	167	46	12
21578	167	46	12
21579	162	44	12
21580	296	80	22
21581	158	43	12
21582	214	58	15
21583	84	22	6
21584	260	71	19
21585	158	43	12
21586	157	43	12
21587	158	43	12
21588	279	76	21
21589	55	14	4
21590	262	72	20
21591	122	34	9
21592	72	19	6
21593	158	43	12
21594	157	43	12
21595	61	16	5
21596	187	51	14
21597	172	47	13
21598	62	16	5
21599	185	51	14
21600	290	78	22
21601	157	43	12
21602	262	72	20
21603	262	72	20
21604	183	50	14
21605	55	14	4
21606	64	16	5
21607	168	46	12
21608	262	72	20
21609	16	3	1
21610	161	44	12
21611	160	44	12
21612	156	43	12
21613	77	20	6
21614	186	51	14
21615	272	74	20
21616	61	16	5
21617	101	28	8
21618	2	1	1
21619	37	9	3
21620	282	76	21
21621	28	7	2
21622	210	57	15
21623	197	54	15
21624	24	6	2
21625	24	6	2
21626	2	1	1
21627	37	9	3
21628	210	57	15
21629	177	48	13
21630	62	16	5
21631	262	72	20
21632	24	6	2
21633	153	42	11
21634	161	44	12
21635	177	48	13
21636	262	72	20
21637	56	14	4
21638	287	77	21
21639	64	16	5
21640	177	48	13
21641	162	44	12
21642	195	53	14
21643	56	14	4
21644	55	14	4
21645	259	71	19
21646	45	12	4
21647	239	65	17
21648	276	75	21
21649	262	72	20
21650	262	72	20
21651	16	3	1
21652	272	74	20
21653	100	27	8
21654	72	19	6
21655	262	72	20
21656	135	38	10
21657	94	25	7
21658	16	3	1
21659	134	37	10
21660	262	72	20
21661	177	48	13
21662	121	34	9
21663	262	72	20
21664	45	12	4
21665	43	11	3
21666	262	72	20
21667	236	65	17
21668	135	38	10
21669	299	81	22
21670	72	19	6
21671	77	20	6
21672	293	79	22
21673	262	72	20
21674	81	22	6
21675	231	63	17
21676	259	71	19
21677	128	35	9
21678	72	19	6
21679	47	12	4
21680	55	14	4
21681	262	72	20
21682	155	43	12
21683	246	67	18
21684	45	12	4
21685	262	72	20
21686	121	34	9
21687	220	60	16
21688	81	22	6
21689	218	59	16
21690	45	12	4
21691	159	44	12
21692	243	66	18
21693	45	12	4
21694	84	22	6
21695	72	19	6
21696	77	20	6
21697	144	40	11
21698	94	25	7
21699	135	38	10
21700	144	40	11
21701	98	26	7
21702	103	28	8
21703	84	22	6
21704	108	30	8
21705	78	21	6
21706	115	31	8
21707	61	16	5
21708	299	81	22
21709	227	62	17
21710	72	19	6
21711	297	81	22
21712	55	14	4
21713	55	14	4
21714	23	5	2
21715	260	71	19
21716	133	37	10
21717	116	32	9
21718	47	12	4
21719	55	14	4
21720	236	65	17
21721	133	37	10
21722	84	22	6
21723	259	71	19
21724	214	58	15
21725	214	58	15
21726	156	43	12
21727	72	19	6
21728	262	72	20
21729	62	16	5
21730	186	51	14
21731	85	23	7
21732	210	57	15
21733	72	19	6
21734	24	6	2
21735	133	37	10
21736	199	54	15
21737	210	57	15
21738	210	57	15
21739	227	62	17
21740	267	73	20
21741	210	57	15
21742	144	40	11
21743	210	57	15
21744	36	9	3
21745	207	56	15
21746	210	57	15
21747	6	1	1
21748	267	73	20
21749	24	6	2
21750	210	57	15
21751	98	26	7
21752	97	26	7
21753	48	12	4
21754	48	12	4
21755	107	29	8
21756	158	43	12
21757	64	16	5
21758	56	14	4
21759	299	81	22
21760	92	25	7
21761	157	43	12
21762	64	16	5
21763	139	38	10
21764	272	74	20
21765	210	57	15
21766	120	33	9
21767	159	44	12
21768	272	74	20
21769	162	44	12
21770	272	74	20
21771	272	74	20
21772	94	25	7
21773	64	16	5
21774	182	50	14
21775	272	74	20
21776	153	42	11
21777	46	12	4
21778	184	50	14
21779	56	14	4
21780	81	22	6
21781	52	13	4
21782	92	25	7
21783	56	14	4
21784	58	15	5
21785	46	12	4
21786	276	75	21
21787	65	17	5
21788	56	14	4
21789	56	14	4
21790	55	14	4
21791	158	43	12
21792	156	43	12
21793	156	43	12
21794	55	14	4
21795	240	66	18
21796	55	14	4
21797	157	43	12
21798	55	14	4
21799	54	14	4
21800	296	80	22
21801	162	44	12
21802	180	49	13
21803	167	46	12
21804	162	44	12
21805	60	15	5
21806	262	72	20
21807	155	43	12
21808	214	58	15
21809	45	12	4
21810	177	48	13
21811	268	73	20
21812	243	66	18
21813	49	12	4
21814	24	6	2
21815	103	28	8
21816	76	20	6
21817	24	6	2
21818	210	57	15
21819	133	37	10
21820	89	24	7
21821	24	6	2
21822	56	14	4
21823	211	57	15
21824	24	6	2
21825	24	6	2
21826	221	60	16
21827	264	72	20
21828	110	30	8
21829	256	70	19
21830	162	44	12
21831	104	29	8
21832	262	72	20
21833	167	46	12
21834	158	43	12
21835	170	46	12
21836	153	42	11
21837	55	14	4
21838	181	49	13
21839	158	43	12
21840	123	34	9
21841	91	24	7
21842	91	24	7
21843	81	22	6
21844	300	81	22
21845	276	75	21
21846	101	28	8
21847	280	76	21
21848	157	43	12
21849	157	43	12
21850	55	14	4
21851	157	43	12
21852	262	72	20
21853	157	43	12
21854	72	19	6
21855	172	47	13
21856	299	81	22
21857	56	14	4
21858	55	14	4
21859	157	43	12
21860	157	43	12
21861	157	43	12
21862	259	71	19
21863	157	43	12
21864	48	12	4
21865	61	16	5
21866	55	14	4
21867	90	24	7
21868	32	8	3
21869	21	5	2
21870	289	78	22
21871	139	38	10
21872	29	7	2
21873	21	5	2
21874	205	56	15
21875	29	7	2
21876	16	3	1
21877	29	7	2
21878	29	7	2
21879	29	7	2
21880	42	11	3
21881	29	7	2
21882	83	22	6
21883	29	7	2
21884	96	26	7
21885	74	19	6
21886	83	22	6
21887	29	7	2
21888	29	7	2
21889	82	22	6
21890	29	7	2
21891	240	66	18
21892	31	8	3
21893	290	78	22
21894	41	11	3
21895	127	35	9
21896	100	27	8
21897	29	7	2
21898	29	7	2
21899	205	56	15
21900	269	74	20
21901	84	22	6
21902	269	74	20
21903	21	5	2
21904	120	33	9
21905	29	7	2
21906	84	22	6
21907	29	7	2
21908	82	22	6
21909	76	20	6
21910	282	76	21
21911	28	7	2
21912	29	7	2
21913	29	7	2
21914	86	23	7
21915	29	7	2
21916	41	11	3
21917	29	7	2
21918	32	8	3
21919	29	7	2
21920	29	7	2
21921	29	7	2
21922	32	8	3
21923	29	7	2
21924	23	5	2
21925	269	74	20
21926	29	7	2
21927	29	7	2
21928	29	7	2
21929	91	24	7
21930	269	74	20
21931	21	5	2
21932	29	7	2
21933	231	63	17
21934	30	7	2
21935	73	19	6
21936	29	7	2
21937	203	55	15
21938	269	74	20
21939	269	74	20
21940	84	22	6
21941	97	26	7
21942	95	26	7
21943	21	5	2
21944	269	74	20
21945	300	81	22
21946	29	7	2
21947	29	7	2
21948	29	7	2
21949	269	74	20
21950	200	55	15
21951	29	7	2
21952	29	7	2
21953	29	7	2
21954	29	7	2
21955	84	22	6
21956	29	7	2
21957	29	7	2
21958	30	7	2
21959	29	7	2
21960	22	5	2
21961	32	8	3
21962	84	22	6
21963	226	62	17
21964	21	5	2
21965	29	7	2
21966	33	8	3
21967	32	8	3
21968	84	22	6
21969	29	7	2
21970	22	5	2
21971	21	5	2
21972	29	7	2
21973	207	56	15
21974	21	5	2
21975	28	7	2
21976	29	7	2
21977	269	74	20
21978	30	7	2
21979	22	5	2
21980	21	5	2
21981	21	5	2
21982	18	4	2
21983	18	4	2
21984	18	4	2
21985	213	58	15
21986	126	35	9
21987	94	25	7
21988	17	3	1
21989	16	3	1
21990	16	3	1
21991	96	26	7
21992	96	26	7
21993	115	31	8
21994	94	25	7
21995	299	81	22
21996	139	38	10
21997	219	60	16
21998	282	76	21
21999	97	26	7
22000	27	7	2
22001	94	25	7
22002	100	27	8
22003	27	7	2
22004	94	25	7
22005	94	25	7
22006	94	25	7
22007	298	81	22
22008	94	25	7
22009	147	41	11
22010	75	20	6
22011	101	28	8
22012	207	56	15
22013	200	55	15
22014	100	27	8
22015	129	36	9
22016	227	62	17
22017	205	56	15
22018	135	38	10
22019	234	64	17
22020	200	55	15
22021	284	77	21
22022	100	27	8
22023	120	33	9
22024	115	31	8
22025	112	31	8
22026	103	28	8
22027	94	25	7
22028	219	60	16
22029	95	26	7
22030	94	25	7
22031	142	39	11
22032	112	31	8
22033	142	39	11
22034	75	20	6
22035	14	3	1
22036	27	7	2
22037	6	1	1
22038	112	31	8
22039	96	26	7
22040	94	25	7
22041	231	63	17
22042	135	38	10
22043	75	20	6
22044	135	38	10
22045	95	26	7
22046	94	25	7
22047	110	30	8
22048	72	19	6
22049	94	25	7
22050	94	25	7
22051	211	57	15
22052	29	7	2
22053	222	60	16
22054	75	20	6
22055	135	38	10
22056	40	10	3
22057	27	7	2
22058	222	60	16
22059	135	38	10
22060	17	3	1
22061	147	41	11
22062	94	25	7
22063	135	38	10
22064	194	53	14
22065	33	8	3
22066	128	35	9
22067	33	8	3
22068	126	35	9
22069	27	7	2
22070	14	3	1
22071	93	25	7
22072	27	7	2
22073	27	7	2
22074	120	33	9
22075	200	55	15
22076	21	5	2
22077	201	55	15
22078	33	8	3
22079	27	7	2
22080	31	8	3
22081	33	8	3
22082	135	38	10
22083	20	4	2
22084	94	25	7
22085	94	25	7
22086	120	33	9
22087	222	60	16
22088	84	22	6
22089	103	28	8
22090	27	7	2
22091	94	25	7
22092	22	5	2
22093	85	23	7
22094	122	34	9
22095	72	19	6
22096	72	19	6
22097	134	37	10
22098	72	19	6
22099	270	74	20
22100	94	25	7
22101	282	76	21
22102	17	3	1
22103	104	29	8
22104	29	7	2
22105	27	7	2
22106	135	38	10
22107	21	5	2
22108	28	7	2
22109	200	55	15
22110	131	36	9
22111	27	7	2
22112	78	21	6
22113	31	8	3
22114	73	19	6
22115	31	8	3
22116	27	7	2
22117	110	30	8
22118	31	8	3
22119	126	35	9
22120	31	8	3
22121	231	63	17
22122	227	62	17
22123	33	8	3
22124	147	41	11
22125	31	8	3
22126	33	8	3
22127	21	5	2
22128	33	8	3
22129	126	35	9
22130	33	8	3
22131	194	53	14
22132	234	64	17
22133	33	8	3
22134	33	8	3
22135	119	33	9
22136	27	7	2
22137	27	7	2
22138	27	7	2
22139	27	7	2
22140	23	5	2
22141	27	7	2
22142	27	7	2
22143	134	37	10
22144	27	7	2
22145	200	55	15
22146	227	62	17
22147	27	7	2
22148	27	7	2
22149	201	55	15
22150	16	3	1
22151	201	55	15
22152	201	55	15
22153	201	55	15
22154	201	55	15
22155	201	55	15
22156	27	7	2
22157	201	55	15
22158	201	55	15
22159	16	3	1
22160	27	7	2
22161	201	55	15
22162	206	56	15
22163	201	55	15
22164	234	64	17
22165	31	8	3
22166	27	7	2
22167	201	55	15
22168	120	33	9
22169	29	7	2
22170	212	57	15
22171	282	76	21
22172	118	32	9
22173	223	61	16
22174	32	8	3
22175	17	3	1
22176	105	29	8
22177	207	56	15
22178	69	18	5
22179	43	11	3
22180	34	8	3
22181	119	33	9
22182	31	8	3
22183	35	8	3
22184	31	8	3
22185	222	60	16
22186	113	31	8
22187	90	24	7
22188	220	60	16
22189	29	7	2
22190	233	64	17
22191	31	8	3
22192	200	55	15
22193	200	55	15
22194	17	3	1
22195	115	31	8
22196	205	56	15
22197	162	44	12
22198	200	55	15
22199	162	44	12
22200	200	55	15
22201	21	5	2
22202	94	25	7
22203	29	7	2
22204	31	8	3
22205	231	63	17
22206	94	25	7
22207	233	64	17
22208	222	60	16
22209	40	10	3
22210	204	56	15
22211	212	57	15
22212	33	8	3
22213	33	8	3
22214	234	64	17
22215	249	68	18
22216	205	56	15
22217	111	30	8
22218	217	59	16
22219	214	58	15
22220	34	8	3
22221	213	58	15
22222	28	7	2
22223	21	5	2
22224	227	62	17
22225	21	5	2
22226	22	5	2
22227	31	8	3
22228	232	64	17
22229	21	5	2
22230	21	5	2
22231	21	5	2
22232	21	5	2
22233	220	60	16
22234	148	41	11
22235	297	81	22
22236	22	5	2
22237	299	81	22
22238	21	5	2
22239	246	67	18
22240	21	5	2
22241	190	52	14
22242	220	60	16
22243	41	11	3
22244	211	57	15
22245	281	76	21
22246	11	2	1
22247	246	67	18
22248	249	68	18
22249	249	68	18
22250	249	68	18
22251	249	68	18
22252	167	46	12
22253	155	43	12
22254	249	68	18
22255	256	70	19
22256	159	44	12
22257	155	43	12
22258	249	68	18
22259	167	46	12
22260	247	68	18
22261	249	68	18
22262	155	43	12
22263	249	68	18
22264	154	42	11
22265	155	43	12
22266	245	67	18
22267	249	68	18
22268	249	68	18
22269	167	46	12
22270	249	68	18
22271	50	12	4
22272	248	68	18
22273	249	68	18
22274	249	68	18
22275	248	68	18
22276	155	43	12
22277	158	43	12
22278	248	68	18
22279	249	68	18
22280	164	45	12
22281	167	46	12
22282	167	46	12
22283	159	44	12
22284	162	44	12
22285	159	44	12
22286	159	44	12
22287	159	44	12
22288	178	48	13
22289	248	68	18
22290	159	44	12
22291	248	68	18
22292	159	44	12
22293	178	48	13
22294	159	44	12
22295	163	45	12
22296	248	68	18
22297	239	65	17
22299	247	68	18
22300	249	68	18
22301	248	68	18
22302	160	44	12
22303	248	68	18
22304	248	68	18
22305	248	68	18
22306	248	68	18
22307	248	68	18
22308	248	68	18
22309	248	68	18
22310	248	68	18
22311	248	68	18
22312	248	68	18
22313	248	68	18
22314	249	68	18
22315	248	68	18
22316	248	68	18
22317	155	43	12
22318	249	68	18
22319	248	68	18
22320	248	68	18
22321	248	68	18
22322	248	68	18
22323	249	68	18
22324	248	68	18
22325	248	68	18
22326	245	67	18
22327	280	76	21
22328	280	76	21
22329	280	76	21
22330	280	76	21
22331	280	76	21
22332	280	76	21
22333	280	76	21
22334	280	76	21
22335	280	76	21
22336	280	76	21
22337	280	76	21
22338	280	76	21
22339	249	68	18
22340	167	46	12
22341	249	68	18
22342	162	44	12
22343	169	46	12
22344	167	46	12
22345	167	46	12
22346	167	46	12
22347	248	68	18
22348	167	46	12
22349	162	44	12
22350	181	49	13
22351	162	44	12
22352	167	46	12
22354	163	45	12
22355	170	46	12
22356	240	66	18
22357	45	12	4
22358	45	12	4
22359	160	44	12
22360	159	44	12
22361	285	77	21
22362	246	67	18
22363	245	67	18
22364	258	71	19
22365	213	58	15
22366	246	67	18
22367	256	70	19
22368	246	67	18
22369	241	66	18
22370	244	66	18
22371	260	71	19
22372	258	71	19
22373	246	67	18
22374	246	67	18
22375	246	67	18
22376	247	68	18
22377	247	68	18
22378	280	76	21
22379	247	68	18
22380	247	68	18
22381	247	68	18
22382	247	68	18
22383	248	68	18
22384	247	68	18
22385	156	43	12
22386	247	68	18
22387	248	68	18
22388	248	68	18
22389	247	68	18
22390	247	68	18
22391	285	77	21
22392	244	66	18
22393	247	68	18
22394	247	68	18
22395	247	68	18
22396	280	76	21
22398	247	68	18
22400	258	71	19
22401	247	68	18
22402	244	66	18
22403	247	68	18
22404	243	66	18
22405	159	44	12
22406	159	44	12
22407	159	44	12
22408	270	74	20
22409	159	44	12
22410	159	44	12
22411	159	44	12
22412	162	44	12
22413	162	44	12
22414	240	66	18
22415	159	44	12
22416	176	47	13
22417	159	44	12
22418	159	44	12
22419	158	43	12
22420	242	66	18
22421	279	76	21
22422	46	12	4
22423	279	76	21
22424	279	76	21
22425	42	11	3
22426	159	44	12
22427	279	76	21
22428	240	66	18
22429	168	46	12
22430	181	49	13
22431	159	44	12
22432	159	44	12
22433	159	44	12
22434	160	44	12
22435	159	44	12
22436	159	44	12
22437	168	46	12
22438	181	49	13
22439	243	66	18
22440	159	44	12
22441	255	70	19
22442	159	44	12
22443	240	66	18
22444	181	49	13
22445	176	47	13
22446	282	76	21
22447	297	81	22
22448	159	44	12
22449	240	66	18
22450	168	46	12
22451	160	44	12
22452	159	44	12
22453	159	44	12
22454	179	49	13
22455	161	44	12
22456	209	57	15
22457	282	76	21
22458	299	81	22
22459	147	41	11
22460	169	46	12
22461	155	43	12
22462	299	81	22
22463	162	44	12
22464	167	46	12
22465	280	76	21
22466	247	68	18
22467	151	42	11
22468	162	44	12
22469	247	68	18
22470	299	81	22
22471	282	76	21
22472	282	76	21
22473	116	32	9
22474	299	81	22
22475	287	77	21
22476	162	44	12
22477	208	57	15
22478	266	73	20
22479	217	59	16
22481	146	40	11
22482	281	76	21
22483	244	66	18
22484	282	76	21
22485	212	57	15
22486	209	57	15
22487	208	57	15
22488	281	76	21
22489	242	66	18
22490	281	76	21
22491	247	68	18
22492	217	59	16
22493	167	46	12
22494	244	66	18
22495	247	68	18
22496	247	68	18
22497	217	59	16
22498	246	67	18
22499	247	68	18
22500	241	66	18
22501	223	61	16
22502	281	76	21
22503	247	68	18
22504	247	68	18
22505	246	67	18
22506	247	68	18
22507	247	68	18
22508	246	67	18
22509	281	76	21
22510	237	65	17
22511	281	76	21
22513	217	59	16
22514	225	61	16
22515	281	76	21
22516	286	77	21
22517	168	46	12
22518	154	42	11
22519	200	55	15
22520	243	66	18
22521	281	76	21
22522	158	43	12
22523	154	42	11
22524	161	44	12
22525	216	58	15
22526	279	76	21
22527	158	43	12
22528	40	10	3
22529	286	77	21
22530	284	77	21
22531	262	72	20
22532	225	61	16
22533	242	66	18
22534	247	68	18
22535	282	76	21
22536	287	77	21
22537	159	44	12
22538	198	54	15
22539	198	54	15
22540	198	54	15
22541	198	54	15
22542	198	54	15
22543	252	69	19
22544	198	54	15
22545	198	54	15
22546	198	54	15
22547	198	54	15
22548	198	54	15
22549	278	75	21
22550	201	55	15
22551	198	54	15
22552	48	12	4
22553	198	54	15
22554	277	75	21
22555	243	66	18
22556	198	54	15
22557	198	54	15
22558	198	54	15
22559	198	54	15
22560	33	8	3
22561	198	54	15
22562	198	54	15
22563	268	73	20
22564	243	66	18
22565	245	67	18
22566	279	76	21
22567	242	66	18
22568	247	68	18
22569	167	46	12
22570	159	44	12
22571	280	76	21
22572	282	76	21
22573	167	46	12
22574	282	76	21
22575	181	49	13
22576	240	66	18
22577	167	46	12
22578	167	46	12
22579	155	43	12
22580	280	76	21
22581	181	49	13
22582	181	49	13
22583	143	40	11
22584	240	66	18
22585	167	46	12
22586	279	76	21
22587	249	68	18
22588	248	68	18
22589	158	43	12
22590	249	68	18
22591	158	43	12
22592	260	71	19
22593	94	25	7
22594	280	76	21
22595	281	76	21
22596	147	41	11
22597	213	58	15
22598	249	68	18
22599	234	64	17
22600	204	56	15
22601	245	67	18
22602	241	66	18
22603	212	57	15
22604	245	67	18
22605	40	10	3
22606	245	67	18
22607	248	68	18
22608	244	66	18
22609	281	76	21
22610	287	77	21
22611	282	76	21
22612	168	46	12
22613	162	44	12
22614	284	77	21
22615	223	61	16
22616	181	49	13
22617	281	76	21
22618	287	77	21
22619	243	66	18
22620	285	77	21
22621	282	76	21
22622	251	69	19
22623	40	10	3
22624	39	10	3
22625	217	59	16
22626	281	76	21
22627	213	58	15
22628	208	57	15
22629	247	68	18
22630	246	67	18
22631	131	36	9
22632	19	4	2
22633	131	36	9
22634	131	36	9
22635	202	55	15
22636	202	55	15
22637	202	55	15
22638	131	36	9
22639	131	36	9
22640	202	55	15
22641	202	55	15
22642	131	36	9
22643	132	36	9
22644	202	55	15
22645	131	36	9
22646	295	80	22
22647	108	30	8
22648	131	36	9
22649	120	33	9
22650	131	36	9
22651	184	50	14
22652	184	50	14
22653	131	36	9
22654	184	50	14
22655	131	36	9
22656	131	36	9
22657	182	50	14
22658	120	33	9
22659	299	81	22
22660	184	50	14
22661	131	36	9
22662	132	36	9
22663	296	80	22
22664	296	80	22
22665	130	36	9
22666	296	80	22
22667	132	36	9
22668	296	80	22
22669	295	80	22
22670	296	80	22
22671	289	78	22
22672	296	80	22
22673	300	81	22
22674	300	81	22
22675	114	31	8
22676	229	63	17
22677	299	81	22
22678	131	36	9
22679	295	80	22
22680	299	81	22
22681	296	80	22
22682	136	38	10
22683	131	36	9
22684	270	74	20
22685	231	63	17
22686	202	55	15
22687	202	55	15
22688	19	4	2
22689	19	4	2
22690	131	36	9
22691	19	4	2
22692	118	32	9
22693	131	36	9
22694	279	76	21
22695	277	75	21
22696	294	79	22
22697	279	76	21
22698	279	76	21
22699	276	75	21
22700	277	75	21
22701	276	75	21
22702	294	79	22
22703	244	66	18
22704	279	76	21
22705	292	79	22
22706	279	76	21
22707	279	76	21
22708	276	75	21
22709	293	79	22
22710	276	75	21
22711	279	76	21
22712	276	75	21
22713	291	79	22
22714	294	79	22
22715	158	43	12
22716	235	65	17
22717	279	76	21
22718	280	76	21
22719	280	76	21
22720	280	76	21
22721	280	76	21
22722	158	43	12
22723	292	79	22
22724	199	54	15
22725	264	72	20
22726	264	72	20
22727	41	11	3
22728	210	57	15
22729	264	72	20
22730	264	72	20
22731	299	81	22
22732	264	72	20
22733	6	1	1
22734	299	81	22
22735	41	11	3
22736	203	55	15
22737	115	31	8
22738	210	57	15
22739	264	72	20
22740	210	57	15
22741	117	32	9
22742	131	36	9
22743	41	11	3
22744	121	34	9
22745	291	79	22
22746	296	80	22
22747	210	57	15
22748	264	72	20
22749	129	36	9
22750	210	57	15
22751	234	64	17
22752	24	6	2
22753	275	75	21
22754	131	36	9
22755	296	80	22
22756	280	76	21
22757	264	72	20
22758	4	1	1
22759	264	72	20
22760	270	74	20
22761	195	53	14
22762	131	36	9
22763	37	9	3
22764	299	81	22
22765	21	5	2
22766	32	8	3
22767	210	57	15
22768	106	29	8
22769	199	54	15
22770	21	5	2
22771	270	74	20
22772	203	55	15
22773	288	78	22
22774	134	37	10
22775	203	55	15
22776	270	74	20
22777	142	39	11
22778	234	64	17
22779	296	80	22
22780	210	57	15
22781	264	72	20
22782	162	44	12
22783	131	36	9
22784	275	75	21
22785	300	81	22
22786	300	81	22
22787	210	57	15
22788	13	3	1
22789	210	57	15
22790	210	57	15
22791	300	81	22
22792	264	72	20
22793	39	10	3
22794	289	78	22
22795	270	74	20
22796	264	72	20
22797	291	79	22
22798	264	72	20
22799	74	19	6
22800	234	64	17
22801	148	41	11
22802	41	11	3
22803	202	55	15
22804	298	81	22
22805	264	72	20
22806	274	75	21
22807	297	81	22
22808	268	73	20
22809	234	64	17
22810	264	72	20
22811	35	8	3
22812	143	40	11
22813	142	39	11
22814	145	40	11
22815	18	4	2
22816	289	78	22
22817	264	72	20
22818	199	54	15
22819	264	72	20
22820	25	6	2
22821	35	8	3
22822	298	81	22
22823	298	81	22
22824	272	74	20
22825	270	74	20
22826	265	73	20
22827	203	55	15
22828	268	73	20
22829	298	81	22
22830	268	73	20
22831	268	73	20
22832	268	73	20
22833	268	73	20
22834	268	73	20
22835	266	73	20
22836	266	73	20
22837	267	73	20
22838	268	73	20
22839	106	29	8
22840	269	74	20
22841	201	55	15
22842	214	58	15
22843	229	63	17
22844	233	64	17
22845	236	65	17
22846	280	76	21
22847	280	76	21
22848	292	79	22
22849	297	81	22
22850	235	65	17
22851	295	80	22
22852	276	75	21
22853	129	36	9
22854	298	81	22
22855	143	40	11
22856	276	75	21
22857	298	81	22
22858	280	76	21
22859	41	11	3
22860	278	75	21
22861	289	78	22
22862	280	76	21
22863	41	11	3
22864	148	41	11
22865	297	81	22
22866	133	37	10
22867	235	65	17
22868	300	81	22
22869	134	37	10
22870	274	75	21
22871	148	41	11
22872	270	74	20
22873	268	73	20
22874	266	73	20
22875	77	20	6
22876	120	33	9
22877	130	36	9
22878	120	33	9
22879	203	55	15
22880	268	73	20
22881	124	34	9
22882	270	74	20
22883	300	81	22
22884	294	79	22
22885	299	81	22
22886	276	75	21
22887	278	75	21
22888	274	75	21
22889	298	81	22
22890	274	75	21
22891	264	72	20
22892	293	79	22
22893	276	75	21
22894	298	81	22
22895	300	81	22
22896	123	34	9
22897	294	79	22
22898	182	50	14
22899	274	75	21
22900	174	47	13
22901	274	75	21
22902	56	14	4
22903	271	74	20
22904	264	72	20
22905	259	71	19
22906	144	40	11
22907	53	14	4
22908	146	40	11
22909	292	79	22
22910	274	75	21
22911	169	46	12
22912	41	11	3
22913	296	80	22
22914	274	75	21
22915	183	50	14
22916	277	75	21
22917	264	72	20
22918	268	73	20
22919	265	73	20
22920	265	73	20
22921	264	72	20
22922	28	7	2
22923	265	73	20
22924	231	63	17
22925	27	7	2
22926	138	38	10
22927	265	73	20
22928	193	53	14
22929	28	7	2
22930	264	72	20
22931	264	72	20
22932	264	72	20
22933	210	57	15
22934	265	73	20
22935	264	72	20
22936	20	4	2
22937	140	39	11
22938	270	74	20
22939	265	73	20
22940	41	11	3
22941	265	73	20
22942	292	79	22
22943	148	41	11
22944	292	79	22
22945	21	5	2
22946	230	63	17
22947	294	79	22
22948	41	11	3
22949	275	75	21
22950	292	79	22
22951	266	73	20
22952	275	75	21
22953	292	79	22
22954	234	64	17
22955	242	66	18
22956	300	81	22
22957	234	64	17
22958	242	66	18
22959	270	74	20
22960	290	78	22
22961	247	68	18
22962	214	58	15
22963	215	58	15
22964	276	75	21
22965	291	79	22
22966	264	72	20
22967	206	56	15
22968	123	34	9
22969	122	34	9
22970	77	20	6
22971	199	54	15
22972	108	30	8
22973	184	50	14
22974	234	64	17
22975	294	79	22
22976	240	66	18
22977	296	80	22
22978	184	50	14
22979	133	37	10
22980	247	68	18
22981	240	66	18
22982	240	66	18
22983	240	66	18
22984	240	66	18
22985	240	66	18
22986	240	66	18
22987	240	66	18
22988	240	66	18
22989	240	66	18
22990	240	66	18
22991	240	66	18
22992	240	66	18
22993	240	66	18
22994	240	66	18
22995	240	66	18
22996	240	66	18
22997	240	66	18
22998	240	66	18
22999	240	66	18
23000	240	66	18
23001	240	66	18
23002	240	66	18
23003	240	66	18
23004	240	66	18
23005	240	66	18
23006	240	66	18
23007	240	66	18
23008	240	66	18
23009	242	66	18
23010	242	66	18
23011	244	66	18
23012	240	66	18
23013	240	66	18
23014	240	66	18
23015	240	66	18
23016	240	66	18
23017	240	66	18
23018	241	66	18
23019	240	66	18
23020	240	66	18
23021	240	66	18
23022	244	66	18
23023	240	66	18
23024	240	66	18
23025	240	66	18
23026	240	66	18
23027	240	66	18
23028	240	66	18
23029	242	66	18
23030	242	66	18
23031	245	67	18
23032	243	66	18
23033	244	66	18
23034	244	66	18
23035	244	66	18
23036	243	66	18
23037	244	66	18
23038	233	64	17
23039	234	64	17
23040	244	66	18
23041	243	66	18
23042	234	64	17
23043	243	66	18
23044	244	66	18
23045	244	66	18
23046	244	66	18
23047	234	64	17
23048	244	66	18
23049	268	73	20
23050	244	66	18
23051	244	66	18
23052	242	66	18
23053	244	66	18
23054	244	66	18
23055	244	66	18
23056	241	66	18
23057	241	66	18
23058	241	66	18
23059	241	66	18
23060	241	66	18
23061	241	66	18
23062	241	66	18
23063	241	66	18
23064	241	66	18
23065	243	66	18
23066	241	66	18
23067	243	66	18
23068	241	66	18
23069	241	66	18
23070	243	66	18
23071	241	66	18
23072	256	70	19
23073	241	66	18
23074	241	66	18
23075	241	66	18
23076	241	66	18
23077	241	66	18
23078	241	66	18
23079	241	66	18
23080	241	66	18
23081	241	66	18
23082	242	66	18
23083	241	66	18
23084	241	66	18
23085	244	66	18
23086	240	66	18
23087	281	76	21
23088	244	66	18
23089	240	66	18
23090	240	66	18
23091	260	71	19
23092	240	66	18
23093	258	71	19
23094	240	66	18
23095	240	66	18
23096	242	66	18
23097	258	71	19
23098	240	66	18
23099	240	66	18
23100	254	69	19
23101	258	71	19
23102	240	66	18
23103	240	66	18
23104	255	70	19
23105	259	71	19
23106	240	66	18
23107	240	66	18
23108	259	71	19
23109	258	71	19
23110	240	66	18
23111	256	70	19
23112	244	66	18
23113	243	66	18
23114	240	66	18
23115	240	66	18
23116	256	70	19
23117	240	66	18
23118	240	66	18
23119	240	66	18
23120	260	71	19
23121	240	66	18
23122	241	66	18
23124	244	66	18
23125	244	66	18
23126	248	68	18
23127	240	66	18
23128	243	66	18
23129	244	66	18
23130	240	66	18
23131	244	66	18
23132	256	70	19
23133	260	71	19
23134	256	70	19
23135	244	66	18
23136	244	66	18
23137	244	66	18
23138	251	69	19
23139	240	66	18
23140	157	43	12
23141	256	70	19
23142	240	66	18
23143	281	76	21
23144	247	68	18
23145	248	68	18
23146	240	66	18
23147	245	67	18
23148	240	66	18
23149	256	70	19
23150	281	76	21
23151	256	70	19
23152	237	65	17
23153	244	66	18
23154	244	66	18
23155	297	81	22
23156	246	67	18
23157	244	66	18
23158	244	66	18
23159	286	77	21
23160	251	69	19
23161	159	44	12
23162	287	77	21
23163	270	74	20
23164	244	66	18
23165	244	66	18
23166	227	62	17
23167	260	71	19
23168	244	66	18
23169	260	71	19
23170	258	71	19
23171	242	66	18
23172	162	44	12
23173	236	65	17
23174	270	74	20
23175	244	66	18
23176	247	68	18
23177	259	71	19
23178	260	71	19
23179	242	66	18
23180	244	66	18
23181	153	42	11
23182	252	69	19
23183	240	66	18
23184	284	77	21
23185	240	66	18
23186	247	68	18
23187	240	66	18
23188	258	71	19
23189	241	66	18
23190	250	69	19
23191	260	71	19
23192	240	66	18
23193	252	69	19
23194	240	66	18
23195	241	66	18
23196	241	66	18
23197	242	66	18
23198	245	67	18
23199	260	71	19
23200	260	71	19
23201	241	66	18
23202	260	71	19
23203	260	71	19
23204	244	66	18
23205	258	71	19
23206	245	67	18
23207	154	42	11
23208	260	71	19
23209	260	71	19
23210	241	66	18
23211	260	71	19
23212	260	71	19
23213	167	46	12
23214	246	67	18
23215	240	66	18
23216	247	68	18
23217	247	68	18
23218	284	77	21
23219	283	77	21
23220	244	66	18
23221	167	46	12
23222	286	77	21
23223	281	76	21
23224	149	41	11
23225	284	77	21
23226	216	58	15
23227	123	34	9
23228	286	77	21
23229	286	77	21
23230	286	77	21
23231	284	77	21
23232	286	77	21
23233	243	66	18
23234	281	76	21
23235	286	77	21
23236	285	77	21
23237	281	76	21
23238	286	77	21
23239	255	70	19
23240	255	70	19
23241	255	70	19
23242	255	70	19
23243	284	77	21
23244	255	70	19
23245	255	70	19
23246	255	70	19
23247	252	69	19
23248	257	71	19
23249	255	70	19
23250	255	70	19
23251	255	70	19
23252	255	70	19
23253	255	70	19
23254	255	70	19
23255	255	70	19
23256	255	70	19
23257	242	66	18
23258	255	70	19
23259	241	66	18
23260	253	69	19
23261	257	71	19
23262	260	71	19
23263	255	70	19
23264	260	71	19
23265	236	65	17
23266	244	66	18
23267	244	66	18
23268	258	71	19
23269	256	70	19
23270	240	66	18
23271	258	71	19
23272	240	66	18
23273	258	71	19
23274	257	71	19
23275	256	70	19
23276	258	71	19
23277	240	66	18
23278	258	71	19
23279	255	70	19
23280	256	70	19
23281	258	71	19
23282	257	71	19
23283	256	70	19
23284	240	66	18
23285	258	71	19
23286	257	71	19
23287	243	66	18
23288	257	71	19
23289	257	71	19
23290	244	66	18
23291	258	71	19
23292	240	66	18
23293	258	71	19
23294	256	70	19
23295	244	66	18
23296	257	71	19
23297	260	71	19
23298	242	66	18
23299	258	71	19
23300	258	71	19
23301	240	66	18
23302	258	71	19
23303	256	70	19
23304	244	66	18
23305	242	66	18
23306	247	68	18
23307	255	70	19
23308	258	71	19
23309	260	71	19
23310	255	70	19
23311	257	71	19
23312	257	71	19
23313	252	69	19
23314	258	71	19
23315	257	71	19
23316	284	77	21
23317	241	66	18
23318	245	67	18
23319	285	77	21
23320	282	76	21
23321	232	64	17
23322	241	66	18
23323	246	67	18
23324	245	67	18
23325	243	66	18
23326	245	67	18
23327	281	76	21
23328	241	66	18
23329	245	67	18
23330	240	66	18
23331	246	67	18
23332	245	67	18
23333	220	60	16
23334	243	66	18
23335	241	66	18
23336	242	66	18
23337	281	76	21
23338	251	69	19
23339	240	66	18
23340	218	59	16
23341	256	70	19
23342	258	71	19
23343	241	66	18
23344	251	69	19
23345	256	70	19
23346	258	71	19
23347	256	70	19
23348	256	70	19
23349	258	71	19
23350	256	70	19
23351	258	71	19
23352	240	66	18
23353	256	70	19
23354	144	40	11
23355	258	71	19
23356	248	68	18
23357	258	71	19
23358	258	71	19
23359	256	70	19
23360	258	71	19
23361	258	71	19
23362	258	71	19
23363	258	71	19
23364	258	71	19
23365	258	71	19
23366	258	71	19
23367	256	70	19
23368	258	71	19
23369	287	77	21
23370	255	70	19
23371	284	77	21
23372	255	70	19
23373	255	70	19
23374	255	70	19
23375	255	70	19
23376	240	66	18
23377	255	70	19
23378	255	70	19
23379	240	66	18
23380	241	66	18
23381	255	70	19
23382	255	70	19
23383	256	70	19
23384	255	70	19
23385	255	70	19
23386	227	62	17
23387	244	66	18
23388	281	76	21
23389	243	66	18
23390	244	66	18
23391	284	77	21
23392	258	71	19
23393	281	76	21
23394	240	66	18
23395	240	66	18
23396	246	67	18
23397	240	66	18
23398	281	76	21
23399	281	76	21
23400	281	76	21
23401	281	76	21
23402	284	77	21
23403	284	77	21
23404	256	70	19
23405	248	68	18
23406	256	70	19
23407	159	44	12
23408	284	77	21
23409	260	71	19
23410	240	66	18
23411	216	58	15
23412	260	71	19
23413	255	70	19
23414	256	70	19
23415	255	70	19
23416	255	70	19
23417	260	71	19
23418	252	69	19
23419	260	71	19
23420	250	69	19
23421	258	71	19
23422	260	71	19
23423	251	69	19
23424	257	71	19
23425	157	43	12
23426	259	71	19
23427	258	71	19
23428	255	70	19
23429	256	70	19
23430	260	71	19
23431	258	71	19
23432	259	71	19
23433	260	71	19
23434	257	71	19
23435	256	70	19
23436	256	70	19
23437	256	70	19
23438	260	71	19
23439	256	70	19
23440	256	70	19
23441	244	66	18
23442	240	66	18
23443	255	70	19
23444	256	70	19
23445	258	71	19
23446	260	71	19
23447	258	71	19
23448	244	66	18
23449	240	66	18
23450	256	70	19
23451	248	68	18
23452	260	71	19
23453	258	71	19
23454	281	76	21
23455	256	70	19
23456	280	76	21
23457	256	70	19
23458	256	70	19
23459	244	66	18
23460	260	71	19
23461	256	70	19
23462	256	70	19
23463	244	66	18
23464	244	66	18
23465	234	64	17
23466	242	66	18
23467	242	66	18
23468	232	64	17
23469	242	66	18
23470	244	66	18
23471	244	66	18
23472	285	77	21
23473	244	66	18
23474	233	64	17
23475	256	70	19
23476	255	70	19
23477	240	66	18
23478	248	68	18
23479	248	68	18
23480	248	68	18
23481	248	68	18
23482	241	66	18
23483	237	65	17
23484	240	66	18
23485	240	66	18
23486	248	68	18
23487	240	66	18
23488	287	77	21
23489	254	69	19
23490	248	68	18
23491	256	70	19
23492	248	68	18
23493	248	68	18
23494	285	77	21
23495	243	66	18
23496	240	66	18
23497	240	66	18
23498	252	69	19
23499	240	66	18
23500	244	66	18
23501	256	70	19
23502	256	70	19
23503	281	76	21
23504	241	66	18
23505	260	71	19
23506	256	70	19
23507	244	66	18
23508	240	66	18
23509	258	71	19
23510	241	66	18
23511	260	71	19
23512	258	71	19
23513	256	70	19
23514	240	66	18
23515	256	70	19
23516	244	66	18
23517	281	76	21
23518	244	66	18
23519	258	71	19
23520	167	46	12
23521	258	71	19
23522	241	66	18
23523	241	66	18
23524	286	77	21
23525	240	66	18
23526	256	70	19
23527	240	66	18
23528	238	65	17
23529	256	70	19
23530	256	70	19
23531	251	69	19
23532	260	71	19
23533	260	71	19
23534	256	70	19
23535	287	77	21
23536	279	76	21
23537	246	67	18
23538	287	77	21
23539	240	66	18
23540	168	46	12
23541	241	66	18
23542	255	70	19
23543	255	70	19
23544	160	44	12
23545	184	50	14
23546	255	70	19
23547	254	69	19
23548	255	70	19
23549	255	70	19
23550	255	70	19
23551	255	70	19
23552	255	70	19
23553	255	70	19
23554	160	44	12
23555	255	70	19
23556	255	70	19
23557	256	70	19
23558	255	70	19
23559	160	44	12
23560	255	70	19
23561	259	71	19
23562	255	70	19
23563	255	70	19
23564	255	70	19
23565	286	77	21
23566	159	44	12
23567	260	71	19
23568	258	71	19
23569	257	71	19
23570	240	66	18
23571	244	66	18
23572	255	70	19
23573	162	44	12
23574	263	72	20
23575	255	70	19
23576	162	44	12
23577	255	70	19
23578	281	76	21
23579	263	72	20
23580	260	71	19
23581	243	66	18
23582	244	66	18
23583	260	71	19
23584	255	70	19
23585	244	66	18
23586	256	70	19
23587	240	66	18
23588	245	67	18
23589	240	66	18
23590	240	66	18
23591	256	70	19
23592	256	70	19
23593	256	70	19
23594	240	66	18
23595	240	66	18
23596	240	66	18
23597	240	66	18
23598	256	70	19
23599	240	66	18
23600	240	66	18
23601	281	76	21
23602	240	66	18
23603	240	66	18
23604	240	66	18
23605	257	71	19
23606	258	71	19
23607	258	71	19
23608	258	71	19
23609	258	71	19
23610	260	71	19
23611	258	71	19
23612	250	69	19
23613	255	70	19
23614	253	69	19
23615	259	71	19
23616	250	69	19
23617	250	69	19
23618	251	69	19
23619	250	69	19
23620	251	69	19
23621	258	71	19
23622	282	76	21
23623	250	69	19
23624	259	71	19
23625	251	69	19
23626	239	65	17
23627	250	69	19
23628	250	69	19
23629	240	66	18
23630	247	68	18
23631	248	68	18
23632	258	71	19
23633	247	68	18
23634	248	68	18
23635	247	68	18
23636	247	68	18
23637	247	68	18
23638	247	68	18
23639	258	71	19
23640	248	68	18
23641	248	68	18
23642	247	68	18
23643	244	66	18
23644	241	66	18
23645	249	68	18
23646	248	68	18
23647	241	66	18
23648	260	71	19
23649	241	66	18
23650	257	71	19
23651	245	67	18
23652	257	71	19
23653	260	71	19
23654	250	69	19
23655	241	66	18
23656	256	70	19
23657	241	66	18
23658	236	65	17
23659	256	70	19
23660	255	70	19
23661	257	71	19
23662	257	71	19
23663	242	66	18
23664	242	66	18
23665	241	66	18
23666	258	71	19
23667	257	71	19
23668	255	70	19
23669	258	71	19
23670	241	66	18
23671	260	71	19
23672	241	66	18
23673	250	69	19
23674	250	69	19
23675	235	65	17
23676	256	70	19
23677	251	69	19
23678	260	71	19
23679	258	71	19
23680	255	70	19
23681	257	71	19
23682	258	71	19
23683	257	71	19
23684	258	71	19
23685	281	76	21
23686	258	71	19
23687	259	71	19
23688	258	71	19
23689	255	70	19
23690	257	71	19
23691	259	71	19
23692	260	71	19
23693	250	69	19
23694	257	71	19
23695	260	71	19
23696	260	71	19
23697	257	71	19
23698	260	71	19
23699	257	71	19
23700	244	66	18
23701	260	71	19
23702	243	66	18
23703	256	70	19
23704	256	70	19
23705	256	70	19
23706	256	70	19
23707	258	71	19
23708	240	66	18
23709	258	71	19
23710	255	70	19
23711	256	70	19
23712	256	70	19
23713	243	66	18
23714	250	69	19
23715	258	71	19
23716	257	71	19
23717	251	69	19
23718	250	69	19
23719	244	66	18
23720	258	71	19
23721	260	71	19
23722	244	66	18
23723	256	70	19
23724	251	69	19
23725	167	46	12
23726	247	68	18
23727	284	77	21
23728	240	66	18
23729	256	70	19
23730	240	66	18
23731	244	66	18
23732	284	77	21
23733	242	66	18
23734	240	66	18
23735	240	66	18
23736	247	68	18
23737	167	46	12
23738	240	66	18
23739	240	66	18
23740	247	68	18
23741	167	46	12
23742	286	77	21
23743	244	66	18
23744	259	71	19
23745	255	70	19
23746	281	76	21
23747	240	66	18
23748	255	70	19
23749	256	70	19
23750	162	44	12
23751	255	70	19
23752	260	71	19
23753	281	76	21
23754	256	70	19
23755	286	77	21
23756	281	76	21
23757	255	70	19
23758	260	71	19
23759	256	70	19
23760	285	77	21
23761	281	76	21
23762	260	71	19
23763	259	71	19
23764	283	77	21
23765	256	70	19
23766	255	70	19
23767	241	66	18
23768	241	66	18
23769	256	70	19
23770	258	71	19
23771	250	69	19
23772	255	70	19
23773	255	70	19
23774	272	74	20
23775	272	74	20
23776	272	74	20
23777	245	67	18
23778	136	38	10
23779	49	12	4
23780	272	74	20
23781	300	81	22
23782	72	19	6
23783	161	44	12
23784	272	74	20
23785	296	80	22
23786	285	77	21
23787	271	74	20
23788	296	80	22
23789	262	72	20
23790	246	67	18
23791	170	46	12
23792	14	3	1
23793	247	68	18
23794	65	17	5
23795	184	50	14
23796	98	26	7
23797	184	50	14
23798	263	72	20
23799	162	44	12
23800	161	44	12
23801	296	80	22
23802	286	77	21
23803	184	50	14
23804	184	50	14
23805	86	23	7
23806	161	44	12
23807	3	1	1
23808	269	74	20
23809	154	42	11
23810	111	30	8
23811	161	44	12
23812	96	26	7
23813	94	25	7
23814	272	74	20
23815	123	34	9
23816	161	44	12
23817	148	41	11
23818	286	77	21
23819	162	44	12
23820	172	47	13
23821	162	44	12
23822	225	61	16
23823	161	44	12
23824	159	44	12
23825	161	44	12
23826	271	74	20
23827	210	57	15
23828	24	6	2
23829	37	9	3
23830	24	6	2
23831	6	1	1
23832	273	75	21
23833	162	44	12
23834	279	76	21
23835	95	26	7
23836	272	74	20
23837	198	54	15
23838	198	54	15
23839	159	44	12
23840	205	56	15
23841	40	10	3
23842	271	74	20
23843	162	44	12
23844	24	6	2
23845	72	19	6
23846	205	56	15
23847	222	60	16
23848	157	43	12
23849	158	43	12
23850	276	75	21
23851	157	43	12
23852	157	43	12
23853	169	46	12
23854	158	43	12
23855	158	43	12
23856	55	14	4
23857	157	43	12
23858	158	43	12
23859	158	43	12
23860	158	43	12
23861	157	43	12
23862	157	43	12
23863	55	14	4
23864	158	43	12
23865	158	43	12
23866	54	14	4
23867	157	43	12
23868	279	76	21
23869	157	43	12
23870	170	46	12
23871	162	44	12
23872	270	74	20
23873	270	74	20
23874	272	74	20
23875	271	74	20
23876	159	44	12
23877	271	74	20
23878	34	8	3
23879	271	74	20
23880	272	74	20
23881	271	74	20
23882	270	74	20
23883	211	57	15
23884	207	56	15
23885	231	63	17
23886	270	74	20
23887	300	81	22
23888	271	74	20
23889	296	80	22
23890	300	81	22
23891	200	55	15
23892	288	78	22
23893	300	81	22
23894	269	74	20
23895	288	78	22
23896	289	78	22
23897	270	74	20
23898	52	13	4
23899	272	74	20
23900	89	24	7
23901	256	70	19
23902	240	66	18
23903	225	61	16
23904	184	50	14
23905	272	74	20
23906	177	48	13
23907	162	44	12
23908	162	44	12
23909	161	44	12
23910	161	44	12
23911	240	66	18
23912	240	66	18
23913	271	74	20
23914	134	37	10
23915	97	26	7
23916	72	19	6
23917	271	74	20
23918	229	63	17
23919	272	74	20
23920	272	74	20
23921	113	31	8
23922	96	26	7
23923	147	41	11
23924	271	74	20
23925	271	74	20
23926	296	80	22
23927	296	80	22
23928	17	3	1
23929	17	3	1
23930	162	44	12
23931	200	55	15
23932	147	41	11
23933	276	75	21
23934	201	55	15
23935	201	55	15
23936	271	74	20
23937	271	74	20
23938	271	74	20
23939	229	63	17
23940	130	36	9
23941	271	74	20
23942	271	74	20
23943	201	55	15
23944	271	74	20
23945	270	74	20
23946	271	74	20
23947	23	5	2
23948	271	74	20
23949	125	35	9
23950	147	41	11
23951	271	74	20
23952	271	74	20
23953	23	5	2
23954	128	35	9
23955	271	74	20
23956	271	74	20
23957	111	30	8
23958	126	35	9
23959	128	35	9
23960	171	47	13
23961	52	13	4
23962	229	63	17
23963	49	12	4
23964	185	51	14
23965	115	31	8
23966	153	42	11
23967	52	13	4
23968	240	66	18
23969	271	74	20
23970	169	46	12
23971	152	42	11
23972	240	66	18
23973	184	50	14
23974	170	46	12
23975	187	51	14
23976	157	43	12
23977	13	3	1
23978	271	74	20
23979	52	13	4
23980	157	43	12
23981	181	49	13
23982	300	81	22
23983	172	47	13
23984	172	47	13
23985	162	44	12
23986	170	46	12
23987	63	16	5
23988	51	13	4
23989	170	46	12
23990	131	36	9
23991	162	44	12
23992	162	44	12
23993	272	74	20
23994	162	44	12
23995	153	42	11
23996	271	74	20
23997	242	66	18
23998	271	74	20
23999	272	74	20
24000	84	22	6
24001	262	72	20
24002	271	74	20
24003	272	74	20
24004	272	74	20
24005	162	44	12
24006	170	46	12
24007	161	44	12
24008	201	55	15
24009	162	44	12
24010	81	22	6
24011	225	61	16
24012	162	44	12
24013	162	44	12
24014	175	47	13
24015	161	44	12
24016	167	46	12
24017	123	34	9
24018	147	41	11
24019	91	24	7
24020	221	60	16
24021	269	74	20
24022	147	41	11
24023	184	50	14
24024	147	41	11
24025	189	52	14
24026	180	49	13
24027	147	41	11
24028	231	63	17
24029	172	47	13
24030	115	31	8
24031	296	80	22
24032	113	31	8
24033	115	31	8
24034	114	31	8
24035	114	31	8
24036	119	33	9
24037	296	80	22
24038	123	34	9
24039	114	31	8
24040	300	81	22
24041	296	80	22
24042	296	80	22
24043	98	26	7
24044	292	79	22
24045	269	74	20
24046	111	30	8
24047	271	74	20
24048	242	66	18
24049	131	36	9
24050	23	5	2
24051	217	59	16
24052	262	72	20
24053	162	44	12
24054	162	44	12
24055	272	74	20
24056	281	76	21
24057	87	23	7
24058	257	71	19
24059	124	34	9
24060	122	34	9
24061	225	61	16
24062	270	74	20
24063	136	38	10
24064	73	19	6
24065	205	56	15
24066	123	34	9
24067	111	30	8
24068	286	77	21
24069	271	74	20
24070	159	44	12
24071	159	44	12
24072	271	74	20
24073	161	44	12
24074	115	31	8
24075	300	81	22
24076	159	44	12
24077	111	30	8
24078	296	80	22
24079	296	80	22
24080	296	80	22
24081	271	74	20
24082	244	66	18
24083	184	50	14
24084	184	50	14
24085	111	30	8
24086	161	44	12
24087	164	45	12
24088	162	44	12
24089	271	74	20
24090	225	61	16
24091	271	74	20
24092	272	74	20
24093	84	22	6
24094	21	5	2
24095	271	74	20
24096	144	40	11
24097	271	74	20
24098	271	74	20
24099	183	50	14
24100	272	74	20
24101	296	80	22
24102	161	44	12
24103	117	32	9
24104	271	74	20
24105	124	34	9
24106	143	40	11
24107	291	79	22
24108	161	44	12
24109	161	44	12
24110	184	50	14
24111	211	57	15
24112	86	23	7
24113	272	74	20
24114	201	55	15
24115	46	12	4
24116	162	44	12
24117	124	34	9
24118	168	46	12
24119	110	30	8
24120	162	44	12
24121	120	33	9
24122	108	30	8
24123	263	72	20
24124	16	3	1
24125	231	63	17
24126	205	56	15
24127	211	57	15
24128	31	8	3
24129	118	32	9
24130	184	50	14
24131	184	50	14
24132	271	74	20
24133	162	44	12
24134	272	74	20
24135	52	13	4
24136	270	74	20
24137	46	12	4
24138	184	50	14
24139	184	50	14
24140	184	50	14
24141	271	74	20
24142	184	50	14
24143	272	74	20
24144	184	50	14
24145	161	44	12
24146	184	50	14
24147	159	44	12
24148	161	44	12
24149	187	51	14
24150	208	57	15
24151	272	74	20
24152	240	66	18
24153	264	72	20
24154	159	44	12
24155	43	11	3
24156	270	74	20
24157	59	15	5
24158	162	44	12
24159	83	22	6
24160	197	54	15
24161	72	19	6
24162	88	23	7
24163	138	38	10
24164	162	44	12
24165	188	51	14
24166	114	31	8
24167	271	74	20
24168	272	74	20
24169	95	26	7
24170	272	74	20
24171	247	68	18
24172	285	77	21
24173	177	48	13
24174	272	74	20
24175	272	74	20
24176	148	41	11
24177	268	73	20
24178	169	46	12
24179	198	54	15
24180	241	66	18
24181	162	44	12
24182	198	54	15
24183	264	72	20
24184	159	44	12
24185	170	46	12
24186	124	34	9
24187	162	44	12
24188	296	80	22
24189	92	25	7
24190	132	36	9
24191	271	74	20
24192	162	44	12
24193	162	44	12
24194	64	16	5
24195	131	36	9
24196	271	74	20
24197	184	50	14
24198	175	47	13
24199	52	13	4
24200	161	44	12
24201	183	50	14
24202	184	50	14
24203	49	12	4
24204	271	74	20
24205	271	74	20
24206	84	22	6
24207	262	72	20
24208	271	74	20
24209	184	50	14
24210	262	72	20
24211	72	19	6
24212	200	55	15
24213	72	19	6
24214	275	75	21
24215	275	75	21
24216	271	74	20
24217	94	25	7
24218	271	74	20
24219	271	74	20
24220	272	74	20
24221	198	54	15
24222	271	74	20
24223	200	55	15
24224	284	77	21
24225	284	77	21
24226	283	77	21
24227	281	76	21
24228	282	76	21
24229	284	77	21
24230	284	77	21
24231	283	77	21
24232	284	77	21
24233	242	66	18
24234	240	66	18
24235	232	64	17
24236	240	66	18
24237	247	68	18
24238	240	66	18
24239	168	46	12
24240	240	66	18
24241	232	64	17
24242	240	66	18
24243	242	66	18
24244	242	66	18
24245	240	66	18
24246	240	66	18
24247	247	68	18
24248	232	64	17
24249	232	64	17
24250	242	66	18
24251	280	76	21
24252	184	50	14
24253	245	67	18
24254	184	50	14
24255	158	43	12
24256	247	68	18
24257	290	78	22
24258	247	68	18
24259	184	50	14
24260	184	50	14
24261	280	76	21
24262	280	76	21
24263	247	68	18
24264	182	50	14
24265	184	50	14
24266	247	68	18
24267	184	50	14
24268	184	50	14
24269	182	50	14
24270	182	50	14
24271	280	76	21
24272	247	68	18
24273	247	68	18
24274	247	68	18
24275	240	66	18
24276	246	67	18
24277	247	68	18
24278	240	66	18
24279	287	77	21
24280	247	68	18
24281	22	5	2
24282	247	68	18
24283	247	68	18
24284	245	67	18
24285	240	66	18
24286	247	68	18
24287	246	67	18
24288	284	77	21
24289	247	68	18
24290	242	66	18
24291	247	68	18
24292	240	66	18
24293	247	68	18
24294	256	70	19
24295	182	50	14
24296	168	46	12
24297	256	70	19
24298	280	76	21
24299	168	46	12
24300	168	46	12
24301	168	46	12
24302	168	46	12
24303	284	77	21
24304	232	64	17
24305	128	35	9
24306	263	72	20
24307	210	57	15
24308	206	56	15
24309	232	64	17
24310	242	66	18
24311	126	35	9
24312	123	34	9
24313	232	64	17
24314	168	46	12
24315	127	35	9
24316	133	37	10
24317	149	41	11
24318	102	28	8
24319	247	68	18
24320	182	50	14
24321	233	64	17
24322	173	47	13
24323	180	49	13
24324	160	44	12
24325	166	45	12
24326	160	44	12
24327	184	50	14
24328	174	47	13
24329	178	48	13
24330	160	44	12
24331	160	44	12
24332	160	44	12
24333	178	48	13
24334	179	49	13
24335	175	47	13
24336	178	48	13
24337	160	44	12
24338	179	49	13
24339	184	50	14
24340	169	46	12
24341	184	50	14
24342	160	44	12
24343	255	70	19
24344	160	44	12
